RESPID,PHTYPE,top_household_concern,registered_vote,likely_to_vote,vote_choice,vote_choice_undecided,approve_trump,approve_biden,optimistic,elec_enthusiasm,economic_situation,focused_imp_issues,party,party_unaffiliated,political_leaning,education,age,age_bin,latino,race,gender,state,FINALWGT,vote_choice_recoded,party_recoded,age_recoded,race_recoded,male,education_recoded,region
11,2,20.0,True,1.0,9.0,9.0,False,False,True,3,3,True,9,1.0,2,5,53,,False,1,1,24.0,0.879980144,3.0,1.0,2.0,1,True,2,3.0
14,2,29.0,True,1.0,1.0,,True,False,True,1,2,True,3,1.0,2,5,28,,False,1,1,34.0,1.089499225,1.0,3.0,1.0,1,True,2,1.0
19,2,28.0,True,1.0,1.0,,True,False,True,1,2,True,1,,3,7,75,,False,1,1,37.0,0.52027335264,1.0,1.0,3.0,1,True,2,3.0
30,2,20.0,True,1.0,2.0,,False,True,True,1,2,False,2,,3,7,63,,False,1,2,37.0,0.573838917,2.0,2.0,3.0,1,False,2,3.0
43,2,20.0,True,1.0,8.0,1.0,False,True,False,2,2,True,4,1.0,2,7,47,,False,5,2,13.0,0.972233618,1.0,1.0,2.0,9,False,2,3.0
44,2,20.0,True,1.0,1.0,,True,False,True,3,2,True,3,1.0,3,7,65,,False,1,1,45.0,0.517684928,1.0,3.0,3.0,1,True,2,3.0
47,2,1.0,True,2.0,1.0,,False,False,False,2,1,False,4,1.0,2,3,50,,False,1,1,42.0,1.488708791,1.0,1.0,2.0,1,True,1,1.0
52,2,20.0,True,1.0,2.0,,False,False,False,1,2,False,2,,1,8,31,,False,1,1,34.0,0.628926985,2.0,2.0,1.0,1,True,2,1.0
60,2,20.0,True,1.0,1.0,,False,False,False,3,1,True,1,,2,6,48,,False,1,2,39.0,1.08035841549,1.0,1.0,2.0,1,False,2,2.0
65,1,20.0,True,1.0,1.0,,True,False,True,1,3,True,3,1.0,2,6,25,,False,1,1,9.0,1.089499225,1.0,3.0,1.0,1,True,2,1.0
72,2,20.0,True,1.0,2.0,,False,True,True,3,3,False,2,,1,8,26,,False,1,1,36.0,0.628926985,2.0,2.0,1.0,1,True,2,1.0
73,2,20.0,True,1.0,2.0,,False,False,False,2,2,False,2,,1,8,36,,False,1,2,6.0,0.460296464,2.0,2.0,2.0,1,False,2,4.0
74,1,20.0,True,1.0,1.0,,True,False,True,1,2,True,1,,2,7,70,,False,1,1,37.0,0.52027335264,1.0,1.0,3.0,1,True,2,3.0
77,1,13.0,True,1.0,2.0,,False,True,False,3,2,False,2,,1,3,87,,False,1,2,42.0,1.154740286,2.0,2.0,3.0,1,False,1,1.0
78,2,2.0,False,,,,False,False,False,2,2,False,3,2.0,1,8,25,,True,1,1,36.0,1.178210929,,3.0,1.0,4,True,2,1.0
81,2,8.0,True,4.0,8.0,1.0,False,False,False,3,2,True,9,9.0,3,2,29,,False,1,1,36.0,1.851177741,1.0,3.0,1.0,1,True,1,1.0
84,2,20.0,True,1.0,1.0,,False,False,True,1,2,False,1,,1,6,44,,True,4,1,12.0,1.732733905695,1.0,1.0,2.0,4,True,2,3.0
92,2,20.0,True,1.0,2.0,,False,False,False,2,2,False,2,,1,7,52,,False,1,1,36.0,0.426022133,2.0,2.0,2.0,1,True,2,1.0
95,2,20.0,False,,,,False,True,True,1,2,False,2,,1,3,75,,False,1,1,45.0,1.089506842,,2.0,3.0,1,True,1,3.0
97,2,20.0,True,1.0,1.0,,True,False,True,3,3,True,1,,2,5,67,,True,4,1,12.0,1.3287729507,1.0,1.0,3.0,4,True,2,3.0
107,2,20.0,True,1.0,2.0,,False,False,True,1,2,False,3,2.0,3,7,72,,False,1,1,37.0,0.517684928,2.0,3.0,3.0,1,True,2,3.0
117,2,2.0,True,1.0,2.0,,False,True,True,1,2,False,3,3.0,3,6,99,3.0,False,9,1,45.0,0.833792644,2.0,3.0,3.0,9,True,2,3.0
139,1,20.0,True,2.0,1.0,,False,False,True,2,2,False,2,,2,2,66,,False,1,2,54.0,1.207687133,1.0,2.0,3.0,1,False,1,3.0
143,2,20.0,True,1.0,1.0,,False,False,True,1,3,True,1,,2,5,68,,False,1,1,12.0,0.709296735480002,1.0,1.0,3.0,1,True,2,3.0
145,1,20.0,True,1.0,2.0,,False,False,False,2,2,True,2,,3,3,83,,False,1,2,36.0,1.154740286,2.0,2.0,3.0,1,False,1,1.0
146,1,14.0,True,1.0,2.0,,False,False,False,2,1,False,3,2.0,3,7,90,,False,1,2,13.0,0.573838917,2.0,3.0,3.0,1,False,2,3.0
149,2,20.0,True,1.0,2.0,,False,False,False,1,2,False,2,,1,8,50,,False,1,2,23.0,0.472233334,2.0,2.0,2.0,1,False,2,1.0
152,2,20.0,True,1.0,2.0,,False,False,True,1,3,False,2,,2,5,24,,True,5,1,45.0,2.134616516,2.0,2.0,1.0,4,True,2,3.0
178,2,2.0,True,1.0,2.0,,False,True,True,1,2,False,2,,3,8,54,,False,1,2,12.0,0.493886052,2.0,2.0,2.0,1,False,2,3.0
182,1,20.0,True,1.0,1.0,,True,False,False,1,1,True,1,,2,4,57,,False,1,2,13.0,1.213725568665,1.0,1.0,3.0,1,False,2,3.0
191,1,14.0,True,3.0,8.0,9.0,False,False,True,3,1,False,2,,3,3,36,,False,1,1,34.0,1.488708791,3.0,2.0,2.0,1,True,1,1.0
193,2,20.0,True,1.0,1.0,,True,False,False,3,2,True,1,,2,5,67,,False,1,2,45.0,0.786235118504999,1.0,1.0,3.0,1,False,2,3.0
203,2,1.0,True,1.0,2.0,,False,True,False,2,2,True,3,2.0,3,6,58,,False,2,2,36.0,1.007586439,2.0,3.0,3.0,2,False,2,1.0
205,1,1.0,True,3.0,1.0,,False,False,True,1,2,True,1,,3,7,25,,True,4,1,36.0,1.184101983645,1.0,1.0,1.0,4,True,2,1.0
207,2,20.0,False,,,,False,False,False,2,2,False,2,,1,7,28,,False,1,1,34.0,0.628926985,,2.0,1.0,1,True,2,1.0
211,2,1.0,True,1.0,2.0,,False,True,True,3,2,False,3,2.0,3,5,57,,False,1,1,51.0,0.705767896,2.0,3.0,3.0,1,True,2,3.0
238,1,2.0,False,,,,True,False,False,9,2,False,1,,4,1,92,,False,1,2,36.0,1.16051398743,,1.0,3.0,1,False,1,1.0
241,2,3.0,True,1.0,8.0,9.0,False,False,False,3,2,False,9,9.0,4,4,40,,False,1,1,42.0,1.488708791,3.0,3.0,2.0,1,True,2,1.0
249,2,4.0,True,1.0,2.0,,False,False,True,3,1,False,2,,1,7,31,,False,3,1,34.0,1.238066869,2.0,2.0,1.0,3,True,2,1.0
251,2,20.0,True,2.0,6.0,1.0,True,False,True,3,3,True,3,1.0,2,5,48,,False,1,1,51.0,0.920328761,1.0,3.0,2.0,1,True,2,3.0
260,1,20.0,True,1.0,2.0,,False,False,False,1,2,False,2,,1,7,35,,False,1,1,37.0,0.445555987,2.0,2.0,2.0,1,True,2,3.0
271,1,20.0,True,1.0,1.0,,True,False,True,1,3,True,1,,2,7,57,,False,1,2,12.0,0.576708111585,1.0,1.0,3.0,1,False,2,3.0
274,1,20.0,True,1.0,2.0,,False,False,False,2,2,False,2,,3,7,55,,False,2,1,12.0,0.69731913,2.0,2.0,3.0,2,True,2,3.0
280,2,20.0,False,,,,True,False,True,1,2,True,3,1.0,3,5,41,,False,2,1,12.0,1.239678453,,3.0,2.0,2,True,2,3.0
291,2,20.0,True,1.0,2.0,,False,False,True,3,2,False,2,,3,7,33,,False,1,2,11.0,0.697147552,2.0,2.0,1.0,1,False,2,3.0
293,2,20.0,True,1.0,2.0,,False,False,False,1,1,False,4,1.0,3,8,47,,False,1,1,36.0,0.426022133,2.0,1.0,2.0,1,True,2,1.0
296,2,20.0,True,2.0,2.0,,False,False,False,2,2,False,2,,1,7,65,,False,1,1,34.0,0.494988831,2.0,2.0,3.0,1,True,2,1.0
297,2,28.0,True,1.0,1.0,,False,False,False,3,2,True,1,,3,7,29,,False,1,2,42.0,0.700633289760002,1.0,1.0,1.0,1,False,2,1.0
310,2,20.0,True,1.0,2.0,,False,True,True,1,2,False,2,,3,3,64,,False,2,2,34.0,1.55542966,2.0,2.0,3.0,2,False,1,1.0
313,1,9.0,True,1.0,1.0,,False,False,True,3,1,True,1,,2,3,59,,False,1,1,36.0,1.046949904995,1.0,1.0,3.0,1,True,1,1.0
316,2,28.0,True,1.0,1.0,,True,False,True,3,2,True,1,,2,7,58,,False,1,1,51.0,0.52027335264,1.0,1.0,3.0,1,True,2,3.0
318,1,20.0,True,1.0,2.0,,False,True,True,1,1,False,2,,3,4,66,,False,2,1,36.0,1.403220429,2.0,2.0,3.0,2,True,2,1.0
319,1,30.0,True,1.0,1.0,,True,False,False,1,2,False,1,,3,6,70,,False,1,2,36.0,0.751765371225,1.0,1.0,3.0,1,False,2,1.0
320,1,20.0,True,1.0,1.0,,True,False,True,3,1,True,3,1.0,2,7,75,,False,1,1,12.0,0.517684928,1.0,3.0,3.0,1,True,2,3.0
322,2,20.0,False,,,,True,False,False,3,2,True,1,,2,5,50,,False,1,2,54.0,1.025258865375,,1.0,2.0,1,False,2,3.0
326,2,20.0,True,1.0,8.0,9.0,False,True,False,2,1,False,4,2.0,2,6,32,,False,2,2,24.0,1.626737438,3.0,2.0,1.0,2,False,2,3.0
334,1,20.0,True,1.0,2.0,,False,True,True,2,1,False,2,,3,7,64,,False,1,2,36.0,0.548680943,2.0,2.0,3.0,1,False,2,1.0
344,2,2.0,True,1.0,2.0,,False,True,True,3,2,False,2,,3,7,53,,False,2,1,24.0,0.573849782,2.0,2.0,2.0,2,True,2,3.0
346,1,20.0,False,,,,False,False,False,3,2,True,1,,3,2,77,,False,1,2,37.0,1.213725568665,,1.0,3.0,1,False,1,3.0
350,2,5.0,True,2.0,2.0,,False,True,True,1,2,False,1,,2,2,60,,False,1,2,42.0,1.16051398743,2.0,1.0,3.0,1,False,1,1.0
351,2,20.0,True,1.0,2.0,,False,True,True,3,2,False,2,,3,8,55,,False,1,2,36.0,0.548680943,2.0,2.0,3.0,1,False,2,1.0
363,1,9.0,True,1.0,2.0,,False,False,False,1,2,False,2,,1,8,65,,False,1,2,12.0,0.573838917,2.0,2.0,3.0,1,False,2,3.0
367,2,20.0,True,1.0,2.0,,False,True,False,3,1,False,2,,1,7,72,,False,1,2,12.0,0.573838917,2.0,2.0,3.0,1,False,2,3.0
376,1,1.0,True,1.0,1.0,,False,False,True,3,2,True,1,,2,3,82,,False,1,2,42.0,1.16051398743,1.0,1.0,3.0,1,False,1,1.0
383,2,20.0,True,1.0,2.0,,False,False,True,3,2,False,2,,1,3,83,,False,1,1,25.0,1.041741199,2.0,2.0,3.0,1,True,1,1.0
384,1,20.0,True,1.0,2.0,,False,False,False,1,2,False,2,,3,6,58,,False,1,2,26.0,0.824367198,2.0,2.0,3.0,1,False,2,2.0
386,2,20.0,True,1.0,1.0,,True,False,True,3,2,True,1,,1,5,70,,False,1,2,9.0,0.751765371225,1.0,1.0,3.0,1,False,2,1.0
391,1,30.0,True,1.0,1.0,,True,False,True,3,2,True,1,,2,3,60,,False,1,1,21.0,1.09495437621,1.0,1.0,3.0,1,True,1,3.0
393,2,20.0,True,1.0,8.0,9.0,False,False,True,2,3,False,1,,2,6,30,,True,4,1,9.0,2.05123682935499,3.0,1.0,1.0,4,True,2,1.0
403,2,3.0,True,3.0,1.0,,True,False,True,3,1,False,9,1.0,2,8,45,,False,1,1,37.0,0.445555987,1.0,1.0,2.0,1,True,2,3.0
406,1,20.0,True,1.0,1.0,,False,False,False,3,2,True,1,,2,7,76,,False,1,1,55.0,0.54823392798,1.0,1.0,3.0,1,True,2,2.0
409,1,20.0,True,2.0,2.0,,False,False,True,3,2,False,2,,1,7,70,,False,5,1,13.0,1.019082617,2.0,2.0,3.0,9,True,2,3.0
411,1,9.0,True,1.0,1.0,,True,False,True,3,2,True,1,,2,5,75,,False,1,2,42.0,0.751765371225,1.0,1.0,3.0,1,False,2,1.0
412,1,28.0,True,1.0,2.0,,False,False,True,2,2,False,2,,1,7,56,,False,1,1,12.0,0.517684928,2.0,2.0,3.0,1,True,2,3.0
416,1,20.0,False,,,,False,True,False,3,2,False,4,3.0,2,2,85,,False,2,2,13.0,1.62674881,,3.0,3.0,2,False,1,3.0
420,1,20.0,False,,,,False,False,True,3,2,True,3,3.0,3,3,55,,False,1,2,39.0,1.272590759,,3.0,3.0,1,False,1,2.0
425,2,1.0,False,,,,False,False,True,1,2,True,4,1.0,2,2,22,,False,1,1,19.0,2.040105221,,1.0,1.0,1,True,1,2.0
427,1,16.0,True,1.0,2.0,,False,False,True,1,2,True,2,,1,8,73,,False,1,1,42.0,0.494988831,2.0,2.0,3.0,1,True,2,1.0
429,1,20.0,True,1.0,1.0,,False,False,True,1,2,True,1,,2,6,43,,False,1,1,1.0,0.924930404804998,1.0,1.0,2.0,1,True,2,3.0
430,1,20.0,True,1.0,1.0,,False,False,False,2,3,True,1,,3,7,60,,False,1,2,45.0,0.576708111585,1.0,1.0,3.0,1,False,2,3.0
431,2,2.0,True,1.0,2.0,,False,False,True,1,1,False,2,,1,3,68,,False,1,1,51.0,1.089506842,2.0,2.0,3.0,1,True,1,3.0
445,1,28.0,True,1.0,1.0,,True,False,True,1,1,True,1,,2,2,91,,False,1,1,9.0,1.046949904995,1.0,1.0,3.0,1,True,1,1.0
448,2,20.0,False,,,,True,False,True,1,2,True,1,,3,8,65,,False,1,1,33.0,0.497463775155,,1.0,3.0,1,True,2,1.0
454,1,6.0,True,1.0,2.0,,False,True,True,3,1,True,2,,1,8,84,,False,2,2,39.0,0.814498676,2.0,2.0,3.0,2,False,2,2.0
455,1,20.0,True,1.0,2.0,,False,True,True,1,1,False,2,,1,7,56,,False,1,2,1.0,0.573838917,2.0,2.0,3.0,1,False,2,3.0
457,1,20.0,True,1.0,2.0,,False,False,True,3,1,False,2,,2,3,60,,False,2,1,18.0,1.546430286,2.0,2.0,3.0,2,True,1,2.0
461,2,1.0,True,1.0,2.0,,False,False,True,3,1,False,2,,1,5,25,,False,1,2,8.0,1.212802043,2.0,2.0,1.0,1,False,2,4.0
464,1,20.0,True,1.0,6.0,2.0,False,False,True,3,2,False,2,,1,8,72,,False,3,2,25.0,1.080099461,2.0,2.0,3.0,3,False,2,1.0
477,1,20.0,True,1.0,1.0,,True,False,True,3,2,True,1,,2,5,81,,False,1,1,48.0,0.681077221890001,1.0,1.0,3.0,1,True,2,3.0
479,2,20.0,True,1.0,2.0,,False,False,True,1,2,False,3,2.0,3,8,51,,False,1,1,20.0,0.469501096,2.0,3.0,2.0,1,True,2,2.0
480,2,2.0,True,1.0,2.0,,False,False,True,2,2,True,2,,3,7,29,,False,1,2,39.0,0.76829703,2.0,2.0,1.0,1,False,2,2.0
481,2,3.0,True,2.0,1.0,,False,False,True,3,2,True,3,3.0,3,3,62,,False,1,1,48.0,1.046160593,1.0,3.0,3.0,1,True,1,3.0
492,2,6.0,True,1.0,2.0,,False,False,True,2,1,False,3,2.0,1,8,74,,False,1,2,22.0,0.573838917,2.0,3.0,3.0,1,False,2,3.0
495,2,9.0,True,1.0,1.0,,True,False,True,3,1,True,1,,2,3,70,,False,1,2,47.0,1.213725568665,1.0,1.0,3.0,1,False,1,3.0
503,1,20.0,True,1.0,2.0,,False,True,True,1,2,False,2,,1,8,72,,False,1,2,48.0,0.55100862,2.0,2.0,3.0,1,False,2,3.0
509,1,20.0,True,1.0,2.0,,False,False,True,3,2,False,2,,3,7,45,,True,4,2,48.0,0.888419279,2.0,2.0,2.0,4,False,2,3.0
510,1,20.0,True,1.0,1.0,,True,False,True,3,2,True,4,1.0,2,8,52,,False,1,1,39.0,0.469501096,1.0,1.0,2.0,1,True,2,2.0
511,1,2.0,True,1.0,2.0,,False,True,True,1,2,False,3,2.0,1,5,77,,False,1,1,55.0,0.743697335,2.0,3.0,3.0,1,True,2,2.0
512,1,20.0,True,1.0,2.0,,False,True,True,9,2,False,2,,3,7,68,,False,1,2,48.0,0.55100862,2.0,2.0,3.0,1,False,2,3.0
514,1,20.0,True,1.0,2.0,,False,False,False,3,2,False,3,2.0,3,6,65,,False,1,1,19.0,0.743697335,2.0,3.0,3.0,1,True,2,2.0
515,1,20.0,True,1.0,2.0,,False,True,True,1,1,False,2,,1,5,81,,False,2,2,17.0,1.110418686,2.0,2.0,3.0,2,False,2,2.0
516,2,3.0,False,,,,False,False,True,3,2,True,3,3.0,3,6,55,,False,1,1,48.0,0.677688778,,3.0,3.0,1,True,2,3.0
521,1,30.0,True,1.0,1.0,,True,False,True,9,3,True,1,,4,5,57,,False,1,2,29.0,0.828489033990003,1.0,1.0,3.0,1,False,2,2.0
529,1,2.0,True,2.0,2.0,,False,True,False,1,1,False,2,,1,6,65,,False,1,2,38.0,0.824367198,2.0,2.0,3.0,1,False,2,2.0
536,1,2.0,True,2.0,1.0,,True,False,True,1,1,False,1,,2,8,72,,False,1,2,17.0,0.607701609089999,1.0,1.0,3.0,1,False,2,2.0
540,2,2.0,True,1.0,1.0,,True,False,True,1,2,True,1,,2,5,63,,False,1,2,5.0,0.786235118504999,1.0,1.0,3.0,1,False,2,3.0
547,2,20.0,True,1.0,1.0,,False,False,True,3,2,True,3,1.0,3,5,45,,False,1,2,48.0,0.979570881,1.0,3.0,2.0,1,False,2,3.0
551,1,20.0,True,1.0,1.0,,False,False,True,3,2,True,1,,2,4,47,,False,1,1,27.0,1.64884663509,1.0,1.0,2.0,1,True,2,2.0
558,1,20.0,True,1.0,2.0,,True,False,True,3,1,False,2,,3,6,73,,False,2,2,28.0,1.053786026,2.0,2.0,3.0,2,False,2,3.0
565,1,20.0,True,1.0,1.0,,True,False,True,3,2,True,1,,2,3,69,,False,1,2,39.0,1.278953712795,1.0,1.0,3.0,1,False,1,2.0
570,1,3.0,True,3.0,8.0,9.0,False,False,False,2,2,False,3,3.0,3,5,33,,False,2,2,29.0,1.792758991,3.0,3.0,1.0,2,False,2,2.0
589,2,20.0,True,3.0,9.0,9.0,False,False,True,3,2,True,1,,2,3,18,,False,1,1,27.0,2.050305747105,3.0,1.0,1.0,1,True,1,2.0
592,1,14.0,True,1.0,2.0,,False,False,True,2,1,False,2,,3,7,77,,False,1,1,17.0,0.545506396,2.0,2.0,3.0,1,True,2,2.0
601,2,20.0,True,1.0,8.0,1.0,True,False,True,1,2,True,3,1.0,2,3,64,,False,1,1,55.0,1.148059212,1.0,3.0,3.0,1,True,1,2.0
611,2,20.0,True,1.0,1.0,,False,False,True,1,3,True,3,1.0,2,8,62,,False,1,2,17.0,0.604678218,1.0,3.0,3.0,1,False,2,2.0
628,1,20.0,False,,,,False,True,False,3,3,False,2,,2,3,53,,False,2,2,47.0,2.324718707,,2.0,2.0,2,False,1,3.0
629,1,1.0,True,1.0,2.0,,False,True,True,3,1,False,2,,1,5,50,,False,2,1,47.0,1.239678453,2.0,2.0,2.0,2,True,2,3.0
635,1,20.0,True,1.0,1.0,,True,False,True,3,1,True,1,,1,3,50,,False,1,2,21.0,1.73448446193001,1.0,1.0,2.0,1,False,1,3.0
637,1,20.0,True,1.0,2.0,,False,False,True,1,1,False,2,,1,5,59,,False,2,2,39.0,1.110418686,2.0,2.0,3.0,2,False,2,2.0
638,2,3.0,True,1.0,8.0,9.0,True,True,False,2,1,False,2,,3,1,63,,False,2,1,17.0,1.546430286,3.0,2.0,3.0,2,True,1,2.0
648,1,9.0,True,1.0,1.0,,True,False,True,3,3,True,1,,3,3,66,,False,1,1,17.0,1.15379950806,1.0,1.0,3.0,1,True,1,2.0
650,2,5.0,True,1.0,2.0,,False,True,True,1,2,False,3,2.0,3,7,64,,False,1,1,17.0,0.545506396,2.0,3.0,3.0,1,True,2,2.0
654,1,13.0,False,,,,False,True,True,2,1,False,2,,1,2,70,,False,1,1,21.0,1.089506842,,2.0,3.0,1,True,1,3.0
656,2,16.0,True,1.0,2.0,,False,True,True,3,2,True,2,,3,7,83,,False,1,2,18.0,0.604678218,2.0,2.0,3.0,1,False,2,2.0
661,1,19.0,True,1.0,1.0,,False,False,False,3,1,True,3,1.0,2,7,62,,False,1,1,39.0,0.545506396,1.0,3.0,3.0,1,True,2,2.0
667,2,20.0,False,,,,False,False,True,3,2,True,1,,2,3,19,,False,1,1,55.0,2.050305747105,,1.0,1.0,1,True,1,2.0
670,2,9.0,False,,,,False,False,False,1,3,False,3,2.0,1,7,24,,False,1,1,21.0,0.657764379,,3.0,1.0,1,True,2,3.0
678,1,20.0,True,1.0,1.0,,True,False,True,1,1,True,1,,2,7,68,,False,1,2,28.0,0.576708111585,1.0,1.0,3.0,1,False,2,3.0
682,1,1.0,True,1.0,8.0,1.0,False,False,True,3,2,True,1,,2,7,71,,False,1,2,29.0,0.607701609089999,1.0,1.0,3.0,1,False,2,2.0
690,1,14.0,True,1.0,1.0,,True,False,True,3,2,True,1,,2,2,34,,False,1,1,29.0,2.050305747105,1.0,1.0,1.0,1,True,1,2.0
698,2,5.0,True,1.0,1.0,,True,False,True,3,2,True,1,,3,7,65,,False,1,1,37.0,0.52027335264,1.0,1.0,3.0,1,True,2,3.0
705,2,20.0,True,1.0,2.0,,False,True,False,3,2,False,2,,3,8,33,,False,3,2,48.0,1.378183657,2.0,2.0,1.0,3,False,2,3.0
706,1,9.0,True,1.0,2.0,,False,True,True,3,1,False,1,,1,8,58,,False,2,1,48.0,0.672924028740001,2.0,1.0,3.0,2,True,2,3.0
707,2,1.0,False,,,,False,False,False,2,1,False,4,2.0,1,5,25,,True,3,1,40.0,2.049690368,,2.0,1.0,4,True,2,3.0
708,2,20.0,True,2.0,8.0,9.0,False,False,False,2,1,False,3,2.0,3,8,45,,False,3,1,34.0,0.838640893,3.0,3.0,2.0,3,True,2,1.0
712,1,20.0,True,2.0,1.0,,False,False,True,2,2,True,3,1.0,2,3,74,,False,1,2,19.0,1.272590759,1.0,3.0,3.0,1,False,1,2.0
715,1,28.0,False,,,,False,False,False,3,1,False,2,,3,7,81,,False,1,2,4.0,0.55100862,,2.0,3.0,1,False,2,4.0
719,2,8.0,True,1.0,1.0,,False,False,True,3,2,True,3,1.0,2,7,59,,False,1,1,8.0,0.497088729,1.0,3.0,3.0,1,True,2,4.0
729,1,20.0,True,1.0,1.0,,True,False,True,3,2,True,1,,2,5,80,,False,1,2,32.0,0.754954596014999,1.0,1.0,3.0,1,False,2,4.0
734,1,20.0,True,1.0,2.0,,False,False,False,1,2,False,3,2.0,3,8,44,,False,2,2,48.0,0.638794569,2.0,3.0,2.0,2,False,2,3.0
741,1,20.0,True,1.0,1.0,,False,False,True,3,2,True,1,,2,7,99,2.0,False,1,2,48.0,0.47660787948,1.0,1.0,3.0,1,False,2,3.0
742,1,20.0,False,,,,False,False,False,3,2,False,1,,2,8,27,,False,3,2,6.0,1.344360178095,,1.0,1.0,3,False,2,4.0
743,1,20.0,True,1.0,1.0,,True,False,True,1,1,True,1,,2,3,86,,False,1,2,48.0,1.165437252285,1.0,1.0,3.0,1,False,1,3.0
746,2,20.0,True,1.0,2.0,,False,False,False,9,2,False,2,,3,8,99,2.0,False,3,2,6.0,0.906111226,2.0,2.0,3.0,3,False,2,4.0
749,2,9.0,True,1.0,1.0,,True,False,True,1,2,True,1,,2,9,82,,False,1,2,6.0,0.849108575775,1.0,1.0,3.0,1,False,3,4.0
759,2,20.0,True,1.0,2.0,,False,True,True,3,2,False,2,,3,8,71,,False,1,2,41.0,0.53481167,2.0,2.0,3.0,1,False,2,4.0
767,2,30.0,False,,,,False,False,True,3,2,True,9,9.0,4,7,72,,False,1,2,16.0,0.55100862,,3.0,3.0,1,False,2,4.0
784,2,2.0,True,2.0,1.0,,True,False,True,3,2,True,3,1.0,3,4,69,,False,1,2,30.0,1.159639057,1.0,3.0,3.0,1,False,2,4.0
797,2,20.0,False,,,,False,False,True,1,2,False,2,,3,2,18,,False,2,2,6.0,2.694136863,,2.0,1.0,2,False,1,4.0
801,2,28.0,True,1.0,1.0,,True,False,False,3,2,True,3,1.0,2,8,67,,False,1,2,32.0,0.55100862,1.0,3.0,3.0,1,False,2,4.0
803,2,20.0,True,1.0,1.0,,True,False,True,1,3,True,1,,2,3,52,,False,1,2,6.0,1.61652077592,1.0,1.0,2.0,1,False,1,4.0
818,2,3.0,True,5.0,,,False,False,False,2,1,False,2,,1,8,46,,False,1,2,6.0,0.460296464,,2.0,2.0,1,False,2,4.0
821,2,20.0,False,,,,False,False,True,3,2,False,1,,3,1,83,,False,1,2,16.0,1.165437252285,,1.0,3.0,1,False,1,4.0
857,2,1.0,True,1.0,1.0,,True,False,True,1,3,True,1,,2,4,66,,False,1,2,41.0,1.13117911479,1.0,1.0,3.0,1,False,2,4.0
879,2,3.0,True,1.0,2.0,,False,False,False,2,2,False,2,,1,5,22,,False,1,1,6.0,1.061959427,2.0,2.0,1.0,1,True,2,4.0
892,2,20.0,True,1.0,2.0,,False,False,True,3,2,False,3,3.0,2,7,44,,True,1,2,35.0,0.888419279,2.0,3.0,2.0,4,False,2,4.0
897,2,30.0,True,2.0,2.0,,False,False,True,3,2,False,3,2.0,3,3,19,,True,4,2,32.0,3.86041444,2.0,3.0,1.0,4,False,1,4.0
914,2,20.0,True,1.0,1.0,,True,False,True,1,3,True,3,1.0,2,3,61,,False,1,2,11.0,1.154740286,1.0,3.0,3.0,1,False,1,3.0
927,2,30.0,True,2.0,2.0,,False,False,True,3,2,False,1,,2,7,77,,False,1,2,6.0,0.53748572835,2.0,1.0,3.0,1,False,2,4.0
933,2,20.0,True,1.0,2.0,,False,True,False,3,3,False,3,2.0,2,5,72,,False,1,2,6.0,0.729117049,2.0,3.0,3.0,1,False,2,4.0
935,2,16.0,True,1.0,2.0,,False,False,False,3,2,False,4,2.0,1,3,64,,False,1,2,6.0,1.125551358,2.0,2.0,3.0,1,False,1,4.0
936,2,8.0,True,2.0,1.0,,False,False,True,3,2,True,1,,2,7,35,,False,1,1,41.0,0.41732963283,1.0,1.0,2.0,1,True,2,4.0
938,2,2.0,False,,,,True,False,True,1,1,False,4,1.0,3,5,68,,False,1,1,6.0,0.657768053,,1.0,3.0,1,True,2,4.0
948,2,20.0,True,1.0,2.0,,False,False,True,1,2,False,2,,1,8,60,,False,1,2,6.0,0.53481167,2.0,2.0,3.0,1,False,2,4.0
952,2,8.0,True,1.0,1.0,,True,False,True,1,3,True,1,,2,3,37,,False,1,1,6.0,1.4583333699,1.0,1.0,2.0,1,True,1,4.0
955,2,20.0,True,1.0,1.0,,False,False,False,2,1,False,4,1.0,4,3,34,,False,1,2,6.0,2.000108685,1.0,1.0,1.0,1,False,1,4.0
972,2,20.0,True,1.0,1.0,,False,False,True,3,2,True,3,1.0,3,3,65,,False,1,2,6.0,1.125551358,1.0,3.0,3.0,1,False,1,4.0
991,2,20.0,True,1.0,9.0,9.0,False,False,True,3,1,False,4,3.0,3,7,57,,False,9,1,6.0,0.569996985,3.0,3.0,3.0,9,True,2,4.0
993,2,20.0,False,,,,False,False,True,2,2,False,3,2.0,2,3,24,,False,3,2,53.0,3.937290585,,3.0,1.0,3,False,1,4.0
996,2,20.0,True,1.0,1.0,,True,False,True,1,1,True,3,1.0,2,3,61,,False,1,2,48.0,1.159639057,1.0,3.0,3.0,1,False,1,3.0
1003,2,20.0,True,1.0,1.0,,True,False,True,3,2,True,1,,3,6,66,,False,1,2,41.0,0.732762634245,1.0,1.0,3.0,1,False,2,4.0
1012,2,20.0,True,1.0,2.0,,False,False,False,1,2,False,2,,3,5,46,,False,1,1,6.0,0.85773646,2.0,2.0,2.0,1,True,2,4.0
1015,2,3.0,False,,,,False,False,True,3,1,False,4,2.0,3,2,37,,False,1,2,41.0,1.608478384,,2.0,2.0,1,False,1,4.0
1016,2,20.0,False,,,,True,False,True,1,2,True,1,,2,6,70,,False,1,2,53.0,0.732762634245,,1.0,3.0,1,False,2,4.0
1023,2,20.0,True,1.0,2.0,,False,False,False,2,1,False,2,,1,3,28,,False,5,2,6.0,3.937290585,2.0,2.0,1.0,9,False,1,4.0
1026,2,20.0,True,1.0,2.0,,False,False,False,2,2,False,3,2.0,3,7,36,,False,3,2,8.0,0.933553108,2.0,3.0,2.0,3,False,2,4.0
1027,2,2.0,True,1.0,2.0,,False,True,False,1,2,False,2,,1,8,82,,True,4,1,6.0,0.903855939,2.0,2.0,3.0,4,True,2,4.0
1028,2,20.0,True,1.0,2.0,,False,False,True,2,2,False,3,1.0,2,7,48,,True,4,1,6.0,0.777921866,2.0,3.0,2.0,4,True,2,4.0
1031,2,20.0,True,1.0,8.0,1.0,False,False,True,3,2,True,2,,3,6,29,,False,1,1,6.0,1.061959427,1.0,2.0,1.0,1,True,2,4.0
1035,2,3.0,False,,,,False,False,True,3,2,False,9,3.0,1,8,34,,False,3,2,6.0,1.337671819,,3.0,1.0,3,False,2,4.0
1037,2,20.0,True,3.0,8.0,9.0,False,False,True,2,3,False,3,2.0,3,8,99,2.0,False,2,1,53.0,0.559344304,3.0,3.0,3.0,2,True,2,4.0
1038,2,20.0,False,,,,False,False,False,3,2,False,2,,1,5,19,,True,4,1,6.0,1.989439527,,2.0,1.0,4,True,2,4.0
1047,2,5.0,False,,,,False,False,True,2,2,True,3,1.0,3,5,24,,False,1,1,53.0,1.061959427,,3.0,1.0,1,True,2,4.0
1049,2,20.0,True,1.0,2.0,,False,False,True,1,1,False,3,2.0,3,7,99,3.0,False,2,2,6.0,0.72038877,2.0,3.0,3.0,2,False,2,4.0
1053,2,20.0,True,1.0,2.0,,False,True,True,1,2,False,2,,1,5,73,,False,1,2,41.0,0.729117049,2.0,2.0,3.0,1,False,2,4.0
1057,2,20.0,True,1.0,6.0,2.0,False,False,False,3,2,False,3,2.0,1,6,31,,False,1,1,6.0,1.061959427,2.0,3.0,1.0,1,True,2,4.0
1060,2,20.0,False,,,,False,False,True,2,2,False,2,,1,5,72,,False,1,2,53.0,0.729117049,,2.0,3.0,1,False,2,4.0
1079,2,1.0,True,1.0,1.0,,True,False,True,1,2,True,1,,2,8,62,,False,1,1,51.0,0.52027335264,1.0,1.0,3.0,1,True,2,3.0
1083,1,30.0,True,1.0,1.0,,False,False,True,3,3,True,1,,3,7,71,,False,1,1,42.0,0.497463775155,1.0,1.0,3.0,1,True,2,1.0
1085,2,30.0,False,,,,True,True,False,3,2,True,1,,2,2,18,,False,1,2,13.0,2.15679456421501,,1.0,1.0,1,False,1,3.0
1086,2,20.0,True,1.0,1.0,,True,False,True,3,3,True,1,,4,6,53,,False,1,2,45.0,1.025258865375,1.0,1.0,2.0,1,False,2,3.0
1092,1,20.0,True,1.0,1.0,,False,False,True,3,2,True,1,,2,8,78,,False,1,1,12.0,0.52027335264,1.0,1.0,3.0,1,True,2,3.0
1095,1,10.0,True,1.0,1.0,,True,True,False,3,2,True,2,,2,7,73,,False,1,1,36.0,0.494988831,1.0,2.0,3.0,1,True,2,1.0
1100,2,20.0,True,1.0,2.0,,False,False,True,3,3,False,2,,3,8,37,,False,2,1,34.0,0.573849782,2.0,2.0,2.0,2,True,2,1.0
1106,2,1.0,True,2.0,2.0,,False,False,True,3,3,True,4,1.0,3,7,61,,False,1,1,37.0,0.517684928,2.0,1.0,3.0,1,True,2,3.0
1107,1,2.0,True,1.0,1.0,,True,False,True,3,2,True,1,,2,5,77,,False,1,2,13.0,0.786235118504999,1.0,1.0,3.0,1,False,2,3.0
1109,1,20.0,True,1.0,1.0,,False,False,True,3,2,True,3,1.0,2,7,31,,False,1,1,36.0,0.628926985,1.0,3.0,1.0,1,True,2,1.0
1118,2,13.0,True,1.0,6.0,2.0,False,False,False,3,2,False,2,,1,8,31,,False,2,2,13.0,0.982111704,2.0,2.0,1.0,2,False,2,3.0
1123,2,1.0,True,1.0,8.0,1.0,False,True,True,1,1,False,2,,3,6,57,,True,9,2,36.0,1.401325655,1.0,2.0,3.0,4,False,2,1.0
1145,2,20.0,True,1.0,2.0,,False,False,True,3,2,False,2,,1,7,27,,False,1,1,9.0,0.628926985,2.0,2.0,1.0,1,True,2,1.0
1158,1,13.0,True,1.0,1.0,,False,False,False,3,1,True,4,3.0,2,8,67,,False,1,1,42.0,0.494988831,1.0,3.0,3.0,1,True,2,1.0
1166,1,20.0,False,,,,False,True,True,3,1,False,2,,4,2,57,,False,1,1,36.0,1.041741199,,2.0,3.0,1,True,1,1.0
1168,2,9.0,True,1.0,1.0,,True,False,True,1,1,True,4,1.0,2,2,25,,False,1,1,48.0,1.859031019,1.0,1.0,1.0,1,True,1,3.0
1172,1,20.0,True,2.0,2.0,,False,True,True,1,1,False,2,,3,6,80,,False,1,2,12.0,0.782323501,2.0,2.0,3.0,1,False,2,3.0
1185,1,20.0,True,1.0,1.0,,True,False,True,2,2,True,3,1.0,3,3,51,,False,1,1,33.0,1.488708791,1.0,3.0,2.0,1,True,1,1.0
1187,1,6.0,True,1.0,2.0,,False,False,True,3,2,False,2,,3,7,66,,False,1,2,12.0,0.573838917,2.0,2.0,3.0,1,False,2,3.0
1192,2,20.0,True,1.0,1.0,,True,False,True,3,2,False,1,,2,5,63,,False,1,1,33.0,0.678200084775,1.0,1.0,3.0,1,True,2,1.0
1198,2,20.0,True,1.0,2.0,,False,False,False,2,1,False,3,2.0,1,7,60,,False,1,1,42.0,0.494988831,2.0,3.0,3.0,1,True,2,1.0
1203,1,28.0,True,1.0,1.0,,True,False,True,3,2,True,3,1.0,2,8,99,2.0,False,1,1,36.0,0.426022133,1.0,3.0,3.0,1,True,2,1.0
1209,2,20.0,False,,,,False,False,True,3,3,True,1,,3,5,19,,False,1,1,25.0,1.094946721125,,1.0,1.0,1,True,2,1.0
1211,1,29.0,True,1.0,1.0,,True,False,True,3,2,True,1,,2,7,20,,False,1,1,36.0,0.632071619925,1.0,1.0,1.0,1,True,2,1.0
1221,1,20.0,True,1.0,1.0,,False,False,True,3,2,True,1,,3,7,62,,False,1,2,45.0,0.576708111585,1.0,1.0,3.0,1,False,2,3.0
1222,1,20.0,True,1.0,1.0,,True,False,True,3,1,True,1,,2,4,47,,False,1,2,37.0,1.73448446193001,1.0,1.0,2.0,1,False,2,3.0
1225,2,15.0,True,1.0,2.0,,False,True,False,2,2,False,1,,3,8,39,,False,2,2,36.0,0.639276530250001,2.0,1.0,2.0,2,False,2,1.0
1228,2,20.0,True,1.0,1.0,,False,False,False,3,3,True,4,9.0,3,3,53,,False,1,1,51.0,1.556968673,1.0,3.0,2.0,1,True,1,3.0
1229,2,20.0,True,1.0,1.0,,False,False,True,3,2,True,3,1.0,3,7,75,,False,1,2,51.0,0.573838917,1.0,3.0,3.0,1,False,2,3.0
1231,1,30.0,False,,,,True,False,True,1,2,True,1,,3,3,86,,False,1,1,12.0,1.09495437621,,1.0,3.0,1,True,1,3.0
1232,2,2.0,True,1.0,2.0,,False,False,False,3,2,False,2,,1,8,44,,False,1,2,11.0,0.472233334,2.0,2.0,2.0,1,False,2,3.0
1238,1,20.0,True,1.0,1.0,,True,False,True,1,2,True,1,,2,3,42,,False,1,1,12.0,1.564753516365,1.0,1.0,2.0,1,True,1,3.0
1240,2,28.0,True,1.0,2.0,,False,False,False,2,2,False,2,,3,6,20,,False,5,1,42.0,2.144720972,2.0,2.0,1.0,9,True,2,1.0
1241,1,20.0,True,1.0,2.0,,False,True,True,3,2,False,2,,1,8,86,,False,1,2,36.0,0.548680943,2.0,2.0,3.0,1,False,2,1.0
1251,2,13.0,False,,,,False,False,True,3,2,True,4,1.0,3,8,30,,False,1,1,42.0,0.628926985,,1.0,1.0,1,True,2,1.0
1253,1,20.0,True,1.0,9.0,9.0,False,False,False,1,2,True,9,9.0,4,2,83,,False,1,2,25.0,1.154740286,3.0,3.0,3.0,1,False,1,1.0
1263,1,20.0,True,1.0,2.0,,False,False,False,9,2,False,3,2.0,2,7,73,,True,4,2,24.0,1.02788066,2.0,3.0,3.0,4,False,2,3.0
1266,1,2.0,True,1.0,2.0,,False,True,True,1,3,False,2,,3,8,44,,False,3,1,23.0,0.838640893,2.0,2.0,2.0,3,True,2,1.0
1275,2,20.0,False,,,,False,False,False,3,1,False,4,3.0,4,3,53,,False,1,2,12.0,1.725855186,,3.0,2.0,1,False,1,3.0
1281,2,20.0,True,1.0,2.0,,False,False,True,1,2,False,3,2.0,1,7,34,,False,1,1,36.0,0.628926985,2.0,3.0,1.0,1,True,2,1.0
1285,2,20.0,True,1.0,2.0,,False,False,True,3,2,False,2,,3,8,28,,False,1,1,42.0,0.628926985,2.0,2.0,1.0,1,True,2,1.0
1286,1,20.0,False,,,,True,False,True,1,2,False,2,,1,8,57,,True,2,2,37.0,1.075010772,,2.0,3.0,4,False,2,3.0
1291,2,20.0,True,1.0,2.0,,False,False,True,1,2,False,2,,1,7,26,,False,1,1,12.0,0.657764379,2.0,2.0,1.0,1,True,2,3.0
1296,2,20.0,True,2.0,2.0,,False,True,True,1,2,False,2,,1,7,32,,False,1,1,39.0,0.693114009,2.0,2.0,1.0,1,True,2,2.0
1298,1,20.0,True,1.0,2.0,,False,True,False,1,1,False,2,,4,7,62,,False,2,2,25.0,0.739070615,2.0,2.0,3.0,2,False,2,1.0
1300,1,20.0,True,1.0,2.0,,False,False,True,3,2,False,2,,3,7,56,,False,2,2,51.0,0.772958285,2.0,2.0,3.0,2,False,2,3.0
1301,2,20.0,True,1.0,1.0,,True,True,False,1,9,True,1,,3,6,58,,True,1,2,37.0,1.472906763345,1.0,1.0,3.0,4,False,2,3.0
1302,1,20.0,True,1.0,2.0,,False,False,False,1,1,False,2,,2,3,70,,False,1,2,12.0,1.207687133,2.0,2.0,3.0,1,False,1,3.0
1306,2,2.0,True,1.0,2.0,,False,False,True,1,1,False,2,,1,8,30,,False,1,1,9.0,0.628926985,2.0,2.0,1.0,1,True,2,1.0
1311,2,20.0,True,1.0,1.0,,True,False,True,1,2,True,3,1.0,2,7,36,,False,1,1,12.0,0.445555987,1.0,3.0,2.0,1,True,2,3.0
1319,2,20.0,True,1.0,2.0,,False,False,False,1,2,False,4,2.0,2,7,70,,False,1,1,24.0,0.494988831,2.0,2.0,3.0,1,True,2,3.0
1322,1,2.0,True,1.0,2.0,,False,True,True,9,2,False,2,,3,3,61,,False,1,2,24.0,1.154740286,2.0,2.0,3.0,1,False,1,3.0
1330,1,20.0,True,1.0,1.0,,True,False,True,3,2,True,1,,2,3,79,,False,1,2,24.0,1.16051398743,1.0,1.0,3.0,1,False,1,3.0
1333,1,20.0,True,1.0,1.0,,True,False,True,3,2,True,1,,3,4,64,,False,1,2,13.0,1.213725568665,1.0,1.0,3.0,1,False,2,3.0
1336,2,4.0,True,1.0,2.0,,False,False,False,1,2,False,2,,1,8,28,,False,1,2,13.0,0.729112977,2.0,2.0,1.0,1,False,2,3.0
1337,1,20.0,False,,,,False,False,False,3,1,False,4,1.0,2,3,67,,False,1,2,23.0,1.154740286,,1.0,3.0,1,False,1,1.0
1351,1,20.0,True,1.0,2.0,,False,True,True,1,2,False,3,2.0,1,6,82,,False,1,2,25.0,0.748025245,2.0,3.0,3.0,1,False,2,1.0
1352,1,20.0,True,1.0,2.0,,False,True,False,3,2,False,3,2.0,3,4,99,3.0,False,1,2,37.0,1.207687133,2.0,3.0,3.0,1,False,2,3.0
1356,2,20.0,False,,,,False,False,False,1,1,False,2,,1,7,33,,False,1,1,5.0,0.657764379,,2.0,1.0,1,True,2,3.0
1360,2,20.0,True,1.0,2.0,,False,False,False,3,2,False,2,,1,8,33,,False,1,1,31.0,0.693114009,2.0,2.0,1.0,1,True,2,2.0
1366,1,13.0,True,1.0,9.0,9.0,True,False,True,3,3,True,9,9.0,4,7,99,9.0,False,9,1,12.0,0.966179839,3.0,3.0,3.0,9,True,2,3.0
1372,2,13.0,True,1.0,2.0,,False,True,True,1,2,False,2,,3,8,33,,False,1,1,36.0,0.628926985,2.0,2.0,1.0,1,True,2,1.0
1376,2,6.0,True,1.0,8.0,2.0,False,False,True,1,1,True,3,3.0,3,7,25,,False,1,2,25.0,0.697147552,2.0,3.0,1.0,1,False,2,1.0
1380,2,20.0,False,,,,False,False,False,3,2,True,1,,2,5,35,,False,1,1,12.0,0.924930404804998,,1.0,2.0,1,True,2,3.0
1398,2,20.0,True,2.0,2.0,,False,False,True,3,1,True,1,,1,3,61,,False,1,2,18.0,1.278953712795,2.0,1.0,3.0,1,False,1,2.0
1400,1,30.0,True,2.0,1.0,,False,False,False,2,2,True,3,1.0,1,3,86,,False,1,2,27.0,1.272590759,1.0,3.0,3.0,1,False,1,2.0
1403,2,16.0,True,1.0,2.0,,False,False,False,1,1,False,2,,1,7,24,,False,3,1,27.0,1.364421485,2.0,2.0,1.0,3,True,2,2.0
1406,2,20.0,True,1.0,2.0,,False,False,False,3,2,False,4,3.0,3,5,47,,False,1,1,27.0,0.969789148,2.0,3.0,2.0,1,True,2,2.0
1407,2,20.0,True,2.0,2.0,,False,False,False,2,2,False,3,2.0,3,5,78,,False,1,2,55.0,0.824367198,2.0,3.0,3.0,1,False,2,2.0
1409,2,20.0,True,1.0,2.0,,False,False,False,2,2,False,3,2.0,3,8,26,,False,1,1,47.0,0.657764379,2.0,3.0,1.0,1,True,2,3.0
1410,1,1.0,True,2.0,2.0,,True,False,True,3,2,True,2,,1,7,40,,False,1,1,55.0,0.469501096,2.0,2.0,2.0,1,True,2,2.0
1412,2,13.0,True,2.0,2.0,,False,False,False,3,2,False,3,2.0,3,3,64,,False,1,1,19.0,1.148059212,2.0,3.0,3.0,1,True,1,2.0
1428,1,3.0,True,1.0,1.0,,True,False,True,1,2,True,1,,2,7,62,,False,1,2,31.0,0.607701609089999,1.0,1.0,3.0,1,False,2,2.0
1435,2,13.0,True,1.0,6.0,3.0,False,False,True,2,2,True,4,3.0,3,5,20,,False,1,1,20.0,1.200691326,3.0,3.0,1.0,1,True,2,2.0
1436,2,2.0,False,,,,False,False,False,2,2,True,2,,3,7,23,,False,1,2,9.0,0.697147552,,2.0,1.0,1,False,2,1.0
1440,2,20.0,True,1.0,2.0,,False,False,True,1,2,False,4,2.0,1,3,23,,False,1,1,40.0,1.859031019,2.0,2.0,1.0,1,True,1,3.0
1444,1,13.0,True,1.0,8.0,3.0,False,False,True,3,2,True,3,3.0,2,6,44,,False,1,1,47.0,0.920328761,3.0,3.0,2.0,1,True,2,3.0
1445,2,20.0,True,2.0,1.0,,True,False,True,1,2,True,4,3.0,2,6,30,,False,9,1,18.0,1.4184941,1.0,3.0,1.0,9,True,2,2.0
1453,1,2.0,True,1.0,2.0,,False,False,True,3,2,False,2,,3,3,79,,False,1,2,17.0,1.272590759,2.0,2.0,3.0,1,False,1,2.0
1457,2,20.0,True,1.0,2.0,,False,False,False,3,2,False,3,2.0,3,8,78,,False,1,2,46.0,0.604678218,2.0,3.0,3.0,1,False,2,2.0
1468,2,20.0,True,1.0,1.0,,True,False,True,1,2,True,1,,2,5,65,,False,1,2,55.0,0.828489033990003,1.0,1.0,3.0,1,False,2,2.0
1472,1,13.0,True,1.0,1.0,,False,False,True,2,2,True,3,1.0,2,6,72,,False,1,2,17.0,0.824367198,1.0,3.0,3.0,1,False,2,2.0
1473,1,20.0,True,1.0,1.0,,True,False,True,3,2,False,1,,2,3,58,,False,1,2,22.0,1.213725568665,1.0,1.0,3.0,1,False,1,3.0
1475,2,20.0,True,1.0,1.0,,True,False,True,3,2,True,1,,2,6,69,,False,1,1,29.0,0.747415821674999,1.0,1.0,3.0,1,True,2,2.0
1476,1,30.0,True,1.0,1.0,,True,False,True,1,3,True,1,,4,3,76,,False,1,2,48.0,1.165437252285,1.0,1.0,3.0,1,False,1,3.0
1479,2,20.0,True,1.0,2.0,,False,True,True,1,1,False,2,,3,5,61,,False,1,1,40.0,0.677688778,2.0,2.0,3.0,1,True,2,3.0
1492,1,20.0,True,2.0,1.0,,True,False,False,3,2,True,1,,2,7,89,,False,1,2,19.0,0.607701609089999,1.0,1.0,3.0,1,False,2,2.0
1494,2,30.0,True,1.0,1.0,,True,False,True,2,2,True,1,,3,6,21,,False,1,1,28.0,1.14515192928,1.0,1.0,1.0,1,True,2,3.0
1496,1,30.0,True,1.0,1.0,,True,False,True,1,1,True,3,1.0,3,3,56,,True,1,1,17.0,2.150736006,1.0,3.0,3.0,4,True,1,2.0
1500,2,3.0,True,1.0,8.0,2.0,False,False,True,3,2,True,2,,1,6,78,,False,1,2,12.0,0.782323501,2.0,2.0,3.0,1,False,2,3.0
1504,2,9.0,False,,,,False,False,False,3,2,True,1,,2,8,42,,False,1,1,19.0,0.47184860148,,1.0,2.0,1,True,2,2.0
1510,1,20.0,True,1.0,1.0,,True,False,True,3,2,True,1,,2,3,67,,False,1,2,39.0,1.278953712795,1.0,1.0,3.0,1,False,1,2.0
1513,2,20.0,True,1.0,2.0,,False,True,True,3,3,False,3,1.0,3,8,38,,False,1,1,39.0,0.469501096,2.0,3.0,2.0,1,True,2,2.0
1522,2,20.0,True,1.0,1.0,,True,False,True,1,3,True,4,1.0,1,7,22,,True,2,1,48.0,1.18320927,1.0,1.0,1.0,4,True,2,3.0
1528,1,20.0,True,2.0,1.0,,True,False,True,3,3,True,1,,2,6,65,,False,1,1,29.0,0.747415821674999,1.0,1.0,3.0,1,True,2,2.0
1529,1,20.0,True,1.0,8.0,1.0,False,False,True,2,1,True,3,1.0,2,3,49,,False,1,1,47.0,1.556968673,1.0,3.0,2.0,1,True,1,3.0
1532,2,1.0,True,3.0,1.0,,False,False,False,3,1,True,1,,2,3,25,,False,1,1,21.0,1.94573774127,1.0,1.0,1.0,1,True,1,3.0
1533,2,1.0,False,,,,False,False,False,3,2,True,1,,2,6,30,,False,1,1,19.0,1.20669478263,,1.0,1.0,1,True,2,2.0
1546,1,1.0,True,1.0,2.0,,False,True,True,1,2,False,2,,1,7,71,,False,2,2,47.0,0.772958285,2.0,2.0,3.0,2,False,2,3.0
1547,2,3.0,False,,,,False,False,False,3,1,False,9,3.0,4,2,38,,False,1,2,18.0,1.818606244,,3.0,2.0,1,False,1,2.0
1549,2,13.0,True,2.0,2.0,,False,False,False,2,2,True,4,2.0,1,7,42,,False,1,2,18.0,0.520428519,2.0,2.0,2.0,1,False,2,2.0
1551,1,20.0,True,1.0,1.0,,False,False,True,3,3,True,1,,2,3,89,,False,1,2,29.0,1.278953712795,1.0,1.0,3.0,1,False,1,2.0
1564,2,20.0,True,1.0,1.0,,False,True,True,3,2,True,2,,3,3,44,,False,1,2,48.0,1.65719169,1.0,2.0,2.0,1,False,1,3.0
1566,2,13.0,True,1.0,2.0,,False,False,False,2,2,False,3,2.0,3,8,29,,False,3,2,27.0,1.512422142,2.0,3.0,1.0,3,False,2,2.0
1568,1,30.0,False,,,,False,True,True,2,2,False,2,,1,4,33,,True,4,2,48.0,3.86041444,,2.0,1.0,4,False,2,3.0
1569,2,20.0,True,1.0,2.0,,False,False,True,2,2,False,2,,1,7,49,,False,2,2,17.0,0.701014734,2.0,2.0,2.0,2,False,2,2.0
1571,1,20.0,True,1.0,2.0,,False,False,False,2,2,False,2,,1,6,77,,False,1,2,55.0,0.824367198,2.0,2.0,3.0,1,False,2,2.0
1576,1,20.0,True,1.0,2.0,,False,False,True,3,2,False,3,2.0,3,3,64,,False,1,2,55.0,1.272590759,2.0,3.0,3.0,1,False,1,2.0
1582,1,13.0,True,1.0,2.0,,False,False,True,1,2,False,2,,1,8,65,,False,1,2,29.0,0.604678218,2.0,2.0,3.0,1,False,2,2.0
1587,2,13.0,True,1.0,2.0,,False,False,False,2,9,False,2,,1,8,41,,False,1,1,6.0,0.415253366,2.0,2.0,2.0,1,True,2,4.0
1588,2,2.0,True,1.0,2.0,,False,False,False,1,2,True,3,2.0,3,5,69,,False,1,1,29.0,0.743697335,2.0,3.0,3.0,1,True,2,2.0
1602,1,3.0,False,,,,True,False,True,3,2,True,3,1.0,2,7,80,,False,1,1,17.0,0.545506396,,3.0,3.0,1,True,2,2.0
1607,1,20.0,True,1.0,1.0,,True,False,True,3,2,True,3,1.0,3,8,48,,False,1,2,26.0,0.520428519,1.0,3.0,2.0,1,False,2,2.0
1610,1,20.0,True,1.0,1.0,,True,False,False,1,2,True,1,,3,6,80,,False,1,2,55.0,0.828489033990003,1.0,1.0,3.0,1,False,2,2.0
1614,2,20.0,True,1.0,2.0,,True,False,False,2,1,False,3,2.0,1,6,27,,False,1,1,18.0,1.200691326,2.0,3.0,1.0,1,True,2,2.0
1616,2,20.0,True,1.0,1.0,,False,False,False,3,2,True,1,,3,3,43,,False,1,1,45.0,1.564753516365,1.0,1.0,2.0,1,True,1,3.0
1620,2,20.0,True,1.0,2.0,,False,False,False,2,2,False,2,,3,7,45,,False,2,1,6.0,0.559344304,2.0,2.0,2.0,2,True,2,4.0
1622,2,13.0,True,1.0,8.0,2.0,False,False,False,3,2,False,3,3.0,3,6,32,,False,1,1,55.0,1.200691326,2.0,3.0,1.0,1,True,2,2.0
1624,1,20.0,True,1.0,2.0,,False,True,True,1,1,True,2,,1,5,70,,False,1,2,26.0,0.824367198,2.0,2.0,3.0,1,False,2,2.0
1638,1,13.0,True,1.0,1.0,,True,False,True,3,2,True,3,1.0,2,7,50,,False,1,2,39.0,0.520428519,1.0,3.0,2.0,1,False,2,2.0
1641,1,20.0,True,1.0,2.0,,False,True,True,1,2,True,2,,3,3,48,,False,1,1,29.0,1.640643418,2.0,2.0,2.0,1,True,1,2.0
1643,2,3.0,True,1.0,2.0,,False,True,False,3,2,False,2,,3,5,70,,False,1,2,26.0,0.824367198,2.0,2.0,3.0,1,False,2,2.0
1644,2,10.0,True,1.0,1.0,,False,False,True,3,2,True,1,,3,3,56,,False,1,1,26.0,1.15379950806,1.0,1.0,3.0,1,True,1,2.0
1646,1,20.0,True,1.0,1.0,,True,False,True,1,2,True,1,,2,1,80,,False,1,1,21.0,1.09495437621,1.0,1.0,3.0,1,True,1,3.0
1652,1,1.0,True,1.0,2.0,,False,False,True,3,2,False,2,,3,8,77,,False,1,2,17.0,0.604678218,2.0,2.0,3.0,1,False,2,2.0
1653,1,20.0,False,,,,False,False,False,3,2,False,3,2.0,1,5,26,,False,1,2,39.0,1.33093195,,3.0,1.0,1,False,2,2.0
1661,2,1.0,True,1.0,6.0,3.0,False,False,False,2,2,False,3,3.0,1,8,50,,False,1,1,17.0,0.469501096,3.0,3.0,2.0,1,True,2,2.0
1663,2,20.0,True,3.0,7.0,2.0,False,False,False,3,1,False,3,3.0,2,4,73,,False,1,2,13.0,1.207687133,2.0,3.0,3.0,1,False,2,3.0
1664,1,20.0,True,1.0,1.0,,True,False,True,3,2,True,1,,2,5,78,,False,1,2,47.0,0.786235118504999,1.0,1.0,3.0,1,False,2,3.0
1667,2,20.0,True,1.0,2.0,,False,True,True,1,2,False,2,,3,7,34,,False,1,2,40.0,0.700105071,2.0,2.0,1.0,1,False,2,3.0
1694,1,20.0,True,1.0,2.0,,False,True,False,1,1,False,2,,4,7,58,,False,2,1,22.0,0.69731913,2.0,2.0,3.0,2,True,2,3.0
1696,1,20.0,True,1.0,1.0,,True,False,True,1,1,False,1,,2,3,65,,False,1,2,1.0,1.213725568665,1.0,1.0,3.0,1,False,1,3.0
1704,2,20.0,True,1.0,2.0,,False,True,True,1,2,False,2,,3,8,60,,True,4,1,48.0,0.931229518,2.0,2.0,3.0,4,True,2,3.0
1706,2,20.0,True,1.0,2.0,,False,False,False,3,1,False,3,3.0,3,8,46,,False,1,2,48.0,0.474236696,2.0,3.0,2.0,1,False,2,3.0
1709,2,20.0,True,1.0,6.0,2.0,False,False,False,2,1,True,3,3.0,1,3,54,,False,2,1,48.0,2.013790687,2.0,3.0,2.0,2,True,1,3.0
1714,2,20.0,True,1.0,1.0,,True,False,True,1,2,True,1,,2,7,60,,False,1,1,48.0,0.499574172645,1.0,1.0,3.0,1,True,2,3.0
1717,2,20.0,False,,,,False,False,True,3,2,False,4,1.0,1,7,35,,False,3,1,35.0,0.842198671,,1.0,2.0,3,True,2,4.0
1730,2,20.0,True,1.0,2.0,,False,False,False,1,2,False,2,,1,8,39,,False,1,2,22.0,0.493886052,2.0,2.0,2.0,1,False,2,3.0
1732,1,16.0,True,1.0,2.0,,False,True,True,1,2,False,2,,1,7,71,,False,1,1,48.0,0.497088729,2.0,2.0,3.0,1,True,2,3.0
1735,2,1.0,True,1.0,1.0,,True,False,False,3,2,True,1,,2,5,38,,False,1,2,40.0,0.984468735405003,1.0,1.0,2.0,1,False,2,3.0
1738,2,13.0,True,2.0,6.0,3.0,False,False,False,2,1,True,3,1.0,2,7,41,,False,1,2,48.0,0.474236696,3.0,3.0,2.0,1,False,2,3.0
1747,2,20.0,True,1.0,2.0,,False,False,False,2,2,False,3,2.0,3,7,52,,False,1,2,22.0,0.493886052,2.0,3.0,2.0,1,False,2,3.0
1756,1,2.0,True,1.0,1.0,,False,False,True,3,2,True,3,1.0,2,6,68,,False,1,1,48.0,0.677688778,1.0,3.0,3.0,1,True,2,3.0
1761,1,20.0,True,1.0,2.0,,False,False,True,2,2,False,2,,2,5,66,,False,2,2,40.0,1.011860937,2.0,2.0,3.0,2,False,2,3.0
1762,2,17.0,True,1.0,1.0,,True,False,True,1,3,True,1,,2,7,49,,True,4,1,48.0,0.805488897449999,1.0,1.0,2.0,4,True,2,3.0
1765,2,20.0,False,,,,False,False,False,3,2,False,3,3.0,1,2,49,,True,4,1,12.0,2.916773411,,3.0,2.0,4,True,1,3.0
1767,1,5.0,True,1.0,2.0,,False,False,True,2,3,False,2,,1,7,34,,False,1,1,48.0,0.631595091,2.0,2.0,1.0,1,True,2,3.0
1768,1,2.0,True,1.0,1.0,,True,False,True,3,2,True,3,1.0,2,3,82,,False,1,1,48.0,1.046160593,1.0,3.0,3.0,1,True,1,3.0
1769,2,12.0,True,1.0,1.0,,False,False,True,3,2,True,3,1.0,3,7,37,,False,5,1,40.0,0.842198671,1.0,3.0,2.0,9,True,2,3.0
1772,2,20.0,True,1.0,1.0,,True,False,True,3,2,True,1,,2,7,48,,False,1,1,5.0,0.447783766935,1.0,1.0,2.0,1,True,2,3.0
1774,1,3.0,True,1.0,1.0,,True,False,True,3,1,False,1,,2,7,65,,False,1,2,48.0,0.5537636631,1.0,1.0,3.0,1,False,2,3.0
1776,1,30.0,True,1.0,1.0,,True,False,True,1,3,True,1,,2,7,84,,False,1,1,48.0,0.499574172645,1.0,1.0,3.0,1,True,2,3.0
1780,2,3.0,True,1.0,2.0,,False,False,True,3,1,False,2,,1,7,42,,False,1,2,17.0,0.520428519,2.0,2.0,2.0,1,False,2,2.0
1783,2,13.0,True,2.0,2.0,,False,False,False,3,2,False,3,3.0,2,8,52,,False,2,2,1.0,0.665262157,2.0,3.0,2.0,2,False,2,3.0
1784,2,20.0,True,1.0,1.0,,True,False,True,1,2,True,4,1.0,2,8,50,,False,9,1,48.0,0.505436777,1.0,1.0,2.0,9,True,2,3.0
1786,2,20.0,True,1.0,2.0,,False,True,True,1,2,False,2,,1,7,41,,False,1,1,17.0,0.469501096,2.0,2.0,2.0,1,True,2,2.0
1789,2,20.0,True,1.0,1.0,,True,False,True,1,2,True,3,1.0,2,7,37,,False,1,2,17.0,0.520428519,1.0,3.0,2.0,1,False,2,2.0
1791,2,30.0,True,1.0,1.0,,True,False,True,1,2,True,1,,2,7,45,,False,1,2,1.0,0.49635548226,1.0,1.0,2.0,1,False,2,3.0
1793,2,20.0,True,1.0,2.0,,True,False,False,3,2,False,3,2.0,1,5,30,,False,1,1,47.0,1.139454656,2.0,3.0,1.0,1,True,2,3.0
1795,1,3.0,True,1.0,1.0,,False,False,True,1,2,True,1,,2,3,60,,False,1,2,1.0,1.213725568665,1.0,1.0,3.0,1,False,1,3.0
1796,2,20.0,True,1.0,1.0,,True,False,True,3,2,True,1,,2,7,55,,False,1,2,21.0,0.576708111585,1.0,1.0,3.0,1,False,2,3.0
1797,1,15.0,True,1.0,2.0,,False,False,False,1,2,False,2,,1,8,78,,False,1,1,17.0,0.545506396,2.0,2.0,3.0,1,True,2,2.0
1799,2,20.0,True,1.0,1.0,,False,False,True,3,3,True,3,1.0,2,4,50,,False,1,1,49.0,1.495024361,1.0,3.0,2.0,1,True,2,4.0
1800,2,3.0,True,2.0,8.0,2.0,False,False,False,3,2,True,1,,2,7,29,,False,1,2,4.0,0.703605596354999,2.0,1.0,1.0,1,False,2,4.0
1802,1,2.0,True,1.0,2.0,,False,False,True,3,2,True,2,,3,6,60,,False,1,2,55.0,0.824367198,2.0,2.0,3.0,1,False,2,2.0
1803,1,3.0,True,1.0,1.0,,False,False,False,3,2,True,4,2.0,1,5,40,,False,3,1,17.0,1.909067098,1.0,2.0,2.0,3,True,2,2.0
1804,1,20.0,True,1.0,1.0,,True,False,True,3,2,True,1,,3,5,60,,False,1,2,1.0,0.786235118504999,1.0,1.0,3.0,1,False,2,3.0
1805,1,30.0,True,1.0,1.0,,True,False,True,3,2,True,1,,2,7,63,,False,1,1,55.0,0.54823392798,1.0,1.0,3.0,1,True,2,2.0
1808,2,30.0,True,1.0,1.0,,True,False,True,3,1,True,1,,3,5,55,,False,1,2,8.0,0.754954596014999,1.0,1.0,3.0,1,False,2,4.0
1810,2,13.0,True,1.0,1.0,,False,False,True,3,2,False,1,,2,5,47,,False,1,2,4.0,0.984468735405003,1.0,1.0,2.0,1,False,2,4.0
1814,2,13.0,True,1.0,1.0,,False,False,True,3,2,True,1,,2,6,57,,False,1,1,8.0,0.681077221890001,1.0,1.0,3.0,1,True,2,4.0
1825,1,2.0,True,1.0,1.0,,False,False,True,1,3,True,3,2.0,3,7,66,,False,1,1,35.0,0.497088729,1.0,3.0,3.0,1,True,2,4.0
1826,2,20.0,True,2.0,1.0,,False,False,True,3,2,True,3,1.0,3,3,55,,False,1,1,55.0,1.148059212,1.0,3.0,3.0,1,True,1,2.0
1828,2,20.0,True,1.0,2.0,,False,False,False,3,2,False,2,,1,6,20,,False,1,2,16.0,1.212802043,2.0,2.0,1.0,1,False,2,4.0
1842,2,30.0,True,1.0,1.0,,True,False,True,1,2,True,1,,2,5,89,,False,1,2,49.0,0.754954596014999,1.0,1.0,3.0,1,False,2,4.0
1853,1,20.0,True,1.0,1.0,,True,False,True,1,2,True,1,,3,5,49,,True,1,1,6.0,1.614889278015,1.0,1.0,2.0,4,True,2,4.0
1854,1,20.0,True,1.0,2.0,,False,False,True,3,1,False,2,,3,5,62,,False,2,2,6.0,0.98211719,2.0,2.0,3.0,2,False,2,4.0
1855,2,20.0,True,1.0,2.0,,False,True,True,3,2,False,2,,1,8,62,,False,1,2,6.0,0.53481167,2.0,2.0,3.0,1,False,2,4.0
1859,1,14.0,True,1.0,2.0,,False,True,True,1,2,False,2,,1,8,80,,False,1,2,6.0,0.53481167,2.0,2.0,3.0,1,False,2,4.0
1860,2,20.0,True,1.0,1.0,,False,False,True,3,2,True,1,,2,7,30,,True,1,1,4.0,1.18912531635,1.0,1.0,1.0,4,True,2,4.0
1861,2,29.0,True,1.0,2.0,,False,True,False,1,2,False,2,,3,3,22,,False,1,1,8.0,1.859031019,2.0,2.0,1.0,1,True,1,4.0
1862,1,20.0,True,1.0,1.0,,True,False,True,1,3,True,1,,2,7,58,,True,1,2,35.0,1.03740245826,1.0,1.0,3.0,4,False,2,4.0
1863,2,20.0,True,3.0,2.0,,False,False,False,2,2,False,3,3.0,1,6,27,,True,4,1,4.0,2.049690368,2.0,3.0,1.0,4,True,2,4.0
1866,2,20.0,True,1.0,2.0,,False,False,False,3,2,False,2,,2,5,36,,False,1,1,4.0,0.883713296,2.0,2.0,2.0,1,True,2,4.0
1868,2,20.0,False,,,,False,False,True,1,3,True,3,1.0,3,7,32,,False,1,1,33.0,0.628926985,,3.0,1.0,1,True,2,1.0
1870,2,20.0,False,,,,False,False,True,3,2,False,3,3.0,3,8,48,,False,1,2,36.0,0.472233334,,3.0,2.0,1,False,2,1.0
1878,2,20.0,True,2.0,1.0,,True,False,True,3,2,True,4,3.0,1,2,37,,True,4,1,9.0,2.788897615,1.0,3.0,2.0,4,True,1,1.0
1880,2,20.0,True,1.0,2.0,,False,True,True,1,2,False,2,,3,6,69,,False,1,2,23.0,0.748025245,2.0,2.0,3.0,1,False,2,1.0
1884,2,1.0,True,1.0,2.0,,False,True,False,1,1,False,2,,4,7,42,,False,1,2,34.0,0.472233334,2.0,2.0,2.0,1,False,2,1.0
1888,2,20.0,True,1.0,2.0,,False,False,True,2,2,False,2,,3,3,19,,False,1,1,13.0,1.936057454,2.0,2.0,1.0,1,True,1,3.0
1889,2,20.0,False,,,,False,False,True,3,1,True,3,3.0,1,3,39,,True,4,1,34.0,2.788897615,,3.0,2.0,4,True,1,1.0
1895,2,4.0,False,,,,False,False,False,2,2,False,3,2.0,3,7,24,,False,1,2,25.0,0.697147552,,3.0,1.0,1,False,2,1.0
1896,2,20.0,True,1.0,2.0,,False,False,False,2,2,False,1,,3,8,49,,False,1,1,34.0,0.428152243665,2.0,1.0,2.0,1,True,2,1.0
1900,2,3.0,True,1.0,2.0,,False,True,True,1,1,False,3,2.0,3,8,45,,False,2,2,37.0,0.665262157,2.0,3.0,2.0,2,False,2,3.0
1913,2,20.0,False,,,,False,False,True,1,2,True,3,1.0,3,2,18,,False,1,1,37.0,1.936057454,,3.0,1.0,1,True,1,3.0
1917,1,20.0,False,,,,True,False,False,3,1,True,4,9.0,2,3,60,,False,1,2,37.0,1.207687133,,3.0,3.0,1,False,1,3.0
1922,2,20.0,False,,,,True,False,True,1,2,True,1,,2,3,19,,False,1,2,51.0,2.15679456421501,,1.0,1.0,1,False,1,3.0
1929,1,13.0,True,1.0,2.0,,False,False,False,3,2,True,3,2.0,3,7,64,,False,1,2,34.0,0.548680943,2.0,3.0,3.0,1,False,2,1.0
1940,2,20.0,True,3.0,8.0,9.0,False,False,False,3,2,False,3,9.0,2,4,46,,False,1,1,33.0,1.488708791,3.0,3.0,2.0,1,True,2,1.0
1947,1,20.0,True,1.0,8.0,9.0,False,False,False,3,2,True,9,3.0,3,7,70,,False,9,1,12.0,0.611591838,3.0,3.0,3.0,9,True,2,3.0
1953,2,2.0,True,1.0,1.0,,False,False,True,3,1,True,3,3.0,3,8,48,,False,1,2,37.0,0.493886052,1.0,3.0,2.0,1,False,2,3.0
1955,2,30.0,True,1.0,1.0,,False,False,False,3,2,True,1,,2,6,37,,False,1,1,51.0,0.924930404804998,1.0,1.0,2.0,1,True,2,3.0
1959,1,20.0,True,1.0,1.0,,True,False,True,1,2,True,2,,2,3,68,,False,1,2,36.0,1.154740286,1.0,2.0,3.0,1,False,1,1.0
1964,1,20.0,True,1.0,2.0,,False,False,False,3,2,False,2,,4,8,79,,False,1,1,36.0,0.494988831,2.0,2.0,3.0,1,True,2,1.0
1965,2,20.0,False,,,,False,False,True,3,3,False,3,3.0,1,6,68,,False,1,1,24.0,0.674825955,,3.0,3.0,1,True,2,3.0
1967,2,1.0,False,,,,False,False,True,3,1,False,9,9.0,3,8,34,,False,3,2,29.0,1.512422142,,3.0,1.0,3,False,2,2.0
1968,1,13.0,True,1.0,1.0,,True,False,True,1,2,True,1,,3,5,43,,False,1,2,37.0,1.025258865375,1.0,1.0,2.0,1,False,2,3.0
1972,2,3.0,False,,,,False,True,False,9,3,False,4,3.0,4,8,49,,False,1,2,9.0,0.472233334,,3.0,2.0,1,False,2,1.0
1978,2,30.0,False,,,,False,False,False,9,2,False,4,3.0,4,9,25,,False,3,1,25.0,1.53934357,,3.0,1.0,3,True,3,1.0
1986,2,20.0,True,1.0,2.0,,False,False,False,2,1,False,3,2.0,1,6,61,,False,1,1,13.0,0.705767896,2.0,3.0,3.0,1,True,2,3.0
1991,1,20.0,True,1.0,1.0,,False,False,True,3,2,True,1,,3,8,46,,False,1,2,37.0,0.49635548226,1.0,1.0,2.0,1,False,2,3.0
1998,2,30.0,True,1.0,1.0,,True,False,True,1,2,True,1,,2,3,33,,False,1,1,37.0,1.94573774127,1.0,1.0,1.0,1,True,1,3.0
1999,2,20.0,False,,,,False,False,True,1,2,False,2,,3,5,42,,False,5,2,23.0,1.92017682,,2.0,2.0,9,False,2,1.0
2001,2,20.0,True,1.0,2.0,,False,False,False,3,3,False,2,,1,7,27,,False,3,1,34.0,1.238066869,2.0,2.0,1.0,3,True,2,1.0
2006,2,20.0,True,2.0,2.0,,False,False,True,2,2,False,2,,1,8,99,2.0,False,2,2,42.0,0.63609605,2.0,2.0,3.0,2,False,2,1.0
2012,2,8.0,True,1.0,1.0,,False,False,True,3,2,True,1,,3,5,46,,False,1,2,36.0,0.980309951939999,1.0,1.0,2.0,1,False,2,1.0
2015,1,20.0,True,1.0,1.0,,True,False,True,1,2,True,1,,2,3,76,,False,1,2,12.0,1.213725568665,1.0,1.0,3.0,1,False,1,3.0
2016,2,1.0,True,1.0,8.0,2.0,False,False,True,2,2,False,3,9.0,3,8,46,,False,2,2,37.0,0.665262157,2.0,3.0,2.0,2,False,2,3.0
2023,2,20.0,True,1.0,1.0,,False,False,True,3,3,True,4,2.0,3,5,47,,False,9,1,42.0,1.039606612,1.0,2.0,2.0,9,True,2,1.0
2028,2,20.0,True,1.0,2.0,,False,False,False,1,2,False,2,,3,8,29,,True,4,1,36.0,1.178210929,2.0,2.0,1.0,4,True,2,1.0
2033,2,20.0,True,4.0,2.0,,False,False,False,2,2,False,2,,1,7,28,,False,2,1,36.0,0.84716165,2.0,2.0,1.0,2,True,2,1.0
2034,1,2.0,True,1.0,2.0,,False,False,True,1,2,True,2,,1,8,75,,False,2,1,37.0,0.69731913,2.0,2.0,3.0,2,True,2,3.0
2037,2,30.0,True,1.0,1.0,,True,False,True,3,2,True,3,3.0,2,5,58,,False,1,1,42.0,0.674825955,1.0,3.0,3.0,1,True,2,1.0
2052,1,20.0,True,1.0,1.0,,False,False,True,3,2,True,3,1.0,2,7,55,,False,1,1,12.0,0.517684928,1.0,3.0,3.0,1,True,2,3.0
2054,1,20.0,True,1.0,1.0,,True,False,True,1,2,True,1,,2,6,58,,False,1,1,12.0,0.709296735480002,1.0,1.0,3.0,1,True,2,3.0
2055,2,20.0,True,1.0,2.0,,False,False,False,3,9,False,3,2.0,3,6,25,,False,2,1,36.0,1.467550262,2.0,3.0,1.0,2,True,2,1.0
2061,2,20.0,True,1.0,1.0,,True,False,True,3,3,True,4,1.0,2,7,31,,False,1,1,12.0,0.657764379,1.0,1.0,1.0,1,True,2,3.0
2066,2,1.0,True,1.0,1.0,,False,False,True,3,2,True,3,1.0,3,7,60,,False,1,1,25.0,0.494988831,1.0,3.0,3.0,1,True,2,1.0
2070,2,20.0,True,1.0,1.0,,False,False,True,1,3,True,3,1.0,2,8,51,,False,1,1,12.0,0.445555987,1.0,3.0,2.0,1,True,2,3.0
2071,1,20.0,True,1.0,1.0,,True,False,True,3,3,False,2,,2,3,50,,False,1,1,54.0,1.556968673,1.0,2.0,2.0,1,True,1,3.0
2076,2,20.0,True,1.0,2.0,,False,True,False,2,2,False,2,,3,7,44,,False,2,2,37.0,0.665262157,2.0,2.0,2.0,2,False,2,3.0
2077,2,16.0,True,1.0,2.0,,False,False,True,3,2,False,2,,1,7,49,,False,1,2,36.0,0.472233334,2.0,2.0,2.0,1,False,2,1.0
2078,2,20.0,True,1.0,2.0,,False,True,True,1,2,True,2,,1,7,37,,False,2,2,24.0,0.63609605,2.0,2.0,2.0,2,False,2,3.0
2083,1,10.0,True,3.0,2.0,,False,True,False,2,1,False,4,3.0,3,7,56,,False,9,2,36.0,0.648210463,2.0,3.0,3.0,9,False,2,1.0
2085,2,20.0,True,1.0,2.0,,False,False,False,2,2,False,2,,1,8,33,,False,3,2,25.0,1.372361668,2.0,2.0,1.0,3,False,2,1.0
2089,2,20.0,True,1.0,1.0,,False,False,True,1,3,True,3,3.0,3,7,49,,False,1,2,9.0,0.472233334,1.0,3.0,2.0,1,False,2,1.0
2092,1,20.0,True,1.0,2.0,,False,True,True,1,2,False,2,,1,6,71,,False,1,1,36.0,0.674825955,2.0,2.0,3.0,1,True,2,1.0
2096,2,20.0,True,1.0,8.0,9.0,False,False,False,2,2,True,1,,3,6,64,,False,1,2,34.0,0.751765371225,3.0,1.0,3.0,1,False,2,1.0
2097,2,20.0,True,1.0,1.0,,False,False,True,3,2,True,1,,1,7,44,,False,1,2,44.0,0.47459450067,1.0,1.0,2.0,1,False,2,1.0
2103,2,13.0,True,1.0,1.0,,False,False,True,2,3,True,3,1.0,3,4,29,,False,1,2,13.0,2.146064243,1.0,3.0,1.0,1,False,2,3.0
2104,1,20.0,True,1.0,1.0,,True,False,True,1,2,True,3,1.0,2,8,77,,False,1,2,26.0,0.604678218,1.0,3.0,3.0,1,False,2,2.0
2105,2,13.0,True,1.0,1.0,,False,False,False,3,1,True,3,3.0,2,7,57,,False,2,1,24.0,0.666747595,1.0,3.0,3.0,2,True,2,3.0
2109,1,20.0,True,1.0,2.0,,False,True,True,3,2,True,3,2.0,3,7,56,,True,1,1,24.0,0.927295639,2.0,3.0,3.0,4,True,2,3.0
2110,1,2.0,True,1.0,1.0,,True,False,True,3,2,True,1,,2,5,66,,False,1,2,36.0,0.751765371225,1.0,1.0,3.0,1,False,2,1.0
2111,1,20.0,True,3.0,2.0,,False,False,True,3,2,False,1,,1,3,50,,False,1,1,36.0,1.496152334955,2.0,1.0,2.0,1,True,1,1.0
2120,2,20.0,True,1.0,2.0,,False,False,False,3,1,False,2,,1,6,22,,False,2,1,12.0,1.534839989,2.0,2.0,1.0,2,True,2,3.0
2124,2,15.0,True,1.0,1.0,,False,False,False,3,2,True,3,3.0,3,7,45,,True,4,1,13.0,0.834689791,1.0,3.0,2.0,4,True,2,3.0
2125,1,20.0,True,1.0,1.0,,False,False,True,3,2,True,4,1.0,2,7,99,3.0,False,1,1,12.0,0.517684928,1.0,1.0,3.0,1,True,2,3.0
2128,2,20.0,True,1.0,1.0,,True,False,True,1,3,True,1,,3,5,51,,False,1,2,12.0,1.025258865375,1.0,1.0,2.0,1,False,2,3.0
2132,1,9.0,True,1.0,2.0,,False,True,True,3,2,False,2,,1,8,44,,False,1,2,36.0,0.472233334,2.0,2.0,2.0,1,False,2,1.0
2133,1,28.0,True,1.0,1.0,,True,False,True,1,2,True,1,,2,3,37,,False,1,1,42.0,1.496152334955,1.0,1.0,2.0,1,True,1,1.0
2135,1,20.0,True,1.0,1.0,,True,False,True,1,1,True,3,1.0,2,8,54,,False,1,2,47.0,0.493886052,1.0,3.0,2.0,1,False,2,3.0
2136,1,30.0,True,1.0,1.0,,True,False,False,3,2,True,1,,1,3,81,,False,1,2,12.0,1.213725568665,1.0,1.0,3.0,1,False,1,3.0
2137,2,20.0,True,1.0,1.0,,True,False,True,3,3,True,1,,2,7,40,,False,1,2,18.0,0.523030661595,1.0,1.0,2.0,1,False,2,2.0
2138,2,20.0,True,1.0,2.0,,False,True,True,1,2,False,2,,3,8,41,,False,1,2,45.0,0.493886052,2.0,2.0,2.0,1,False,2,3.0
2146,2,28.0,True,3.0,7.0,1.0,False,False,False,3,2,True,4,3.0,2,8,37,,False,1,1,55.0,0.469501096,1.0,3.0,2.0,1,True,2,2.0
2147,2,30.0,True,1.0,1.0,,False,False,True,9,2,True,1,,2,5,33,,False,2,1,51.0,1.542514188945,1.0,1.0,1.0,2,True,2,3.0
2158,2,20.0,False,,,,False,False,False,2,2,True,3,1.0,3,8,33,,False,1,1,39.0,0.693114009,,3.0,1.0,1,True,2,2.0
2159,2,29.0,True,1.0,1.0,,True,False,True,3,1,True,1,,2,7,35,,False,1,1,37.0,0.447783766935,1.0,1.0,2.0,1,True,2,3.0
2176,2,20.0,True,1.0,1.0,,True,False,True,1,2,True,1,,2,4,34,,False,1,1,17.0,2.050305747105,1.0,1.0,1.0,1,True,2,2.0
2177,1,14.0,True,1.0,2.0,,False,True,True,1,2,False,2,,1,8,50,,False,1,2,17.0,0.520428519,2.0,2.0,2.0,1,False,2,2.0
2179,2,30.0,False,,,,False,False,False,3,9,True,4,3.0,4,3,27,,False,1,1,55.0,2.040105221,,3.0,1.0,1,True,1,2.0
2183,1,20.0,True,1.0,1.0,,True,False,True,3,2,True,1,,2,7,40,,True,1,2,,0.913997194725002,1.0,1.0,2.0,4,False,2,
2190,2,20.0,True,1.0,2.0,,False,False,False,3,1,False,4,2.0,1,6,27,,False,1,1,55.0,1.200691326,2.0,2.0,1.0,1,True,2,2.0
2202,2,29.0,True,1.0,1.0,,True,False,True,3,2,True,1,,2,3,90,,False,1,2,55.0,1.278953712795,1.0,1.0,3.0,1,False,1,2.0
2204,1,20.0,True,1.0,1.0,,True,False,True,1,1,True,1,,2,7,70,,False,1,2,21.0,0.576708111585,1.0,1.0,3.0,1,False,2,3.0
2211,1,30.0,True,1.0,1.0,,True,False,True,3,2,True,1,,2,6,67,,False,1,1,17.0,0.747415821674999,1.0,1.0,3.0,1,True,2,2.0
2217,2,13.0,True,1.0,6.0,2.0,False,False,False,3,2,False,3,2.0,1,7,41,,False,1,2,39.0,0.520428519,2.0,3.0,2.0,1,False,2,2.0
2226,1,20.0,True,2.0,1.0,,False,False,False,3,2,True,1,,3,2,79,,False,1,2,28.0,1.213725568665,1.0,1.0,3.0,1,False,1,3.0
2229,2,2.0,True,2.0,1.0,,False,False,True,3,1,True,3,3.0,1,5,68,,False,1,1,26.0,0.743697335,1.0,3.0,3.0,1,True,2,2.0
2231,2,13.0,False,,,,True,False,True,1,1,True,4,3.0,2,8,69,,False,3,1,55.0,1.073850243,,3.0,3.0,3,True,2,2.0
2233,1,20.0,True,1.0,2.0,,False,True,True,1,3,False,2,,1,7,60,,False,2,2,28.0,0.772958285,2.0,2.0,3.0,2,False,2,3.0
2249,1,20.0,True,1.0,1.0,,True,False,True,3,2,True,1,,3,3,62,,False,1,2,47.0,1.213725568665,1.0,1.0,3.0,1,False,1,3.0
2258,1,20.0,True,1.0,1.0,,True,False,True,1,3,True,1,,3,7,55,,True,1,2,48.0,1.03740245826,1.0,1.0,3.0,4,False,2,3.0
2260,1,20.0,True,2.0,8.0,9.0,False,False,False,3,1,False,2,,4,2,71,,False,2,2,28.0,1.62674881,3.0,2.0,3.0,2,False,1,3.0
2261,1,20.0,True,1.0,1.0,,True,False,True,1,2,True,1,,2,4,72,,False,1,2,22.0,1.213725568665,1.0,1.0,3.0,1,False,2,3.0
2268,2,20.0,True,2.0,1.0,,True,False,True,3,3,True,4,1.0,2,2,18,,True,4,1,17.0,3.821865376,1.0,1.0,1.0,4,True,1,2.0
2269,1,20.0,True,1.0,2.0,,False,True,True,1,2,False,2,,1,3,84,,False,1,2,18.0,1.272590759,2.0,2.0,3.0,1,False,1,2.0
2271,2,20.0,True,1.0,2.0,,False,False,False,3,2,False,3,2.0,3,5,34,,False,1,1,20.0,1.200691326,2.0,3.0,1.0,1,True,2,2.0
2272,2,20.0,True,2.0,1.0,,True,False,True,1,2,True,1,,2,7,72,,False,1,1,26.0,0.54823392798,1.0,1.0,3.0,1,True,2,2.0
2278,1,20.0,True,1.0,2.0,,False,True,True,1,3,False,2,,1,8,63,,True,1,2,19.0,1.132784094,2.0,2.0,3.0,4,False,2,2.0
2283,1,20.0,True,1.0,8.0,2.0,False,False,False,3,1,True,2,,3,3,54,,False,1,1,27.0,1.640643418,2.0,2.0,2.0,1,True,1,2.0
2296,1,20.0,True,1.0,1.0,,True,False,True,3,2,True,1,,2,8,68,,False,1,1,26.0,0.54823392798,1.0,1.0,3.0,1,True,2,2.0
2298,2,20.0,True,1.0,1.0,,False,False,True,3,3,True,3,1.0,2,8,72,,False,1,1,18.0,0.545506396,1.0,3.0,3.0,1,True,2,2.0
2299,2,8.0,True,1.0,2.0,,False,False,False,3,2,False,1,,2,7,47,,False,2,1,26.0,0.635577815685002,2.0,1.0,2.0,2,True,2,2.0
2302,2,20.0,True,2.0,1.0,,False,False,False,3,1,False,9,2.0,4,1,67,,False,1,2,26.0,1.272590759,1.0,2.0,3.0,1,False,1,2.0
2305,1,20.0,True,2.0,1.0,,True,False,True,3,2,True,1,,2,3,65,,False,1,1,6.0,1.02048564702,1.0,1.0,3.0,1,True,1,4.0
2306,1,9.0,True,1.0,2.0,,False,True,False,1,1,False,2,,3,3,55,,False,2,2,27.0,1.714173685,2.0,2.0,3.0,2,False,1,2.0
2308,2,14.0,True,1.0,2.0,,False,False,False,1,2,True,1,,3,5,59,,False,1,2,55.0,0.828489033990003,2.0,1.0,3.0,1,False,2,2.0
2309,2,20.0,True,1.0,2.0,,False,True,True,1,1,False,3,2.0,1,3,56,,False,2,1,39.0,1.546430286,2.0,3.0,3.0,2,True,1,2.0
2310,1,30.0,True,1.0,1.0,,False,False,True,3,2,True,1,,2,8,62,,False,1,1,18.0,0.54823392798,1.0,1.0,3.0,1,True,2,2.0
2313,2,3.0,True,1.0,1.0,,True,False,True,1,2,True,1,,2,3,78,,False,1,1,5.0,1.09495437621,1.0,1.0,3.0,1,True,1,3.0
2314,2,20.0,True,1.0,2.0,,False,True,True,1,2,False,2,,3,3,73,,True,1,1,4.0,1.959842516,2.0,2.0,3.0,4,True,1,4.0
2315,1,20.0,True,1.0,2.0,,False,False,True,3,2,False,4,3.0,1,7,77,,False,1,1,6.0,0.482476759,2.0,3.0,3.0,1,True,2,4.0
2317,1,20.0,True,1.0,2.0,,False,True,True,1,2,False,3,2.0,3,7,77,,False,2,1,22.0,0.69731913,2.0,3.0,3.0,2,True,2,3.0
2323,1,20.0,True,2.0,1.0,,False,False,True,3,2,True,1,,2,8,79,,False,1,1,49.0,0.499574172645,1.0,1.0,3.0,1,True,2,4.0
2329,1,30.0,True,1.0,1.0,,True,True,True,1,2,True,1,,2,8,82,,False,1,2,16.0,0.5537636631,1.0,1.0,3.0,1,False,2,4.0
2330,2,20.0,True,4.0,1.0,,True,False,True,3,1,True,1,,2,2,66,,False,1,1,6.0,1.02048564702,1.0,1.0,3.0,1,True,1,4.0
2335,2,20.0,True,2.0,2.0,,False,False,True,1,2,True,4,2.0,1,7,23,,True,1,2,48.0,1.311553591,2.0,2.0,1.0,4,False,2,3.0
2338,1,30.0,True,1.0,9.0,9.0,False,False,False,9,2,True,3,3.0,2,5,90,,False,1,2,6.0,0.729117049,3.0,3.0,3.0,1,False,2,4.0
2340,2,20.0,True,1.0,6.0,3.0,False,False,False,2,1,False,4,3.0,4,3,28,,False,1,1,29.0,2.040105221,3.0,3.0,1.0,1,True,1,2.0
2341,2,20.0,True,1.0,2.0,,False,False,True,3,2,False,2,,3,7,66,,True,1,2,48.0,1.032241252,2.0,2.0,3.0,4,False,2,3.0
2345,1,20.0,True,2.0,2.0,,False,False,True,2,1,False,2,,3,6,39,,False,2,2,29.0,1.447997647,2.0,2.0,2.0,2,False,2,2.0
2350,1,8.0,True,1.0,1.0,,True,False,True,3,3,True,1,,2,5,55,,False,1,1,6.0,0.661056893265,1.0,1.0,3.0,1,True,2,4.0
2352,1,30.0,True,1.0,1.0,,True,False,True,1,2,True,1,,2,3,84,,False,1,1,48.0,1.051391395965,1.0,1.0,3.0,1,True,1,3.0
2353,2,3.0,True,2.0,2.0,,False,False,False,3,1,False,3,3.0,2,3,65,,True,4,1,48.0,1.959842516,2.0,3.0,3.0,4,True,1,3.0
2356,2,9.0,True,1.0,2.0,,False,False,True,1,1,False,2,,3,6,69,,False,2,2,48.0,1.011860937,2.0,2.0,3.0,2,False,2,3.0
2366,1,16.0,True,1.0,2.0,,False,False,True,1,2,False,2,,1,8,73,,False,1,2,6.0,0.53481167,2.0,2.0,3.0,1,False,2,4.0
2370,2,20.0,True,1.0,1.0,,True,False,True,1,3,True,4,1.0,2,3,48,,False,1,1,55.0,1.640643418,1.0,1.0,2.0,1,True,1,2.0
2380,1,20.0,True,1.0,2.0,,False,True,True,1,2,True,2,,1,8,81,,False,2,2,6.0,0.72038877,2.0,2.0,3.0,2,False,2,4.0
2382,2,20.0,True,1.0,9.0,9.0,False,False,True,3,1,True,3,3.0,3,7,63,,False,1,2,48.0,0.55100862,3.0,3.0,3.0,1,False,2,3.0
2385,1,30.0,True,1.0,2.0,,False,True,True,3,2,False,2,,4,3,84,,True,1,2,35.0,2.172429303,2.0,2.0,3.0,4,False,1,4.0
2388,2,20.0,True,1.0,1.0,,True,False,True,1,2,True,1,,3,5,71,,False,1,2,4.0,0.754954596014999,1.0,1.0,3.0,1,False,2,4.0
2392,2,16.0,True,1.0,2.0,,False,False,True,3,1,False,3,3.0,3,8,42,,False,1,1,31.0,0.469501096,2.0,3.0,2.0,1,True,2,2.0
2394,2,2.0,True,1.0,1.0,,False,False,False,2,1,False,4,2.0,2,5,22,,False,2,2,39.0,1.792758991,1.0,2.0,1.0,2,False,2,2.0
2400,1,20.0,True,1.0,2.0,,False,False,False,1,9,False,2,,1,7,77,,False,1,2,35.0,0.55100862,2.0,2.0,3.0,1,False,2,4.0
2401,1,20.0,False,,,,False,False,False,3,1,False,2,,2,8,80,,False,3,2,6.0,1.052797265,,2.0,3.0,3,False,2,4.0
2403,1,1.0,True,1.0,2.0,,False,False,True,2,2,False,3,2.0,2,6,79,,False,1,2,6.0,0.729117049,2.0,3.0,3.0,1,False,2,4.0
2405,1,30.0,True,2.0,2.0,,False,False,False,3,2,False,2,,3,5,80,,False,1,2,6.0,0.729117049,2.0,2.0,3.0,1,False,2,4.0
2410,1,2.0,True,1.0,2.0,,False,True,True,3,1,False,2,,3,8,67,,False,2,2,48.0,0.742205985,2.0,2.0,3.0,2,False,2,3.0
2420,1,20.0,True,1.0,1.0,,False,False,True,1,2,True,1,,3,6,65,,False,1,2,6.0,0.732762634245,1.0,1.0,3.0,1,False,2,4.0
2434,1,20.0,True,2.0,1.0,,False,False,True,2,1,False,1,,2,5,67,,False,1,2,6.0,0.732762634245,1.0,1.0,3.0,1,False,2,4.0
2440,1,30.0,True,1.0,1.0,,False,False,False,3,2,False,3,3.0,2,5,79,,False,1,2,6.0,0.729117049,1.0,3.0,3.0,1,False,2,4.0
2446,1,2.0,True,1.0,2.0,,False,True,True,3,2,False,2,,1,8,64,,True,4,2,6.0,1.001898424,2.0,2.0,3.0,4,False,2,4.0
2450,1,20.0,True,1.0,1.0,,False,False,True,3,2,True,1,,2,5,76,,False,1,2,6.0,0.732762634245,1.0,1.0,3.0,1,False,2,4.0
2452,1,20.0,True,1.0,2.0,,False,False,False,1,1,False,2,,1,5,58,,False,1,1,6.0,0.657768053,2.0,2.0,3.0,1,True,2,4.0
2470,2,16.0,True,1.0,2.0,,False,True,True,1,2,False,2,,3,8,53,,False,1,2,6.0,0.460296464,2.0,2.0,2.0,1,False,2,4.0
2472,2,3.0,True,2.0,2.0,,False,False,True,3,2,False,4,3.0,3,8,36,,False,1,2,35.0,0.474236696,2.0,3.0,2.0,1,False,2,4.0
2498,2,20.0,False,,,,False,False,False,3,2,False,2,,3,8,84,,False,1,2,6.0,0.53481167,,2.0,3.0,1,False,2,4.0
2503,2,13.0,True,1.0,1.0,,True,False,True,1,1,True,1,,2,5,44,,False,1,1,41.0,0.862025142299999,1.0,1.0,2.0,1,True,2,4.0
2512,2,20.0,True,1.0,2.0,,False,False,False,2,2,False,3,2.0,3,7,40,,False,3,1,41.0,0.817442162,2.0,3.0,2.0,3,True,2,4.0
2516,2,17.0,True,1.0,1.0,,True,False,True,1,2,True,1,,2,8,88,,False,1,1,6.0,0.484889142795,1.0,1.0,3.0,1,True,2,4.0
2517,2,20.0,True,1.0,1.0,,False,False,True,3,2,True,1,,2,8,46,,False,1,2,53.0,0.46259794632,1.0,1.0,2.0,1,False,2,4.0
2521,2,20.0,False,,,,False,False,True,3,2,False,3,1.0,3,5,21,,False,1,1,6.0,1.061959427,,3.0,1.0,1,True,2,4.0
2522,2,2.0,True,1.0,2.0,,False,False,False,3,2,False,4,2.0,1,7,65,,False,1,2,6.0,0.53481167,2.0,2.0,3.0,1,False,2,4.0
2523,2,20.0,True,1.0,1.0,,True,False,True,1,3,True,1,,2,6,31,,False,1,1,16.0,1.099591829115,1.0,1.0,1.0,1,True,2,4.0
2526,2,20.0,True,1.0,2.0,,False,False,True,3,2,False,4,2.0,1,6,25,,False,1,1,6.0,1.061959427,2.0,2.0,1.0,1,True,2,4.0
2527,2,20.0,True,2.0,1.0,,True,False,True,1,2,True,2,,2,5,56,,True,5,1,6.0,1.232240828,1.0,2.0,3.0,4,True,2,4.0
2530,2,20.0,False,,,,False,False,True,3,2,False,4,1.0,1,3,63,,False,1,1,6.0,1.015408604,,1.0,3.0,1,True,1,4.0
2532,2,30.0,True,1.0,1.0,,True,False,True,2,2,True,1,,2,7,74,,False,1,1,6.0,0.484889142795,1.0,1.0,3.0,1,True,2,4.0
2533,2,20.0,False,,,,True,False,True,3,1,True,1,,2,6,40,,False,1,1,6.0,0.862025142299999,,1.0,2.0,1,True,2,4.0
2534,2,13.0,True,1.0,1.0,,False,False,False,2,1,False,3,1.0,3,7,40,,False,1,1,6.0,0.415253366,1.0,3.0,2.0,1,True,2,4.0
2535,2,20.0,True,1.0,1.0,,False,False,True,3,2,True,1,,2,5,49,,False,1,2,53.0,0.95553018351,1.0,1.0,2.0,1,False,2,4.0
2536,2,20.0,True,1.0,2.0,,False,False,True,3,2,False,4,3.0,3,5,64,,True,4,1,53.0,1.232240828,2.0,3.0,3.0,4,True,2,4.0
2537,2,20.0,True,1.0,1.0,,False,False,True,3,1,True,3,1.0,3,8,54,,False,1,2,6.0,0.460296464,1.0,3.0,2.0,1,False,2,4.0
2538,2,3.0,True,1.0,2.0,,False,False,False,3,2,False,3,2.0,1,7,34,,False,1,1,6.0,0.613029294,2.0,3.0,1.0,1,True,2,4.0
2540,2,20.0,True,1.0,2.0,,False,True,False,1,2,False,2,,1,5,43,,False,1,1,6.0,0.85773646,2.0,2.0,2.0,1,True,2,4.0
2541,2,20.0,False,,,,False,False,True,3,1,False,4,2.0,3,6,27,,False,1,1,6.0,1.061959427,,2.0,1.0,1,True,2,4.0
2542,2,15.0,True,1.0,1.0,,False,False,True,1,3,True,3,3.0,3,7,40,,True,4,1,4.0,0.80148149,1.0,3.0,2.0,4,True,2,4.0
2543,2,2.0,True,1.0,2.0,,False,False,False,3,2,False,3,2.0,3,8,49,,False,1,2,6.0,0.460296464,2.0,3.0,2.0,1,False,2,4.0
2544,2,3.0,True,1.0,2.0,,False,False,False,1,1,False,2,,1,5,26,,False,1,2,6.0,1.177151612,2.0,2.0,1.0,1,False,2,4.0
2546,2,29.0,True,1.0,1.0,,False,False,True,3,2,True,3,2.0,3,5,26,,True,4,1,6.0,1.989439527,1.0,3.0,1.0,4,True,2,4.0
2548,2,20.0,True,1.0,1.0,,False,False,False,2,2,True,1,,2,7,82,,False,1,1,6.0,0.484889142795,1.0,1.0,3.0,1,True,2,4.0
2554,1,9.0,True,1.0,1.0,,True,False,True,3,3,True,1,,2,8,54,,False,1,2,18.0,0.523030661595,1.0,1.0,2.0,1,False,2,2.0
2556,2,10.0,True,1.0,2.0,,False,True,True,2,1,False,2,,3,5,52,,True,1,1,48.0,1.655519144,2.0,2.0,2.0,4,True,2,3.0
2557,1,28.0,True,1.0,2.0,,False,False,True,3,1,False,2,,2,8,50,,False,2,2,29.0,0.701014734,2.0,2.0,2.0,2,False,2,2.0
2558,2,20.0,True,1.0,8.0,1.0,False,False,False,3,1,True,2,,3,7,54,,False,1,2,17.0,0.520428519,1.0,2.0,2.0,1,False,2,2.0
2579,1,9.0,True,1.0,2.0,,False,True,False,1,2,False,2,,3,3,79,,False,2,1,24.0,1.403220429,2.0,2.0,3.0,2,True,1,3.0
2583,1,20.0,True,1.0,1.0,,False,False,True,3,2,True,3,1.0,3,3,55,,False,1,2,34.0,1.154740286,1.0,3.0,3.0,1,False,1,1.0
2584,2,29.0,True,4.0,1.0,,False,False,True,3,1,True,9,3.0,4,3,35,,False,1,1,26.0,1.640643418,1.0,3.0,2.0,1,True,1,2.0
2586,1,20.0,True,1.0,2.0,,False,True,True,1,1,False,2,,1,5,72,,False,2,1,13.0,0.950665991,2.0,2.0,3.0,2,True,2,3.0
2588,2,3.0,True,1.0,2.0,,False,False,True,3,2,False,2,,1,5,23,,False,1,2,26.0,1.33093195,2.0,2.0,1.0,1,False,2,2.0
2589,2,13.0,True,1.0,2.0,,False,False,False,1,2,False,2,,1,8,41,,False,1,1,48.0,0.427829453,2.0,2.0,2.0,1,True,2,3.0
2592,1,10.0,True,1.0,2.0,,False,False,True,3,2,False,2,,1,8,66,,False,9,1,13.0,0.611591838,2.0,2.0,3.0,9,True,2,3.0
2600,1,13.0,True,1.0,1.0,,True,False,True,3,2,True,1,,2,7,54,,True,1,2,34.0,0.889089578235003,1.0,1.0,2.0,4,False,2,1.0
2601,1,20.0,True,1.0,2.0,,False,True,True,3,1,False,2,,1,3,56,,False,2,2,12.0,1.62674881,2.0,2.0,3.0,2,False,1,3.0
2602,1,30.0,True,1.0,2.0,,False,True,True,3,2,False,2,,3,3,56,,False,2,2,36.0,1.55542966,2.0,2.0,3.0,2,False,1,1.0
2605,1,13.0,True,1.0,1.0,,False,False,False,1,2,True,3,1.0,3,8,50,,True,1,2,34.0,0.884666247,1.0,3.0,2.0,4,False,2,1.0
2608,1,29.0,True,1.0,2.0,,False,True,True,2,1,False,4,3.0,2,8,99,2.0,False,3,2,29.0,1.024483481,2.0,3.0,3.0,3,False,2,2.0
2610,2,20.0,True,1.0,2.0,,False,False,True,3,2,True,3,2.0,1,7,66,,False,2,2,37.0,0.772958285,2.0,3.0,3.0,2,False,2,3.0
2615,1,20.0,True,1.0,2.0,,False,False,True,2,2,False,3,2.0,3,5,55,,False,1,1,6.0,0.657768053,2.0,3.0,3.0,1,True,2,4.0
2616,2,20.0,True,1.0,6.0,3.0,False,False,False,3,2,False,2,,4,8,40,,False,2,2,48.0,0.638794569,3.0,2.0,2.0,2,False,2,3.0
2619,1,30.0,True,1.0,1.0,,True,False,True,3,2,True,1,,3,5,99,2.0,False,1,2,23.0,0.980309951939999,1.0,1.0,3.0,1,False,2,1.0
2620,2,5.0,True,1.0,9.0,9.0,False,False,False,9,1,False,4,2.0,4,6,58,,False,1,2,25.0,0.748025245,3.0,2.0,3.0,1,False,2,1.0
2622,1,20.0,True,1.0,6.0,2.0,False,False,False,2,2,False,3,2.0,2,8,60,,False,1,1,17.0,0.545506396,2.0,3.0,3.0,1,True,2,2.0
2627,1,20.0,True,2.0,2.0,,False,True,True,1,2,False,2,,1,7,77,,True,4,2,6.0,1.001898424,2.0,2.0,3.0,4,False,2,4.0
2629,1,20.0,True,1.0,1.0,,False,False,True,3,1,True,3,1.0,3,8,75,,False,1,1,41.0,0.482476759,1.0,3.0,3.0,1,True,2,4.0
2631,1,20.0,True,1.0,1.0,,True,False,True,1,2,True,1,,2,8,81,,False,1,2,6.0,0.53748572835,1.0,1.0,3.0,1,False,2,4.0
2632,1,20.0,True,1.0,1.0,,True,False,True,3,1,False,1,,2,5,68,,False,1,2,6.0,0.732762634245,1.0,1.0,3.0,1,False,2,4.0
2635,2,5.0,True,1.0,1.0,,True,False,True,1,2,True,1,,2,5,33,,False,1,2,32.0,1.218866053215,1.0,1.0,1.0,1,False,2,4.0
2645,1,1.0,False,,,,False,False,True,3,1,False,3,3.0,3,3,66,,True,2,2,42.0,2.163252108,,3.0,3.0,4,False,1,1.0
2646,1,1.0,True,2.0,2.0,,False,True,True,3,1,False,2,,2,3,80,,False,2,2,42.0,1.55542966,2.0,2.0,3.0,2,False,1,1.0
2651,1,20.0,True,1.0,1.0,,False,False,False,3,2,True,1,,2,5,91,,False,1,1,6.0,0.661056893265,1.0,1.0,3.0,1,True,2,4.0
2655,1,20.0,True,1.0,2.0,,False,True,False,3,2,False,2,,1,3,70,,False,1,1,51.0,1.089506842,2.0,2.0,3.0,1,True,1,3.0
2657,2,20.0,True,1.0,2.0,,False,False,True,2,2,False,2,,3,8,40,,False,2,1,1.0,0.600161791,2.0,2.0,2.0,2,True,2,3.0
2662,1,20.0,True,2.0,2.0,,False,True,True,3,1,False,2,,3,3,74,,False,2,2,51.0,1.62674881,2.0,2.0,3.0,2,False,1,3.0
2667,2,13.0,True,2.0,2.0,,False,False,False,3,2,False,1,,3,7,53,,False,1,2,24.0,0.47459450067,2.0,1.0,2.0,1,False,2,3.0
2670,2,2.0,True,1.0,6.0,3.0,False,False,False,2,1,False,3,3.0,3,8,55,,False,1,1,55.0,0.545506396,3.0,3.0,3.0,1,True,2,2.0
2684,1,20.0,True,2.0,2.0,,False,False,False,3,2,False,3,1.0,3,7,53,,False,9,1,11.0,0.503301614,2.0,3.0,2.0,9,True,2,3.0
2686,1,20.0,True,1.0,2.0,,False,False,True,1,2,False,2,,1,7,54,,False,1,2,24.0,0.472233334,2.0,2.0,2.0,1,False,2,3.0
2689,2,1.0,False,,,,False,False,False,3,1,False,3,2.0,1,3,20,,False,1,1,4.0,1.859031019,,3.0,1.0,1,True,1,4.0
2690,2,20.0,True,1.0,2.0,,False,True,True,3,2,False,2,,1,8,53,,False,2,2,47.0,0.665262157,2.0,2.0,2.0,2,False,2,3.0
2718,1,15.0,True,1.0,2.0,,False,True,True,2,2,True,2,,3,5,42,,False,1,1,27.0,0.969789148,2.0,2.0,2.0,1,True,2,2.0
2721,1,20.0,True,1.0,1.0,,False,False,True,3,2,True,4,3.0,3,6,21,,False,1,1,5.0,1.139454656,1.0,3.0,1.0,1,True,2,3.0
2758,1,20.0,True,1.0,2.0,,False,False,False,2,2,False,4,2.0,1,8,20,,False,9,1,45.0,0.777081395,2.0,2.0,1.0,9,True,2,3.0
2780,2,20.0,True,1.0,2.0,,False,False,False,1,2,False,2,,1,7,30,,False,1,2,37.0,0.729112977,2.0,2.0,1.0,1,False,2,3.0
2795,2,3.0,True,1.0,8.0,2.0,False,False,False,2,1,False,3,3.0,3,3,29,,False,1,1,29.0,2.040105221,2.0,3.0,1.0,1,True,1,2.0
2823,1,20.0,True,3.0,2.0,,False,True,True,2,2,False,2,,4,9,32,,False,9,1,37.0,0.966179839,2.0,2.0,1.0,9,True,3,3.0
2834,2,20.0,True,1.0,2.0,,False,False,False,3,2,True,3,2.0,1,6,30,,False,1,2,12.0,1.263052854,2.0,3.0,1.0,1,False,2,3.0
2865,2,1.0,True,1.0,2.0,,False,True,True,3,1,False,2,,4,7,20,,False,1,2,37.0,0.729112977,2.0,2.0,1.0,1,False,2,3.0
2883,1,1.0,True,2.0,1.0,,False,False,True,3,1,True,3,1.0,3,5,46,,False,1,2,1.0,1.020158075,1.0,3.0,2.0,1,False,2,3.0
2908,1,20.0,True,1.0,6.0,1.0,False,False,False,3,2,True,4,1.0,3,5,30,,False,1,2,53.0,1.177151612,1.0,1.0,1.0,1,False,2,4.0
2920,1,1.0,False,,,,False,False,True,3,1,False,2,,1,2,18,,False,1,2,48.0,2.060682645,,2.0,1.0,1,False,1,3.0
2931,1,28.0,True,1.0,1.0,,False,False,True,3,2,False,3,1.0,2,5,45,,False,1,1,5.0,0.920328761,1.0,3.0,2.0,1,True,2,3.0
2932,2,9.0,True,1.0,1.0,,True,False,True,3,2,False,3,1.0,3,3,45,,False,1,2,39.0,1.818606244,1.0,3.0,2.0,1,False,1,2.0
2936,1,20.0,True,2.0,8.0,2.0,False,False,False,2,2,False,1,,3,8,44,,False,1,2,27.0,0.523030661595,2.0,1.0,2.0,1,False,2,2.0
2965,2,1.0,True,1.0,2.0,,False,False,True,3,9,False,3,3.0,1,4,45,,False,1,2,51.0,1.725855186,2.0,3.0,2.0,1,False,2,3.0
2980,1,1.0,True,1.0,1.0,,True,False,True,1,2,False,3,1.0,3,6,54,,False,1,2,12.0,1.020158075,1.0,3.0,2.0,1,False,2,3.0
2981,1,20.0,True,1.0,2.0,,False,False,True,3,3,False,2,,2,3,51,,False,5,2,48.0,3.262245341,2.0,2.0,2.0,9,False,1,3.0
2982,1,20.0,True,1.0,1.0,,True,False,True,3,3,True,1,,2,6,40,,False,1,1,36.0,0.884380044720001,1.0,1.0,2.0,1,True,2,1.0
3009,2,20.0,True,1.0,1.0,,True,False,True,3,2,True,1,,2,6,37,,True,1,2,6.0,1.79005851676501,1.0,1.0,2.0,4,False,2,4.0
3027,2,9.0,True,1.0,1.0,,False,False,True,2,2,True,2,,3,7,50,,False,1,2,39.0,0.520428519,1.0,2.0,2.0,1,False,2,2.0
3036,2,20.0,True,1.0,1.0,,True,False,True,3,2,True,1,,3,5,30,,False,1,2,30.0,1.218866053215,1.0,1.0,1.0,1,False,2,4.0
3044,2,20.0,True,1.0,2.0,,False,True,True,3,2,False,3,2.0,3,7,47,,False,1,2,51.0,0.493886052,2.0,3.0,2.0,1,False,2,3.0
3072,1,13.0,True,1.0,1.0,,True,False,True,1,3,True,3,3.0,2,8,55,,False,1,2,29.0,0.604678218,1.0,3.0,3.0,1,False,2,2.0
3073,1,20.0,True,1.0,2.0,,False,False,True,3,2,True,1,,3,7,62,,False,1,1,4.0,0.499574172645,2.0,1.0,3.0,1,True,2,4.0
3075,2,13.0,True,1.0,2.0,,False,False,False,3,2,True,1,,2,7,37,,False,1,1,6.0,0.41732963283,2.0,1.0,2.0,1,True,2,4.0
3078,1,20.0,True,1.0,1.0,,False,False,True,1,2,True,4,1.0,2,6,99,2.0,False,1,1,48.0,0.883713296,1.0,1.0,3.0,1,True,2,3.0
3081,2,20.0,True,1.0,1.0,,True,False,True,3,3,True,1,,3,8,33,,False,1,2,10.0,0.700633289760002,1.0,1.0,1.0,1,False,2,3.0
3082,1,20.0,True,1.0,2.0,,False,False,False,3,2,True,3,2.0,1,8,52,,False,1,1,34.0,0.426022133,2.0,3.0,2.0,1,True,2,1.0
3085,2,20.0,True,1.0,1.0,,True,False,True,1,2,True,1,,3,6,31,,False,1,1,47.0,1.14515192928,1.0,1.0,1.0,1,True,2,3.0
3090,2,1.0,True,1.0,2.0,,False,False,False,1,1,False,3,2.0,3,7,29,,True,9,1,6.0,1.148428722,2.0,3.0,1.0,4,True,2,4.0
3093,1,20.0,True,1.0,1.0,,False,False,False,3,2,False,3,3.0,3,5,49,,False,9,1,21.0,1.087274379,1.0,3.0,2.0,9,True,2,3.0
3094,2,2.0,True,1.0,2.0,,False,False,False,3,1,False,3,2.0,1,7,36,,False,1,1,53.0,0.415253366,2.0,3.0,2.0,1,True,2,4.0
3095,2,20.0,True,1.0,2.0,,False,False,True,2,2,False,2,,1,8,44,,False,1,2,27.0,0.520428519,2.0,2.0,2.0,1,False,2,2.0
3096,1,20.0,True,1.0,1.0,,True,False,True,3,2,True,1,,3,3,50,,False,1,2,5.0,1.73448446193001,1.0,1.0,2.0,1,False,1,3.0
3098,2,20.0,True,1.0,2.0,,False,False,False,3,2,False,2,,3,6,21,,False,5,2,36.0,2.377361777,2.0,2.0,1.0,9,False,2,1.0
3101,1,3.0,True,2.0,1.0,,False,False,True,3,1,True,3,1.0,2,5,55,,False,1,1,17.0,0.743697335,1.0,3.0,3.0,1,True,2,2.0
3103,1,2.0,True,1.0,2.0,,False,False,True,3,2,False,1,,2,5,58,,False,1,2,39.0,0.828489033990003,2.0,1.0,3.0,1,False,2,2.0
3105,2,1.0,True,1.0,2.0,,False,False,False,3,1,False,2,,3,8,46,,False,1,1,6.0,0.415253366,2.0,2.0,2.0,1,True,2,4.0
3111,1,20.0,True,1.0,2.0,,False,True,True,1,2,False,2,,3,3,29,,False,1,1,36.0,1.851177741,2.0,2.0,1.0,1,True,1,1.0
3117,1,13.0,True,1.0,2.0,,False,False,True,1,1,False,2,,3,5,51,,False,2,1,12.0,1.239678453,2.0,2.0,2.0,2,True,2,3.0
3124,2,12.0,True,1.0,2.0,,False,False,False,2,1,False,3,2.0,3,8,37,,False,1,2,31.0,0.520428519,2.0,3.0,2.0,1,False,2,2.0
3125,2,1.0,False,,,,False,False,True,3,1,False,3,2.0,1,3,18,,False,1,2,37.0,2.146064243,,3.0,1.0,1,False,1,3.0
3126,2,20.0,True,1.0,1.0,,False,False,False,3,2,False,3,2.0,1,6,21,,False,1,1,21.0,1.139454656,1.0,3.0,1.0,1,True,2,3.0
3128,1,20.0,True,2.0,1.0,,False,False,False,3,3,True,3,9.0,3,2,18,,True,4,1,6.0,3.380274243,1.0,3.0,1.0,4,True,1,4.0
3131,2,20.0,False,,,,False,False,True,3,2,True,3,1.0,2,8,35,,False,1,1,29.0,0.469501096,,3.0,2.0,1,True,2,2.0
3133,1,30.0,True,1.0,1.0,,True,False,True,3,2,True,9,3.0,4,3,53,,False,1,2,55.0,1.818606244,1.0,3.0,2.0,1,False,1,2.0
3134,2,20.0,True,1.0,2.0,,False,False,True,3,1,True,4,1.0,3,7,25,,False,1,2,30.0,0.700105071,2.0,1.0,1.0,1,False,2,4.0
3136,2,20.0,False,,,,False,False,False,3,2,False,2,,3,5,63,,False,2,2,13.0,1.053786026,,2.0,3.0,2,False,2,3.0
3138,1,20.0,True,1.0,2.0,,False,True,True,1,2,False,2,,1,3,64,,True,1,2,32.0,2.172429303,2.0,2.0,3.0,4,False,1,4.0
3140,1,20.0,False,,,,True,False,True,3,2,False,3,1.0,3,6,58,,False,1,2,45.0,0.782323501,,3.0,3.0,1,False,2,3.0
3141,2,20.0,True,1.0,2.0,,False,True,True,1,2,False,3,2.0,3,8,51,,False,2,1,51.0,0.600161791,2.0,3.0,2.0,2,True,2,3.0
3144,1,2.0,True,1.0,2.0,,False,True,True,1,2,False,2,,1,6,46,,False,1,2,5.0,1.020158075,2.0,2.0,2.0,1,False,2,3.0
3145,2,30.0,False,,,,False,True,True,3,1,False,3,3.0,1,3,48,,False,9,2,36.0,1.949532101,,3.0,2.0,9,False,1,1.0
3150,2,20.0,True,1.0,2.0,,False,True,True,1,2,False,2,,3,5,42,,False,1,1,37.0,0.920328761,2.0,2.0,2.0,1,True,2,3.0
3151,2,1.0,True,1.0,2.0,,False,False,True,3,1,False,3,2.0,3,6,30,,False,1,1,12.0,1.139454656,2.0,3.0,1.0,1,True,2,3.0
3152,2,20.0,True,1.0,2.0,,False,False,False,3,2,False,2,,3,7,37,,False,5,2,29.0,1.024483481,2.0,2.0,2.0,9,False,2,2.0
3154,2,20.0,True,1.0,2.0,,False,False,False,2,2,False,2,,1,8,34,,False,1,2,29.0,0.76829703,2.0,2.0,1.0,1,False,2,2.0
3155,2,20.0,False,,,,False,False,False,1,2,False,2,,1,7,26,,False,1,2,19.0,0.76829703,,2.0,1.0,1,False,2,2.0
3156,2,20.0,True,1.0,2.0,,False,True,False,1,1,False,2,,3,7,44,,False,2,1,34.0,0.573849782,2.0,2.0,2.0,2,True,2,1.0
3157,2,13.0,True,1.0,2.0,,False,False,False,1,2,False,2,,1,7,46,,False,1,1,48.0,0.427829453,2.0,2.0,2.0,1,True,2,3.0
3165,1,20.0,True,1.0,2.0,,False,False,False,2,2,False,3,2.0,3,8,53,,False,1,2,20.0,0.520428519,2.0,3.0,2.0,1,False,2,2.0
3166,2,20.0,True,1.0,1.0,,False,False,True,3,1,True,3,1.0,3,7,43,,True,1,2,48.0,0.888419279,1.0,3.0,2.0,4,False,2,3.0
3167,2,20.0,True,1.0,6.0,2.0,False,False,False,1,1,False,4,2.0,1,3,26,,False,1,2,1.0,2.146064243,2.0,2.0,1.0,1,False,1,3.0
3168,1,30.0,True,1.0,1.0,,False,False,True,3,3,True,1,,2,7,40,,True,9,2,6.0,0.866615631555002,1.0,1.0,2.0,4,False,2,4.0
3170,1,28.0,True,1.0,1.0,,True,False,True,3,2,True,3,1.0,3,3,38,,False,1,1,42.0,1.488708791,1.0,3.0,2.0,1,True,1,1.0
3174,1,20.0,True,1.0,1.0,,True,False,True,3,2,True,1,,2,3,51,,False,1,2,8.0,1.66547764845,1.0,1.0,2.0,1,False,1,4.0
3176,2,20.0,False,,,,False,False,False,3,2,False,3,2.0,2,7,34,,False,1,1,54.0,0.657764379,,3.0,1.0,1,True,2,3.0
3177,2,13.0,False,,,,False,False,True,3,1,True,2,,1,8,37,,False,1,2,24.0,0.472233334,,2.0,2.0,1,False,2,3.0
3179,2,20.0,True,1.0,2.0,,False,False,False,1,2,False,3,1.0,3,8,28,,False,1,2,26.0,0.76829703,2.0,3.0,1.0,1,False,2,2.0
3180,2,1.0,True,2.0,1.0,,False,False,True,3,2,True,1,,2,6,29,,False,1,1,36.0,1.094946721125,1.0,1.0,1.0,1,True,2,1.0
3183,1,20.0,False,,,,True,False,True,3,1,True,4,1.0,2,1,46,,False,1,1,36.0,1.488708791,,1.0,2.0,1,True,1,1.0
3184,2,20.0,True,1.0,1.0,,True,False,True,3,2,True,1,,2,3,27,,False,1,2,12.0,2.15679456421501,1.0,1.0,1.0,1,False,1,3.0
3188,1,28.0,True,1.0,1.0,,True,False,True,3,2,True,1,,2,7,54,,False,1,2,8.0,0.47660787948,1.0,1.0,2.0,1,False,2,4.0
3191,1,20.0,True,1.0,2.0,,False,False,False,1,2,False,9,2.0,3,7,51,,False,2,1,6.0,0.559344304,2.0,2.0,2.0,2,True,2,4.0
3196,2,20.0,True,1.0,1.0,,True,False,True,1,1,True,1,,2,6,49,,False,1,1,26.0,0.974638093740001,1.0,1.0,2.0,1,True,2,2.0
3198,1,3.0,True,3.0,2.0,,False,False,False,2,1,False,3,1.0,2,3,51,,False,2,1,6.0,1.95459512,2.0,3.0,2.0,2,True,1,4.0
3200,1,20.0,True,1.0,2.0,,False,True,False,1,2,False,1,,2,8,53,,False,1,1,29.0,0.47184860148,2.0,1.0,2.0,1,True,2,2.0
3201,2,20.0,True,1.0,1.0,,True,False,True,1,2,True,1,,2,7,53,,False,1,1,55.0,0.47184860148,1.0,1.0,2.0,1,True,2,2.0
3206,2,5.0,True,1.0,2.0,,False,False,False,3,2,False,4,2.0,3,5,31,,False,1,1,49.0,1.094121223,2.0,2.0,1.0,1,True,2,4.0
3208,2,20.0,True,1.0,2.0,,False,False,True,3,2,True,2,,3,8,37,,False,1,2,42.0,0.472233334,2.0,2.0,2.0,1,False,2,1.0
3210,2,20.0,True,1.0,2.0,,False,False,False,2,2,False,4,2.0,1,5,35,,False,1,1,1.0,0.920328761,2.0,2.0,2.0,1,True,2,3.0
3211,2,1.0,True,1.0,2.0,,False,False,False,3,2,False,2,,1,5,47,,False,1,2,17.0,1.074983498,2.0,2.0,2.0,1,False,2,2.0
3212,2,20.0,True,1.0,2.0,,False,True,False,1,2,False,2,,3,8,51,,False,2,2,24.0,0.63609605,2.0,2.0,2.0,2,False,2,3.0
3214,2,20.0,True,1.0,6.0,2.0,False,False,False,3,1,False,2,,1,5,22,,True,1,2,55.0,2.49332372,2.0,2.0,1.0,4,False,2,2.0
3215,2,20.0,True,1.0,1.0,,False,False,True,3,3,True,1,,3,6,34,,False,1,2,28.0,1.26936811827,1.0,1.0,1.0,1,False,2,3.0
3216,2,20.0,True,2.0,1.0,,False,False,False,2,2,True,3,1.0,2,8,42,,True,9,1,48.0,0.80148149,1.0,3.0,2.0,4,True,2,3.0
3218,1,12.0,True,1.0,1.0,,True,False,True,1,2,True,1,,3,7,52,,False,1,2,12.0,0.49635548226,1.0,1.0,2.0,1,False,2,3.0
3220,2,20.0,True,1.0,2.0,,False,False,False,3,2,False,3,2.0,3,3,38,,False,1,1,41.0,1.45107798,2.0,3.0,2.0,1,True,1,4.0
3225,1,13.0,True,1.0,1.0,,True,False,True,3,3,True,1,,2,9,49,,False,1,2,16.0,0.874824112769999,1.0,1.0,2.0,1,False,3,4.0
3226,1,20.0,True,1.0,1.0,,True,False,True,1,3,True,3,1.0,3,8,53,,False,1,1,19.0,0.469501096,1.0,3.0,2.0,1,True,2,2.0
3229,2,20.0,True,1.0,2.0,,False,False,True,3,2,False,2,,3,5,33,,False,2,2,5.0,1.701326173,2.0,2.0,1.0,2,False,2,3.0
3231,1,9.0,True,1.0,1.0,,True,False,True,3,2,True,1,,2,6,52,,False,1,2,41.0,0.95553018351,1.0,1.0,2.0,1,False,2,4.0
3233,1,13.0,True,1.0,2.0,,False,False,False,2,1,False,3,2.0,1,8,31,,False,1,1,48.0,0.631595091,2.0,3.0,1.0,1,True,2,3.0
3235,2,13.0,True,1.0,1.0,,True,False,True,1,2,True,3,3.0,3,8,33,,False,1,1,51.0,0.657764379,1.0,3.0,1.0,1,True,2,3.0
3239,2,1.0,True,1.0,2.0,,False,False,True,3,2,True,2,,3,5,23,,False,1,1,42.0,1.089499225,2.0,2.0,1.0,1,True,2,1.0
3249,2,20.0,True,2.0,2.0,,False,False,False,2,2,False,2,,1,7,25,,False,1,2,48.0,0.700105071,2.0,2.0,1.0,1,False,2,3.0
3251,2,2.0,True,1.0,2.0,,False,True,False,3,1,False,3,2.0,3,3,25,,False,1,1,21.0,1.936057454,2.0,3.0,1.0,1,True,1,3.0
3252,2,20.0,True,1.0,2.0,,False,False,False,3,2,False,3,2.0,3,5,50,,False,1,1,26.0,0.969789148,2.0,3.0,2.0,1,True,2,2.0
3253,2,10.0,True,1.0,1.0,,True,False,True,1,3,True,1,,2,8,29,,False,1,1,34.0,0.632071619925,1.0,1.0,1.0,1,True,2,1.0
3255,1,20.0,True,3.0,2.0,,False,False,True,2,2,True,2,,1,5,51,,False,1,2,29.0,1.074983498,2.0,2.0,2.0,1,False,2,2.0
3256,2,18.0,False,,,,False,False,False,3,3,False,4,2.0,1,7,21,,False,2,1,6.0,0.825747536,,2.0,1.0,2,True,2,4.0
3258,2,20.0,True,2.0,1.0,,False,False,True,1,2,True,1,,2,7,51,,False,1,1,55.0,0.47184860148,1.0,1.0,2.0,1,True,2,2.0
3261,2,20.0,True,1.0,2.0,,False,False,False,1,1,True,3,3.0,3,7,50,,False,1,2,34.0,0.472233334,2.0,3.0,2.0,1,False,2,1.0
3266,1,13.0,True,1.0,1.0,,True,False,True,3,2,True,1,,2,7,30,,False,1,1,26.0,0.696579579045002,1.0,1.0,1.0,1,True,2,2.0
3268,2,20.0,True,1.0,1.0,,True,False,True,1,3,False,3,1.0,2,3,48,,False,1,1,47.0,1.556968673,1.0,3.0,2.0,1,True,1,3.0
3271,2,20.0,True,1.0,2.0,,False,False,False,1,2,False,2,,3,7,43,,False,1,1,48.0,0.427829453,2.0,2.0,2.0,1,True,2,3.0
3273,1,1.0,True,1.0,1.0,,False,False,True,3,2,True,1,,2,8,50,,False,1,2,21.0,0.49635548226,1.0,1.0,2.0,1,False,2,3.0
3274,2,20.0,True,1.0,2.0,,False,False,True,3,2,False,2,,1,7,33,,False,1,1,6.0,0.613029294,2.0,2.0,1.0,1,True,2,4.0
3275,2,20.0,True,1.0,1.0,,True,False,True,3,2,True,1,,2,3,26,,False,1,2,42.0,2.06223739955999,1.0,1.0,1.0,1,False,1,1.0
3277,2,15.0,False,,,,False,True,True,3,2,False,2,,1,7,44,,False,1,2,20.0,0.520428519,,2.0,2.0,1,False,2,2.0
3278,2,3.0,False,,,,False,False,False,3,1,False,4,2.0,3,7,38,,False,1,1,27.0,0.469501096,,2.0,2.0,1,True,2,2.0
3280,1,20.0,True,1.0,2.0,,False,True,False,1,1,False,2,,1,8,54,,False,1,1,32.0,0.427829453,2.0,2.0,2.0,1,True,2,4.0
3281,1,3.0,True,1.0,2.0,,False,True,False,3,1,False,2,,3,5,50,,False,1,1,39.0,0.969789148,2.0,2.0,2.0,1,True,2,2.0
3282,2,1.0,True,1.0,2.0,,False,False,False,3,1,False,3,2.0,1,7,31,,False,2,1,42.0,0.84716165,2.0,3.0,1.0,2,True,2,1.0
3284,2,20.0,True,4.0,1.0,,True,False,False,2,3,True,3,3.0,2,7,37,,False,2,1,36.0,0.573849782,1.0,3.0,2.0,2,True,2,1.0
3285,1,30.0,True,1.0,1.0,,True,False,True,1,2,True,1,,2,6,44,,False,1,2,53.0,0.95553018351,1.0,1.0,2.0,1,False,2,4.0
3288,2,1.0,True,1.0,1.0,,False,False,True,3,2,True,1,,3,7,55,,False,9,2,5.0,0.68132169819,1.0,1.0,3.0,9,False,2,3.0
3289,2,20.0,True,1.0,2.0,,False,True,True,3,2,False,2,,1,7,39,,False,1,2,53.0,0.460296464,2.0,2.0,2.0,1,False,2,4.0
3291,2,20.0,False,,,,False,False,False,2,2,False,4,2.0,3,6,39,,False,3,1,36.0,1.732274631,,2.0,2.0,3,True,2,1.0
3292,2,20.0,False,,,,False,False,True,1,1,False,2,,3,7,35,,False,1,2,25.0,0.472233334,,2.0,2.0,1,False,2,1.0
3293,2,9.0,True,1.0,2.0,,False,False,False,2,2,False,2,,1,7,41,,False,1,2,36.0,0.472233334,2.0,2.0,2.0,1,False,2,1.0
3295,2,1.0,True,1.0,2.0,,False,False,True,3,2,False,2,,3,7,42,,False,1,2,26.0,0.520428519,2.0,2.0,2.0,1,False,2,2.0
3296,2,8.0,True,1.0,8.0,2.0,False,False,True,2,2,False,2,,3,7,36,,True,9,1,34.0,0.798095717,2.0,2.0,2.0,4,True,2,1.0
3297,1,8.0,True,1.0,1.0,,True,False,True,1,2,True,1,,2,7,49,,False,1,1,1.0,0.447783766935,1.0,1.0,2.0,1,True,2,3.0
3298,2,20.0,True,1.0,1.0,,True,False,True,1,2,True,1,,2,3,49,,False,1,1,35.0,1.502499482805,1.0,1.0,2.0,1,True,1,4.0
3301,2,2.0,True,1.0,2.0,,False,False,False,2,2,False,2,,1,7,24,,False,3,1,34.0,1.238066869,2.0,2.0,1.0,3,True,2,1.0
3303,2,1.0,False,,,,False,False,True,3,1,True,1,,2,5,39,,True,4,2,34.0,1.836480111975,,1.0,2.0,4,False,2,1.0
3304,2,20.0,False,,,,False,False,True,3,3,True,4,1.0,2,3,48,,False,1,1,18.0,1.640643418,,1.0,2.0,1,True,1,2.0
3307,2,8.0,True,1.0,1.0,,False,False,True,1,3,True,3,3.0,3,7,54,,False,1,1,36.0,0.426022133,1.0,3.0,2.0,1,True,2,1.0
3309,1,20.0,True,1.0,2.0,,False,False,False,2,1,False,2,,1,7,35,,False,5,2,6.0,0.906111226,2.0,2.0,2.0,9,False,2,4.0
3311,2,13.0,True,1.0,1.0,,True,False,True,1,3,True,1,,3,7,42,,False,1,1,6.0,0.41732963283,1.0,1.0,2.0,1,True,2,4.0
3312,2,13.0,True,1.0,1.0,,True,False,True,1,3,True,3,1.0,3,6,48,,False,1,2,32.0,0.979570881,1.0,3.0,2.0,1,False,2,4.0
3313,1,13.0,True,1.0,2.0,,False,False,True,3,1,True,2,,2,3,55,,False,1,1,36.0,1.041741199,2.0,2.0,3.0,1,True,1,1.0
3314,2,1.0,True,1.0,9.0,2.0,False,False,False,3,1,True,2,,1,8,36,,False,1,2,36.0,0.472233334,2.0,2.0,2.0,1,False,2,1.0
3315,2,20.0,True,1.0,1.0,,True,False,True,1,1,True,1,,2,6,59,,False,1,1,15.0,0.661056893265,1.0,1.0,3.0,1,True,2,4.0
3316,1,20.0,True,1.0,2.0,,False,False,False,1,1,False,3,2.0,3,8,52,,False,1,2,36.0,0.472233334,2.0,3.0,2.0,1,False,2,1.0
3317,1,20.0,True,1.0,1.0,,True,False,True,3,2,True,1,,2,8,47,,False,1,2,53.0,0.46259794632,1.0,1.0,2.0,1,False,2,4.0
3320,2,3.0,True,1.0,2.0,,False,False,False,2,1,False,4,3.0,1,5,34,,True,1,1,42.0,2.041031671,2.0,3.0,1.0,4,True,2,1.0
3321,2,20.0,True,1.0,2.0,,False,False,True,3,2,False,2,,1,7,32,,False,1,2,6.0,0.679525416,2.0,2.0,1.0,1,False,2,4.0
3323,2,20.0,True,1.0,2.0,,False,False,True,3,2,False,2,,1,7,33,,False,1,2,53.0,0.679525416,2.0,2.0,1.0,1,False,2,4.0
3324,2,6.0,True,1.0,2.0,,False,False,False,3,2,False,2,,3,7,44,,True,1,2,42.0,0.884666247,2.0,2.0,2.0,4,False,2,1.0
3326,2,20.0,True,1.0,2.0,,False,False,True,3,1,True,2,,3,3,27,,False,1,2,36.0,2.051977512,2.0,2.0,1.0,1,False,1,1.0
3328,1,20.0,True,1.0,1.0,,True,False,True,3,1,True,3,1.0,3,6,49,,False,1,1,6.0,0.85773646,1.0,3.0,2.0,1,True,2,4.0
3329,2,20.0,True,1.0,2.0,,False,False,True,3,1,False,3,2.0,3,8,52,,True,1,1,48.0,0.80148149,2.0,3.0,2.0,4,True,2,3.0
3334,2,1.0,True,1.0,6.0,3.0,False,False,False,2,1,False,1,,2,7,56,,False,1,1,36.0,0.497463775155,3.0,1.0,3.0,1,True,2,1.0
3340,2,20.0,True,2.0,6.0,3.0,False,False,False,3,1,False,3,3.0,3,7,31,,True,5,1,6.0,1.148428722,3.0,3.0,1.0,4,True,2,4.0
3341,2,20.0,True,1.0,2.0,,False,False,True,3,2,False,2,,1,7,31,,True,1,2,37.0,1.36589604,2.0,2.0,1.0,4,False,2,3.0
3343,2,28.0,True,1.0,1.0,,False,False,True,3,2,True,3,1.0,2,4,31,,True,1,1,49.0,3.482646979,1.0,3.0,1.0,4,True,2,4.0
3344,2,20.0,True,1.0,2.0,,False,True,True,3,1,False,3,2.0,3,7,44,,False,1,2,53.0,0.460296464,2.0,3.0,2.0,1,False,2,4.0
3345,2,10.0,True,1.0,2.0,,False,True,False,1,1,False,1,,1,3,38,,False,1,1,48.0,1.502499482805,2.0,1.0,2.0,1,True,1,3.0
3346,2,28.0,True,1.0,8.0,2.0,False,False,False,2,2,False,2,,1,5,46,,False,1,1,36.0,0.879980144,2.0,2.0,2.0,1,True,2,1.0
3348,2,20.0,True,1.0,1.0,,True,False,True,1,3,True,3,1.0,2,8,41,,False,9,1,6.0,0.490579415,1.0,3.0,2.0,9,True,2,4.0
3350,2,20.0,False,,,,False,False,True,3,2,False,2,,1,3,99,1.0,False,1,1,36.0,1.851177741,,2.0,3.0,1,True,1,1.0
3353,2,3.0,True,4.0,1.0,,False,False,False,3,1,False,4,1.0,3,6,44,,False,1,1,53.0,0.85773646,1.0,1.0,2.0,1,True,2,4.0
3357,2,1.0,True,1.0,2.0,,False,True,True,1,2,False,3,3.0,3,7,54,,True,5,1,8.0,0.80148149,2.0,3.0,2.0,4,True,2,4.0
3358,2,3.0,True,1.0,1.0,,True,False,True,1,1,False,1,,3,3,47,,False,1,2,40.0,1.66547764845,1.0,1.0,2.0,1,False,1,3.0
3360,2,28.0,True,1.0,1.0,,True,False,True,3,2,True,1,,2,3,45,,False,5,1,49.0,2.95772780470501,1.0,1.0,2.0,9,True,1,4.0
3362,2,2.0,True,1.0,1.0,,True,False,True,1,3,True,1,,2,7,30,,False,1,1,6.0,0.616094440469999,1.0,1.0,1.0,1,True,2,4.0
3366,2,20.0,True,1.0,1.0,,False,False,True,3,2,True,3,1.0,2,7,45,,False,1,1,28.0,0.445555987,1.0,3.0,2.0,1,True,2,3.0
3367,2,1.0,False,,,,False,False,True,3,1,False,3,2.0,1,3,35,,False,9,1,1.0,1.839399376,,3.0,2.0,9,True,1,3.0
3369,2,30.0,True,1.0,1.0,,True,False,True,2,2,True,3,1.0,2,5,34,,False,1,1,6.0,1.061959427,1.0,3.0,1.0,1,True,2,4.0
3371,2,13.0,True,1.0,2.0,,False,False,True,3,2,False,2,,3,7,39,,True,5,1,35.0,0.80148149,2.0,2.0,2.0,4,True,2,4.0
3374,2,20.0,True,1.0,1.0,,False,False,False,3,2,True,1,,2,8,40,,False,1,1,4.0,0.429968600265,1.0,1.0,2.0,1,True,2,4.0
3383,2,1.0,True,1.0,2.0,,False,False,False,3,1,False,3,2.0,3,8,30,,False,1,2,6.0,0.679525416,2.0,3.0,1.0,1,False,2,4.0
3386,2,17.0,True,1.0,1.0,,True,False,True,1,3,True,4,1.0,2,3,52,,False,1,1,6.0,1.45107798,1.0,1.0,2.0,1,True,1,4.0
3390,2,30.0,True,1.0,9.0,3.0,True,False,False,3,2,True,3,3.0,3,7,55,,False,1,2,48.0,0.55100862,3.0,3.0,3.0,1,False,2,3.0
3392,2,1.0,False,,,,False,False,False,2,3,True,3,3.0,2,6,27,,True,1,1,6.0,1.989439527,,3.0,1.0,4,True,2,4.0
3396,2,20.0,True,3.0,8.0,9.0,False,False,False,3,2,False,3,3.0,4,8,40,,False,9,1,6.0,0.490579415,3.0,3.0,2.0,9,True,2,4.0
3397,2,20.0,True,1.0,1.0,,False,False,True,3,2,True,1,,2,8,52,,False,1,1,48.0,0.429968600265,1.0,1.0,2.0,1,True,2,3.0
3401,2,20.0,True,1.0,1.0,,False,False,True,3,2,True,1,,2,5,33,,False,1,2,4.0,1.218866053215,1.0,1.0,1.0,1,False,2,4.0
3404,2,20.0,True,1.0,6.0,2.0,False,False,True,3,2,False,2,,1,6,43,,True,4,2,6.0,1.781152753,2.0,2.0,2.0,4,False,2,4.0
3405,2,28.0,True,1.0,1.0,,True,False,True,3,2,True,1,,2,8,47,,False,1,1,39.0,0.47184860148,1.0,1.0,2.0,1,True,2,2.0
3406,2,20.0,True,1.0,1.0,,False,False,False,3,2,False,4,3.0,4,6,45,,False,1,1,17.0,0.969789148,1.0,3.0,2.0,1,True,2,2.0
3407,2,20.0,True,1.0,1.0,,True,False,True,3,3,True,1,,2,7,42,,False,1,1,51.0,0.447783766935,1.0,1.0,2.0,1,True,2,3.0
3415,1,20.0,True,1.0,1.0,,False,False,True,2,2,True,1,,3,3,78,,False,1,2,20.0,1.278953712795,1.0,1.0,3.0,1,False,1,2.0
3417,1,20.0,True,1.0,1.0,,True,False,True,1,3,True,1,,2,3,74,,False,2,1,36.0,1.410236531145,1.0,1.0,3.0,2,True,1,1.0
3418,1,20.0,True,1.0,8.0,1.0,False,False,False,3,2,True,2,,3,3,72,,False,1,2,51.0,1.207687133,1.0,2.0,3.0,1,False,1,3.0
3419,1,20.0,True,2.0,2.0,,False,False,True,3,2,False,2,,1,8,94,,False,1,2,17.0,0.604678218,2.0,2.0,3.0,1,False,2,2.0
3421,1,14.0,True,1.0,2.0,,False,True,False,3,2,False,2,,2,3,60,,False,2,2,37.0,1.62674881,2.0,2.0,3.0,2,False,1,3.0
3426,1,20.0,True,1.0,1.0,,True,False,True,1,2,True,1,,2,7,72,,True,1,1,18.0,1.02704323584,1.0,1.0,3.0,4,True,2,2.0
3428,1,20.0,True,1.0,8.0,3.0,False,False,True,3,2,False,2,,2,8,59,,False,1,1,32.0,0.497088729,3.0,2.0,3.0,1,True,2,4.0
3436,2,20.0,True,1.0,1.0,,True,False,True,3,2,True,1,,2,6,46,,False,1,1,51.0,0.924930404804998,1.0,1.0,2.0,1,True,2,3.0
3440,1,3.0,True,1.0,2.0,,False,True,True,1,2,False,2,,3,8,73,,False,2,2,26.0,0.814498676,2.0,2.0,3.0,2,False,2,2.0
3442,2,20.0,True,1.0,2.0,,False,False,False,2,2,True,2,,1,6,21,,False,2,1,51.0,1.534839989,2.0,2.0,1.0,2,True,2,3.0
3446,1,29.0,True,1.0,2.0,,False,False,True,3,1,False,2,,1,3,64,,False,2,2,13.0,1.62674881,2.0,2.0,3.0,2,False,1,3.0
3449,1,20.0,True,1.0,2.0,,False,False,True,1,2,False,2,,1,5,80,,False,2,1,17.0,1.001756765,2.0,2.0,3.0,2,True,2,2.0
3452,1,20.0,True,1.0,2.0,,False,False,False,2,2,False,1,,3,7,41,,False,1,1,41.0,0.41732963283,2.0,1.0,2.0,1,True,2,4.0
3460,1,10.0,True,1.0,8.0,1.0,False,False,True,3,2,True,1,,3,7,47,,True,4,2,6.0,0.866615631555002,1.0,1.0,2.0,4,False,2,4.0
3463,1,20.0,True,1.0,2.0,,False,False,False,2,1,False,4,2.0,4,8,72,,False,1,2,6.0,0.53481167,2.0,2.0,3.0,1,False,2,4.0
3466,2,20.0,True,1.0,1.0,,True,False,True,1,2,True,1,,2,7,38,,False,1,1,26.0,0.47184860148,1.0,1.0,2.0,1,True,2,2.0
3467,2,2.0,True,1.0,1.0,,True,False,False,2,2,True,1,,2,6,47,,False,1,2,9.0,0.980309951939999,1.0,1.0,2.0,1,False,2,1.0
3470,1,20.0,True,1.0,2.0,,False,True,True,1,1,True,1,,3,7,98,,False,5,2,6.0,1.058061251325,2.0,1.0,3.0,9,False,2,4.0
3473,2,20.0,True,1.0,2.0,,False,False,False,3,2,False,2,,3,7,34,,False,1,2,34.0,0.697147552,2.0,2.0,1.0,1,False,2,1.0
3475,1,20.0,True,1.0,2.0,,False,False,True,1,2,False,2,,1,7,88,,False,1,2,20.0,0.604678218,2.0,2.0,3.0,1,False,2,2.0
3476,1,20.0,False,,,,False,False,False,2,1,False,3,2.0,2,7,62,,True,9,2,35.0,1.032241252,,3.0,3.0,4,False,2,4.0
3478,2,20.0,True,1.0,2.0,,False,False,True,2,1,True,2,,1,8,31,,False,1,2,6.0,0.679525416,2.0,2.0,1.0,1,False,2,4.0
3483,1,3.0,True,1.0,2.0,,False,True,True,1,1,False,2,,3,3,74,,False,5,2,54.0,2.377378396,2.0,2.0,3.0,9,False,1,3.0
3484,1,2.0,True,1.0,2.0,,False,False,False,3,2,False,2,,3,7,65,,False,2,2,13.0,0.772958285,2.0,2.0,3.0,2,False,2,3.0
3485,1,20.0,True,1.0,1.0,,True,False,True,1,2,True,1,,2,5,77,,False,1,2,39.0,0.828489033990003,1.0,1.0,3.0,1,False,2,2.0
3488,2,20.0,True,1.0,2.0,,False,True,False,1,2,False,2,,1,8,43,,False,1,1,6.0,0.415253366,2.0,2.0,2.0,1,True,2,4.0
3490,1,1.0,True,1.0,2.0,,False,False,True,1,2,False,3,2.0,1,7,65,,False,1,1,31.0,0.545506396,2.0,3.0,3.0,1,True,2,2.0
3491,2,13.0,True,1.0,1.0,,False,False,True,1,2,True,1,,2,3,52,,False,1,1,56.0,1.502499482805,1.0,1.0,2.0,1,True,1,4.0
3492,2,2.0,True,1.0,2.0,,False,False,False,1,1,False,3,2.0,1,3,39,,False,1,2,48.0,1.65719169,2.0,3.0,2.0,1,False,1,3.0
3493,1,20.0,True,1.0,2.0,,False,False,False,2,2,False,2,,2,6,50,,False,2,2,36.0,1.313903315,2.0,2.0,2.0,2,False,2,1.0
3502,1,20.0,True,1.0,2.0,,False,False,False,3,2,True,2,,2,3,64,,False,2,2,18.0,1.714173685,2.0,2.0,3.0,2,False,1,2.0
3505,1,20.0,True,1.0,2.0,,False,False,False,1,2,False,2,,3,8,70,,False,1,1,37.0,0.517684928,2.0,2.0,3.0,1,True,2,3.0
3509,1,30.0,True,1.0,2.0,,False,True,True,1,2,False,2,,2,2,78,,False,3,2,6.0,2.215690976,2.0,2.0,3.0,3,False,1,4.0
3516,2,20.0,True,1.0,1.0,,True,True,False,3,2,True,1,,3,8,32,,False,1,2,12.0,0.732758541884999,1.0,1.0,1.0,1,False,2,3.0
3529,2,20.0,True,1.0,2.0,,False,False,False,1,2,False,2,,1,7,32,,False,1,2,6.0,0.679525416,2.0,2.0,1.0,1,False,2,4.0
3531,1,30.0,True,1.0,1.0,,False,False,False,3,2,False,1,,3,8,98,,False,1,1,40.0,0.499574172645,1.0,1.0,3.0,1,True,2,3.0
3536,1,9.0,True,1.0,1.0,,True,False,True,3,2,True,1,,2,8,85,,False,1,1,6.0,0.484889142795,1.0,1.0,3.0,1,True,2,4.0
3539,1,20.0,True,1.0,1.0,,True,False,True,1,1,True,1,,2,6,57,,False,1,2,48.0,0.754954596014999,1.0,1.0,3.0,1,False,2,3.0
3540,1,14.0,True,1.0,2.0,,False,True,False,3,2,False,2,,3,3,73,,True,1,1,6.0,1.90223276,2.0,2.0,3.0,4,True,1,4.0
3541,2,20.0,False,,,,False,True,True,1,2,False,3,2.0,3,8,75,,False,1,2,48.0,0.55100862,,3.0,3.0,1,False,2,3.0
3543,2,29.0,True,1.0,1.0,,False,False,False,3,2,False,1,,3,3,36,,False,1,1,18.0,1.64884663509,1.0,1.0,2.0,1,True,1,2.0
3547,1,30.0,True,1.0,9.0,9.0,False,False,False,9,9,False,9,9.0,4,9,99,9.0,False,9,2,6.0,0.998144288,3.0,3.0,3.0,9,False,3,4.0
3550,1,1.0,True,1.0,2.0,,False,True,False,3,3,False,2,,2,6,68,,False,2,2,22.0,1.053786026,2.0,2.0,3.0,2,False,2,3.0
3552,1,9.0,True,1.0,2.0,,False,True,True,1,1,False,3,2.0,1,3,71,,False,1,2,24.0,1.154740286,2.0,3.0,3.0,1,False,1,3.0
3553,2,20.0,True,1.0,2.0,,False,False,False,2,2,False,2,,1,6,24,,False,1,1,8.0,1.094121223,2.0,2.0,1.0,1,True,2,4.0
3558,1,20.0,True,1.0,2.0,,False,False,False,2,2,False,2,,3,6,55,,False,1,2,36.0,0.748025245,2.0,2.0,3.0,1,False,2,1.0
3560,1,20.0,True,1.0,2.0,,False,False,False,2,2,True,2,,3,7,46,,False,1,2,42.0,0.472233334,2.0,2.0,2.0,1,False,2,1.0
3568,1,20.0,True,1.0,2.0,,False,True,False,1,2,False,2,,1,7,63,,False,1,2,42.0,0.548680943,2.0,2.0,3.0,1,False,2,1.0
3569,2,13.0,True,1.0,8.0,2.0,False,False,False,3,2,False,2,,1,8,36,,True,9,1,37.0,0.834689791,2.0,2.0,2.0,4,True,2,3.0
3571,1,2.0,True,2.0,2.0,,False,False,False,3,2,False,2,,3,7,35,,True,1,2,6.0,0.862304111,2.0,2.0,2.0,4,False,2,4.0
3577,2,30.0,True,1.0,2.0,,True,True,True,3,3,False,3,2.0,2,6,27,,True,4,2,26.0,2.49332372,2.0,3.0,1.0,4,False,2,2.0
3581,2,12.0,True,1.0,1.0,,True,False,True,3,2,True,3,3.0,3,6,68,,False,1,1,23.0,0.674825955,1.0,3.0,3.0,1,True,2,1.0
3584,2,30.0,True,1.0,1.0,,True,False,True,3,3,True,4,1.0,3,8,45,,False,1,1,18.0,0.469501096,1.0,1.0,2.0,1,True,2,2.0
3585,1,20.0,True,1.0,9.0,9.0,False,False,False,3,2,False,3,2.0,3,8,99,3.0,False,3,1,48.0,0.97853821,3.0,3.0,3.0,3,True,2,3.0
3601,2,20.0,False,,,,False,False,False,3,2,True,3,1.0,3,5,21,,False,1,1,1.0,1.139454656,,3.0,1.0,1,True,2,3.0
3602,2,20.0,True,1.0,2.0,,False,False,False,2,2,False,3,2.0,1,7,31,,False,2,2,25.0,0.939054428,2.0,3.0,1.0,2,False,2,1.0
3608,2,3.0,True,4.0,8.0,3.0,False,False,False,2,1,False,4,3.0,2,8,45,,False,9,2,6.0,0.543793233,3.0,3.0,2.0,9,False,2,4.0
3613,2,20.0,True,1.0,1.0,,True,False,True,3,3,True,3,1.0,2,5,39,,False,1,2,30.0,0.979570881,1.0,3.0,2.0,1,False,2,4.0
3615,2,9.0,False,,,,False,False,False,2,9,False,1,,2,7,53,,False,1,1,55.0,0.47184860148,,1.0,2.0,1,True,2,2.0
3617,2,20.0,True,1.0,1.0,,False,False,False,2,1,False,1,,2,7,25,,False,1,1,34.0,0.632071619925,1.0,1.0,1.0,1,True,2,1.0
3622,1,1.0,True,1.0,2.0,,False,False,False,3,2,False,3,3.0,3,7,50,,False,9,1,6.0,0.490579415,2.0,3.0,2.0,9,True,2,4.0
3630,2,20.0,True,1.0,2.0,,False,False,True,3,2,False,3,3.0,3,3,48,,False,1,2,21.0,1.725855186,2.0,3.0,2.0,1,False,1,3.0
3631,2,20.0,True,1.0,1.0,,False,False,True,2,2,True,3,1.0,3,7,31,,False,1,2,13.0,0.729112977,1.0,3.0,1.0,1,False,2,3.0
3632,2,20.0,True,1.0,2.0,,False,False,False,1,1,False,2,,1,7,38,,False,1,1,37.0,0.445555987,2.0,2.0,2.0,1,True,2,3.0
3634,2,5.0,True,1.0,2.0,,False,False,False,3,1,False,2,,3,8,32,,True,4,1,6.0,1.148428722,2.0,2.0,1.0,4,True,2,4.0
3639,2,1.0,True,1.0,2.0,,False,False,False,2,2,False,4,2.0,3,7,30,,False,1,2,47.0,0.729112977,2.0,2.0,1.0,1,False,2,3.0
3643,1,20.0,True,1.0,1.0,,True,False,True,3,1,False,2,,1,2,41,,False,2,2,45.0,2.324718707,1.0,2.0,2.0,2,False,1,3.0
3652,2,20.0,True,1.0,1.0,,False,False,False,3,2,False,1,,2,5,43,,False,1,1,12.0,0.924930404804998,1.0,1.0,2.0,1,True,2,3.0
3655,2,3.0,True,1.0,1.0,,False,False,True,1,3,True,3,1.0,3,7,40,,False,1,1,48.0,0.427829453,1.0,3.0,2.0,1,True,2,3.0
3657,2,20.0,True,1.0,1.0,,True,False,True,3,2,True,1,,2,5,42,,False,3,1,40.0,1.74832160142001,1.0,1.0,2.0,3,True,2,3.0
3663,1,20.0,True,1.0,2.0,,False,False,True,2,1,False,2,,1,7,54,,False,1,2,1.0,0.493886052,2.0,2.0,2.0,1,False,2,3.0
3671,2,2.0,True,1.0,7.0,3.0,False,False,False,3,2,False,3,2.0,1,8,29,,True,4,1,6.0,1.148428722,3.0,3.0,1.0,4,True,2,4.0
3677,2,3.0,True,2.0,1.0,,True,False,True,3,2,False,1,,2,8,49,,True,9,1,37.0,0.838863239954998,1.0,1.0,2.0,4,True,2,3.0
3678,2,20.0,True,1.0,2.0,,False,False,False,2,1,False,3,2.0,3,8,41,,False,1,2,53.0,0.460296464,2.0,3.0,2.0,1,False,2,4.0
3680,2,29.0,True,1.0,2.0,,False,False,False,2,2,False,4,2.0,2,3,49,,False,2,2,1.0,2.324718707,2.0,2.0,2.0,2,False,1,3.0
3684,2,20.0,True,1.0,2.0,,False,False,False,3,2,False,2,,1,7,41,,False,1,2,18.0,0.520428519,2.0,2.0,2.0,1,False,2,2.0
3689,1,20.0,True,1.0,2.0,,False,True,True,1,2,False,2,,2,4,34,,False,3,2,53.0,3.937290585,2.0,2.0,1.0,3,False,2,4.0
3692,2,4.0,True,1.0,2.0,,False,True,True,3,1,False,2,,3,8,32,,False,3,2,17.0,1.512422142,2.0,2.0,1.0,3,False,2,2.0
3694,2,20.0,True,1.0,1.0,,True,False,True,3,2,True,1,,2,8,42,,False,1,1,4.0,0.429968600265,1.0,1.0,2.0,1,True,2,4.0
3696,2,20.0,True,1.0,2.0,,False,False,False,3,3,True,1,,3,5,38,,False,1,1,25.0,0.884380044720001,2.0,1.0,2.0,1,True,2,1.0
3699,2,3.0,True,1.0,1.0,,True,False,True,3,2,True,4,1.0,2,4,18,,False,1,1,25.0,1.851177741,1.0,1.0,1.0,1,True,2,1.0
3703,2,13.0,True,1.0,6.0,1.0,False,False,True,3,2,True,3,1.0,2,8,50,,False,1,1,24.0,0.426022133,1.0,3.0,2.0,1,True,2,3.0
3704,2,20.0,True,1.0,1.0,,True,False,True,1,2,True,1,,2,7,50,,False,1,2,5.0,0.49635548226,1.0,1.0,2.0,1,False,2,3.0
3706,2,20.0,True,1.0,2.0,,False,False,False,3,1,False,3,2.0,1,7,28,,False,1,1,13.0,0.657764379,2.0,3.0,1.0,1,True,2,3.0
3707,1,14.0,True,1.0,2.0,,False,True,True,3,2,False,2,,1,8,50,,False,1,2,12.0,0.493886052,2.0,2.0,2.0,1,False,2,3.0
3709,1,30.0,True,1.0,6.0,2.0,False,False,False,2,2,True,2,,1,7,40,,False,1,2,33.0,0.472233334,2.0,2.0,2.0,1,False,2,1.0
3710,1,20.0,True,1.0,2.0,,False,False,True,1,2,False,2,,3,8,53,,False,9,2,50.0,0.557895425,2.0,2.0,2.0,9,False,2,1.0
3715,2,2.0,True,1.0,2.0,,False,False,False,3,1,False,3,2.0,3,3,30,,True,9,2,6.0,3.746937194,2.0,3.0,1.0,4,False,1,4.0
3716,1,13.0,True,1.0,8.0,3.0,False,False,False,2,2,False,4,3.0,3,8,48,,False,1,2,45.0,0.493886052,3.0,3.0,2.0,1,False,2,3.0
3725,2,3.0,True,1.0,1.0,,False,False,False,3,2,True,4,3.0,3,7,43,,False,3,2,48.0,0.933553108,1.0,3.0,2.0,3,False,2,3.0
3730,1,20.0,True,1.0,1.0,,True,False,False,3,2,True,4,1.0,1,7,38,,False,1,2,37.0,0.493886052,1.0,1.0,2.0,1,False,2,3.0
3734,2,20.0,True,1.0,1.0,,True,False,True,1,3,True,3,1.0,2,7,37,,False,1,2,39.0,0.520428519,1.0,3.0,2.0,1,False,2,2.0
3742,2,20.0,True,1.0,1.0,,False,False,True,1,3,True,4,1.0,2,7,36,,False,1,1,26.0,0.469501096,1.0,1.0,2.0,1,True,2,2.0
3746,1,10.0,True,1.0,2.0,,False,False,False,2,2,False,3,2.0,3,7,51,,False,1,1,26.0,0.469501096,2.0,3.0,2.0,1,True,2,2.0
3752,1,20.0,False,,,,False,False,True,3,2,False,2,,1,5,21,,False,1,2,24.0,1.20767869,,2.0,1.0,1,False,2,3.0
3754,2,30.0,True,1.0,8.0,3.0,True,True,True,3,2,True,2,,2,6,99,9.0,False,1,2,12.0,0.906538574,3.0,2.0,3.0,1,False,2,3.0
3762,1,20.0,True,3.0,2.0,,False,True,True,3,1,False,2,,3,7,49,,False,2,2,22.0,0.665262157,2.0,2.0,2.0,2,False,2,3.0
3766,1,9.0,True,1.0,1.0,,False,False,True,3,2,False,1,,2,6,22,,True,1,1,48.0,2.05993881984,1.0,1.0,1.0,4,True,2,3.0
