RESPID,PHTYPE,economic_situation,registered_vote,likely_to_vote,approve_trump,approve_biden,trump_stamina,biden_stamina,optimistic,elec_enthusiasm,party,party_unaffiliated,political_leaning,education,age,age_bin,latino,race,gender,state,FINALWGT,vote_choice_recoded,party_recoded,age_recoded,race_recoded,male,education_recoded,region,propensity
4,2,1,True,1.0,False,True,False,True,False,3.0,2,,3,8,80,,False,2,2,37,0.649034757460002,0,2.0,3,2,False,3,3,0.161233254175788
5,2,2,True,1.0,False,False,False,True,True,3.0,2,,1,7,61,,False,1,1,36,0.58587780566,0,2.0,3,1,True,3,1,0.662108771225382
17,2,2,True,1.0,False,True,False,True,True,1.0,2,,1,6,53,,False,2,2,13,0.943746318959999,0,2.0,2,2,False,3,3,0.166516530359145
21,2,1,True,1.0,False,False,False,True,False,3.0,2,,1,3,54,,False,1,2,42,1.35575914042,0,2.0,2,1,False,1,1,0.684399470905161
22,2,1,True,2.0,False,False,False,True,True,2.0,1,,2,7,45,,False,1,1,9,0.52431693012,0,1.0,2,1,True,3,1,0.670993533780026
32,2,2,True,1.0,False,False,False,True,True,1.0,3,2.0,3,5,61,,False,1,1,37,0.83531035985,0,3.0,3,1,True,3,3,0.662108771225382
39,2,2,True,1.0,True,False,True,False,True,1.0,1,,2,7,67,,False,1,1,23,0.56376920922,1,1.0,3,1,True,3,1,0.662108771225382
48,2,3,True,1.0,True,False,True,False,True,3.0,1,,4,3,31,,False,1,1,4,1.34706982992,1,1.0,1,1,True,1,4,0.530772879843887
49,2,1,True,1.0,False,False,False,True,False,3.0,2,,2,8,47,,False,1,2,9,0.606233761579999,0,2.0,2,1,False,3,1,0.670993533780026
55,2,3,True,2.0,False,False,False,False,False,2.0,3,2.0,2,9,99,1.0,False,3,1,37,1.77608392945,0,3.0,3,3,True,3,3,0.330254644854738
57,2,2,True,1.0,True,False,True,False,False,9.0,1,,4,7,99,3.0,False,1,1,13,0.53825945394,1,1.0,3,1,True,3,3,0.662108771225382
59,2,2,True,2.0,False,False,False,True,False,3.0,4,2.0,3,7,61,,False,1,2,24,0.584205082100002,0,2.0,3,1,False,3,3,0.662108771225382
63,2,2,True,1.0,False,False,False,True,True,1.0,3,1.0,3,8,70,,False,1,2,33,0.584205082100002,0,3.0,3,1,False,3,1,0.662108771225382
68,2,1,True,2.0,False,False,False,True,False,1.0,3,2.0,3,3,37,,False,1,1,12,1.0426776167,0,3.0,2,1,True,1,3,0.684399470905161
74,2,2,True,1.0,False,False,True,False,True,3.0,1,,2,5,72,,False,1,1,36,0.939364449780002,1,1.0,3,1,True,3,1,0.662108771225382
81,2,2,True,1.0,False,False,False,True,False,1.0,3,3.0,1,7,99,3.0,False,1,1,12,0.50132007965,0,3.0,3,1,True,3,3,0.662108771225382
82,2,2,True,1.0,False,True,False,True,True,1.0,2,,1,8,41,,False,5,2,37,1.31190761988,0,2.0,2,9,False,3,3,0.471235106505631
93,2,2,True,1.0,True,False,True,False,True,1.0,1,,3,1,89,,False,1,1,13,1.23952190814,1,1.0,3,1,True,1,3,0.678369560417581
95,2,1,True,3.0,False,False,False,False,False,2.0,3,3.0,3,5,50,,False,1,1,51,0.728957846550001,1,3.0,2,1,True,3,3,0.670993533780026
108,2,2,True,1.0,False,False,False,True,False,2.0,2,,3,5,65,,False,1,2,42,1.08612637014,0,2.0,3,1,False,3,1,0.662108771225382
110,2,2,True,2.0,False,False,False,False,False,3.0,4,1.0,2,3,42,,False,1,2,36,1.21506715415,1,1.0,2,1,False,1,1,0.684399470905161
114,2,2,True,1.0,False,True,False,True,True,1.0,3,2.0,4,8,68,,False,1,1,42,0.52507916545,0,3.0,3,1,True,3,1,0.662108771225382
119,2,2,True,2.0,False,False,True,False,True,3.0,4,1.0,3,3,19,,False,2,1,12,1.07949100495,0,1.0,1,2,True,1,3,0.0851510830224752
129,2,2,True,1.0,False,True,False,True,False,3.0,2,,1,8,68,,False,1,1,54,0.55936766782,0,2.0,3,1,True,3,3,0.662108771225382
141,2,2,True,1.0,False,False,False,True,True,2.0,2,,1,8,70,,False,1,2,12,0.622354600919999,0,2.0,3,1,False,3,3,0.662108771225382
144,2,1,True,1.0,False,True,False,True,True,1.0,2,,3,2,41,,False,1,2,13,1.29441296648,0,2.0,2,1,False,1,3,0.684399470905161
157,2,2,True,1.0,False,True,False,True,True,1.0,1,,3,6,84,,False,1,1,12,0.896859544259999,0,1.0,3,1,True,3,3,0.662108771225382
171,2,2,True,1.0,False,False,True,False,False,3.0,1,,4,7,64,,False,1,1,42,0.56376920922,1,1.0,3,1,True,3,1,0.662108771225382
187,1,2,True,1.0,False,False,False,True,False,1.0,2,,2,3,74,,False,1,1,42,1.34917904414,0,2.0,3,1,True,1,1,0.678369560417581
194,1,2,True,1.0,False,False,True,False,True,3.0,1,,4,5,71,,False,1,2,21,0.9978493485,1,1.0,3,1,False,3,3,0.662108771225382
201,2,3,True,1.0,False,False,True,True,True,1.0,4,1.0,4,6,27,,False,1,1,37,1.3542298925,1,1.0,1,1,True,3,3,0.527560507996949
203,2,2,True,1.0,False,False,False,True,True,3.0,2,,3,3,61,,False,1,2,13,1.43317902928,0,2.0,3,1,False,1,3,0.678369560417581
220,2,2,True,1.0,True,False,True,False,True,1.0,1,,4,3,65,,False,1,2,34,1.44445640052,1,1.0,3,1,False,1,1,0.678369560417581
231,1,2,True,1.0,True,False,True,False,True,1.0,3,1.0,4,7,99,3.0,False,1,2,39,0.55963313735,1,3.0,3,1,False,3,2,0.662108771225382
242,2,2,True,1.0,False,False,False,True,False,1.0,2,,1,8,58,,False,2,2,34,0.679794492539998,0,2.0,3,2,False,3,1,0.161233254175788
247,1,2,True,3.0,False,False,False,True,False,2.0,1,,2,8,90,,False,1,1,48,0.65240342502,0,1.0,3,1,True,3,3,0.662108771225382
257,2,2,True,1.0,False,True,False,True,True,1.0,2,,3,7,85,,False,1,1,6,0.55547847482,0,2.0,3,1,True,3,4,0.662108771225382
272,2,2,True,1.0,False,True,False,True,True,1.0,2,,1,7,71,,False,1,2,37,0.622354600919999,0,2.0,3,1,False,3,3,0.662108771225382
275,1,9,True,1.0,True,False,True,False,False,9.0,3,1.0,4,9,99,1.0,False,9,2,27,0.966935392550001,1,3.0,3,9,False,3,2,0.460412225236992
298,2,2,True,1.0,False,False,True,False,False,1.0,1,,2,7,63,,False,1,2,1,0.59886952164,1,1.0,3,1,False,3,3,0.662108771225382
301,2,3,True,1.0,True,False,True,False,True,1.0,1,,3,7,31,,False,1,1,48,0.816024339239998,1,1.0,1,1,True,3,3,0.527560507996949
305,2,2,True,1.0,False,False,False,True,True,2.0,3,1.0,3,7,36,,True,4,2,36,0.735678106650003,0,3.0,2,4,False,3,1,0.589423621628785
328,1,2,True,1.0,True,False,True,False,True,1.0,1,,2,3,61,,False,1,2,39,1.3837018743,1,1.0,3,1,False,1,2,0.678369560417581
329,1,2,True,1.0,True,False,True,False,True,1.0,1,,4,6,77,,False,2,2,37,1.04062685514,1,1.0,3,2,False,3,3,0.161233254175788
334,2,2,True,1.0,False,False,True,True,False,1.0,2,,3,8,74,,False,1,1,26,0.56123550548,0,2.0,3,1,True,3,2,0.662108771225382
345,2,2,True,1.0,False,False,True,False,True,3.0,1,,2,3,46,,False,1,1,12,1.11950649372,1,1.0,2,1,True,1,3,0.684399470905161
350,2,1,True,1.0,False,False,False,True,True,1.0,2,,3,5,19,,True,1,1,51,2.04599528486,0,2.0,1,4,True,3,3,0.447169049592949
355,1,2,True,1.0,True,False,True,False,True,1.0,3,1.0,3,8,74,,False,1,2,12,0.5577706329,1,3.0,3,1,False,3,3,0.662108771225382
364,2,3,True,1.0,True,False,True,False,False,1.0,1,,4,3,99,3.0,False,9,1,18,1.3747396443,1,1.0,3,9,True,1,2,0.464412269138231
367,2,2,True,1.0,False,True,False,True,False,1.0,2,,1,8,44,,False,1,1,37,0.52022340588,0,2.0,2,1,True,3,3,0.670993533780026
368,2,1,True,1.0,False,False,False,True,False,3.0,3,3.0,2,5,60,,False,2,2,13,0.969211286650003,0,3.0,3,2,False,3,3,0.161233254175788
373,1,2,True,1.0,False,False,False,True,True,1.0,3,3.0,3,5,42,,False,1,1,1,0.728957846550001,0,3.0,2,1,True,3,3,0.670993533780026
374,2,1,True,1.0,False,True,False,True,True,1.0,9,3.0,3,7,72,,False,9,2,45,0.649008688,0,3.0,3,9,False,3,3,0.460412225236992
381,1,2,True,1.0,True,False,True,False,True,1.0,1,,3,3,60,,False,1,1,24,1.29826662738,1,1.0,3,1,True,1,3,0.678369560417581
392,2,3,True,2.0,False,False,False,True,True,3.0,2,,1,7,31,,False,1,1,17,0.70199176598,0,2.0,1,1,True,3,2,0.527560507996949
395,1,2,True,1.0,False,True,False,True,True,1.0,2,,3,3,73,,False,1,2,55,1.4379646929,0,2.0,3,1,False,1,2,0.678369560417581
404,1,2,True,1.0,False,False,False,True,True,2.0,2,,1,3,88,,False,1,2,42,1.50110174956,0,2.0,3,1,False,1,1,0.678369560417581
424,2,3,True,2.0,False,False,True,True,False,2.0,2,,1,7,24,,False,1,2,21,0.778439355,0,2.0,1,1,False,3,3,0.527560507996949
426,2,2,True,1.0,False,True,False,True,True,1.0,3,1.0,3,7,51,,False,1,1,42,0.4883343957,0,3.0,2,1,True,3,1,0.670993533780026
428,2,9,True,2.0,False,True,False,True,True,1.0,3,3.0,2,7,99,1.0,False,1,1,28,0.627049722049998,0,3.0,3,1,True,3,3,0.662108771225382
429,2,2,True,1.0,True,False,True,False,True,3.0,1,,3,3,34,,False,1,1,47,1.11138759054,1,1.0,1,1,True,1,3,0.530772879843887
434,1,2,True,1.0,False,False,False,True,True,1.0,3,2.0,3,5,42,,False,1,2,26,0.813749505650003,0,3.0,2,1,False,3,2,0.670993533780026
437,1,2,True,1.0,False,False,False,True,False,3.0,2,,1,8,58,,False,1,2,17,0.624432763780002,0,2.0,3,1,False,3,2,0.662108771225382
449,1,2,True,1.0,True,False,True,False,True,3.0,4,1.0,2,3,71,,False,1,1,47,1.15445667915,1,1.0,3,1,True,1,3,0.678369560417581
457,1,2,True,2.0,False,False,True,False,True,3.0,1,,3,7,73,,False,1,1,36,0.56376920922,1,1.0,3,1,True,3,1,0.662108771225382
460,2,1,True,3.0,False,False,False,False,False,3.0,2,,3,3,46,,False,2,1,39,1.21733508662,0,2.0,2,2,True,1,2,0.149190364446552
464,2,2,True,1.0,True,False,True,False,True,1.0,1,,4,6,64,,False,9,1,26,0.994696715160003,1,1.0,3,9,True,3,2,0.460412225236992
485,1,1,True,1.0,False,False,False,True,False,3.0,2,,3,7,44,,False,1,1,25,0.54487837836,0,2.0,2,1,True,3,1,0.670993533780026
497,2,2,True,1.0,True,False,True,False,True,3.0,1,,3,5,75,,False,1,2,26,1.0011813621,1,1.0,3,1,False,3,2,0.662108771225382
498,1,2,True,1.0,False,True,False,True,True,1.0,2,,3,7,68,,False,1,2,55,0.624432763780002,0,2.0,3,1,False,3,2,0.662108771225382
499,2,1,True,3.0,False,False,False,False,False,2.0,2,,3,7,38,,False,1,2,39,0.58073528032,0,2.0,2,1,False,3,2,0.670993533780026
504,1,3,True,1.0,False,True,False,True,True,3.0,2,,1,5,46,,False,1,1,42,0.851911266440002,0,2.0,2,1,True,3,1,0.670993533780026
505,1,2,True,1.0,False,False,False,True,False,1.0,2,,3,6,80,,False,1,2,42,1.08612637014,0,2.0,3,1,False,3,1,0.662108771225382
507,2,2,True,1.0,False,False,True,False,True,3.0,1,,4,3,82,,False,1,2,42,1.44445640052,1,1.0,3,1,False,1,1,0.678369560417581
510,2,2,True,1.0,False,True,False,True,True,1.0,2,,3,8,84,,False,1,1,42,0.58587780566,0,2.0,3,1,True,3,1,0.662108771225382
512,1,2,True,1.0,False,False,False,True,True,2.0,1,,4,5,73,,False,1,2,21,0.9978493485,0,1.0,3,1,False,3,3,0.662108771225382
516,2,2,True,1.0,False,False,False,True,False,1.0,2,,3,7,29,,False,1,2,36,0.815331968120002,0,2.0,1,1,False,3,1,0.527560507996949
521,1,3,True,1.0,True,False,True,False,True,1.0,1,,2,3,57,,False,1,1,17,1.2436609131,1,1.0,3,1,True,1,2,0.678369560417581
522,1,2,True,1.0,True,False,True,False,False,3.0,1,,4,7,73,,False,1,1,55,0.54005680716,1,1.0,3,1,True,3,2,0.662108771225382
529,1,2,True,1.0,False,False,False,True,True,1.0,2,,3,7,60,,False,1,2,23,0.651849881080001,0,2.0,3,1,False,3,1,0.662108771225382
546,2,2,True,1.0,False,False,False,True,True,1.0,3,2.0,1,5,71,,False,1,1,26,0.8380996235,0,3.0,3,1,True,3,2,0.662108771225382
553,1,3,True,1.0,False,True,True,True,True,3.0,1,,2,5,57,,False,1,1,5,0.896859544259999,1,1.0,3,1,True,3,3,0.662108771225382
559,1,2,True,1.0,False,True,False,True,True,1.0,3,2.0,3,5,90,,False,1,2,19,0.932472837250001,0,3.0,3,1,False,3,2,0.662108771225382
560,1,2,True,3.0,False,False,False,True,False,2.0,3,1.0,3,1,70,,True,4,2,48,2.10801027765,0,3.0,3,4,False,1,3,0.590113097340043
562,1,1,True,1.0,False,False,False,True,True,1.0,2,,1,8,62,,False,1,2,1,0.622354600919999,0,2.0,3,1,False,3,3,0.662108771225382
567,1,2,True,1.0,True,False,True,False,True,1.0,1,,3,3,58,,False,1,1,5,1.23952190814,1,1.0,3,1,True,1,3,0.678369560417581
569,1,2,True,1.0,False,True,False,True,False,3.0,2,,3,3,58,,False,1,1,19,1.2924319293,0,2.0,3,1,True,1,2,0.678369560417581
587,1,3,True,1.0,False,False,True,False,True,3.0,3,3.0,2,8,59,,False,9,1,48,0.671673382349997,1,3.0,3,9,True,3,3,0.460412225236992
590,1,3,True,1.0,False,False,True,False,True,3.0,4,1.0,4,3,33,,False,1,1,17,1.03857234655,1,1.0,1,1,True,1,2,0.530772879843887
592,1,2,True,1.0,True,False,True,False,True,1.0,1,,4,5,88,,False,1,2,48,1.20945452766,1,1.0,3,1,False,3,3,0.662108771225382
595,2,2,True,2.0,True,False,True,False,True,3.0,1,,1,3,65,,False,1,1,48,1.50237647016,1,1.0,3,1,True,1,3,0.678369560417581
599,1,1,True,1.0,False,True,False,True,True,3.0,2,,3,3,73,,False,1,2,19,1.4379646929,0,2.0,3,1,False,1,2,0.678369560417581
603,1,2,True,1.0,False,True,False,True,True,1.0,4,2.0,3,6,76,,False,1,2,27,0.932472837250001,0,2.0,3,1,False,3,2,0.662108771225382
606,2,2,True,1.0,True,False,True,False,True,3.0,1,,4,3,61,,False,1,1,48,1.50237647016,1,1.0,3,1,True,1,3,0.678369560417581
611,1,2,True,1.0,False,False,False,True,True,3.0,1,,3,8,71,,False,1,1,40,0.65240342502,0,1.0,3,1,True,3,3,0.662108771225382
615,2,2,True,1.0,False,False,True,False,True,3.0,1,,3,3,86,,False,1,1,1,1.23952190814,1,1.0,3,1,True,1,3,0.678369560417581
623,2,3,True,1.0,False,False,True,False,True,1.0,3,1.0,3,7,52,,False,1,1,27,0.4677948181,1,3.0,2,1,True,3,2,0.670993533780026
625,1,1,True,1.0,False,True,False,True,False,3.0,2,,3,3,81,,False,2,1,48,1.62822537232,0,2.0,3,2,True,1,3,0.144954429369541
628,1,1,True,1.0,False,False,True,False,False,3.0,3,1.0,4,6,59,,True,4,1,48,1.3708893623,1,3.0,3,4,True,3,3,0.577330292028841
632,2,3,True,1.0,True,False,True,False,True,3.0,3,3.0,4,7,38,,False,1,2,5,0.5187381311,1,3.0,2,1,False,3,3,0.670993533780026
648,2,3,True,1.0,False,False,True,True,True,2.0,2,,4,4,93,,False,1,2,55,1.4379646929,0,2.0,3,1,False,3,2,0.662108771225382
660,1,2,True,1.0,False,True,False,True,True,1.0,2,,3,3,70,,False,1,1,22,1.28813061042,0,2.0,3,1,True,1,3,0.678369560417581
661,1,2,True,1.0,False,False,False,True,False,3.0,3,2.0,1,3,67,,False,1,1,48,1.3992722026,0,3.0,3,1,True,1,3,0.678369560417581
672,1,2,True,1.0,True,False,True,False,True,3.0,1,,4,7,60,,False,1,2,28,0.59886952164,1,1.0,3,1,False,3,3,0.662108771225382
678,2,2,True,1.0,False,False,False,False,True,1.0,2,,1,7,72,,False,1,1,6,0.55547847482,0,2.0,3,1,True,3,4,0.662108771225382
681,1,2,True,1.0,False,False,True,True,False,2.0,1,,3,6,52,,False,1,2,41,0.86474767068,1,1.0,2,1,False,3,4,0.670993533780026
683,1,3,True,1.0,False,False,True,False,True,3.0,1,,2,8,72,,False,1,1,6,0.53451702294,1,1.0,3,1,True,3,4,0.662108771225382
685,1,2,True,1.0,True,False,True,False,True,3.0,1,,4,5,57,,False,1,2,8,1.20945452766,1,1.0,3,1,False,3,4,0.662108771225382
690,2,3,True,1.0,False,False,False,True,False,3.0,2,,1,7,23,,False,1,2,34,0.815331968120002,0,2.0,1,1,False,3,1,0.527560507996949
697,1,1,True,1.0,False,True,False,True,False,1.0,2,,1,7,59,,False,1,2,6,0.61802746998,0,2.0,3,1,False,3,4,0.662108771225382
699,2,2,True,1.0,False,False,True,False,False,2.0,4,1.0,4,7,47,,False,1,1,2,0.46299628165,1,1.0,2,1,True,3,4,0.670993533780026
700,1,2,True,1.0,False,False,False,False,False,2.0,1,,2,7,76,,False,1,1,6,0.53451702294,1,1.0,3,1,True,3,4,0.662108771225382
702,2,1,True,1.0,False,False,False,True,True,2.0,3,2.0,1,8,60,,False,1,1,35,0.607630640950002,0,3.0,3,1,True,3,4,0.662108771225382
706,1,2,True,1.0,False,False,False,False,False,3.0,3,2.0,1,3,20,,False,1,1,41,1.02791890025,0,3.0,1,1,True,1,4,0.530772879843887
708,2,2,True,1.0,False,False,False,True,False,1.0,2,,2,8,71,,False,1,1,41,0.55547847482,0,2.0,3,1,True,3,4,0.662108771225382
709,1,2,True,1.0,False,False,True,False,False,2.0,1,,2,3,20,,False,1,1,4,1.34706982992,1,1.0,1,1,True,1,4,0.530772879843887
711,1,2,True,1.0,True,False,True,False,True,1.0,3,3.0,4,6,73,,False,1,2,6,0.922907736599999,1,3.0,3,1,False,3,4,0.662108771225382
712,1,3,True,2.0,False,False,True,False,True,3.0,3,9.0,3,8,87,,True,1,2,35,0.915398472049998,1,3.0,3,4,False,3,4,0.577330292028841
713,2,2,True,1.0,False,False,False,True,False,2.0,3,3.0,3,6,64,,False,1,2,41,0.922907736599999,0,3.0,3,1,False,3,4,0.662108771225382
717,2,2,True,2.0,False,False,True,False,False,2.0,3,3.0,2,6,38,,False,1,2,30,0.983031707100002,1,3.0,2,1,False,3,4,0.670993533780026
721,1,1,True,1.0,False,False,False,False,False,2.0,3,2.0,3,6,36,,False,1,1,8,0.883541557749999,0,3.0,2,1,True,3,4,0.670993533780026
723,2,2,True,2.0,False,False,True,True,True,3.0,3,1.0,3,7,27,,False,1,1,19,0.62914356385,0,3.0,1,1,True,3,2,0.527560507996949
725,2,1,True,1.0,False,True,False,True,True,1.0,2,,1,8,66,,False,1,1,56,0.677987873060001,0,2.0,3,1,True,3,4,0.662108771225382
729,1,1,True,1.0,False,False,False,True,True,1.0,1,,3,8,51,,False,1,2,4,0.675070772820003,0,1.0,2,1,False,3,4,0.670993533780026
737,2,2,True,1.0,False,True,False,True,True,3.0,2,,1,8,62,,False,1,2,35,0.754331893720001,0,2.0,3,1,False,3,4,0.662108771225382
741,1,2,True,1.0,False,False,False,True,False,2.0,3,2.0,3,6,71,,False,1,2,53,0.922907736599999,0,3.0,3,1,False,3,4,0.662108771225382
743,1,2,True,1.0,False,False,False,True,True,2.0,2,,1,3,52,,False,1,2,6,1.2854131234,0,2.0,2,1,False,1,4,0.684399470905161
744,1,1,True,1.0,False,True,False,True,True,1.0,3,2.0,3,7,86,,False,1,2,53,0.55389254385,0,3.0,3,1,False,3,4,0.662108771225382
745,1,2,True,1.0,True,False,True,False,False,9.0,1,,4,5,81,,False,1,2,41,0.990911464559998,1,1.0,3,1,False,3,4,0.662108771225382
748,2,1,True,1.0,False,False,False,True,False,3.0,2,,1,8,53,,False,1,2,6,0.574778225539998,0,2.0,2,1,False,3,4,0.670993533780026
749,2,3,True,1.0,False,False,False,True,True,3.0,2,,3,7,36,,False,1,2,4,0.701544136460002,0,2.0,2,1,False,3,4,0.670993533780026
756,1,2,True,1.0,False,True,False,True,False,3.0,2,,2,3,86,,True,1,2,6,1.92708243163999,0,2.0,3,4,False,1,4,0.590113097340043
760,1,3,True,1.0,True,False,True,False,True,1.0,4,1.0,2,8,70,,False,1,2,6,0.55389254385,1,1.0,3,1,False,3,4,0.662108771225382
761,1,2,True,1.0,True,False,True,False,True,3.0,1,,4,8,63,,False,1,2,2,0.59470567866,1,1.0,3,1,False,3,4,0.662108771225382
764,1,2,True,1.0,False,False,False,True,False,1.0,2,,1,7,67,,False,1,2,6,0.61802746998,0,2.0,3,1,False,3,4,0.662108771225382
774,2,1,True,1.0,False,False,False,True,False,3.0,2,,2,5,85,,False,1,2,41,1.02977073768,0,2.0,3,1,False,3,4,0.662108771225382
775,2,2,True,2.0,False,False,False,True,True,3.0,1,,2,3,32,,False,2,1,6,1.15097388234,0,1.0,1,2,True,1,4,0.0851510830224752
780,2,2,True,1.0,True,False,False,True,True,3.0,4,2.0,3,8,74,,False,1,2,6,0.55389254385,0,2.0,3,1,False,3,4,0.662108771225382
781,2,1,True,1.0,False,False,False,True,False,1.0,2,,1,7,62,,False,1,2,6,0.61802746998,0,2.0,3,1,False,3,4,0.662108771225382
782,2,2,True,1.0,False,False,False,True,False,2.0,2,,3,8,54,,True,1,2,6,0.778269982899998,0,2.0,2,4,False,3,4,0.589423621628785
786,2,1,True,1.0,False,False,False,True,True,1.0,2,,1,6,77,,False,1,1,6,0.925550248720001,0,2.0,3,1,True,3,4,0.662108771225382
787,2,2,True,1.0,False,False,False,True,False,3.0,3,2.0,3,3,33,,False,1,1,6,1.02791890025,0,3.0,1,1,True,1,4,0.530772879843887
792,2,3,True,1.0,False,False,False,True,True,2.0,2,,3,2,55,,False,2,1,34,1.40701794944,0,2.0,3,2,True,1,1,0.144954429369541
803,2,1,True,1.0,False,False,False,True,False,2.0,3,3.0,1,3,70,,False,2,2,9,1.403000812,0,3.0,3,2,False,1,1,0.144954429369541
817,1,1,True,1.0,False,False,False,True,True,9.0,2,,4,6,60,,False,3,2,36,2.46180233922,0,2.0,3,3,False,3,1,0.330254644854738
823,2,3,True,3.0,False,False,False,False,False,2.0,4,3.0,3,3,29,,False,2,1,26,1.08309563555,1,3.0,1,2,True,1,2,0.0851510830224752
828,2,3,True,1.0,False,False,True,False,False,3.0,3,1.0,2,8,27,,False,1,1,37,0.627049722049998,1,3.0,1,1,True,3,3,0.527560507996949
953,1,2,True,1.0,False,True,False,True,False,3.0,2,,2,2,71,,False,2,2,37,1.4946189899,0,2.0,3,2,False,1,3,0.144954429369541
994,2,3,True,1.0,True,False,True,False,True,3.0,1,,4,5,65,,False,1,2,40,1.20945452766,1,1.0,3,1,False,3,3,0.662108771225382
1021,2,2,True,1.0,True,False,True,True,True,3.0,1,,3,6,36,,False,1,2,34,0.912072187380001,1,1.0,2,1,False,3,1,0.670993533780026
1027,2,2,True,1.0,False,False,False,False,False,2.0,3,2.0,1,8,31,,False,1,1,17,0.62914356385,0,3.0,1,1,True,3,2,0.527560507996949
1240,1,2,True,3.0,False,False,False,True,True,2.0,2,,3,7,67,,False,2,2,29,0.651202011199998,0,2.0,3,2,False,3,2,0.161233254175788
1265,2,3,True,1.0,True,False,True,False,True,3.0,3,1.0,1,6,54,,False,1,2,29,0.813749505650003,1,3.0,2,1,False,3,2,0.670993533780026
1392,1,1,True,1.0,False,True,False,True,False,1.0,2,,3,6,66,,False,2,2,12,1.08143575142,0,2.0,3,2,False,3,3,0.161233254175788
1425,2,2,True,1.0,False,False,False,True,False,2.0,4,3.0,3,7,34,,False,2,1,26,0.65611476115,0,3.0,1,2,True,3,2,0.100076396600963
1436,2,2,True,4.0,False,False,False,True,False,1.0,3,2.0,1,7,26,,False,1,1,36,0.6567675185,0,3.0,1,1,True,3,1,0.527560507996949
1611,2,2,True,1.0,False,False,True,True,True,3.0,2,,4,8,56,,False,3,1,36,1.32794432702,1,2.0,3,3,True,3,1,0.330254644854738
1614,1,1,True,1.0,False,True,False,True,True,1.0,2,,3,8,62,,False,2,2,37,0.649034757460002,0,2.0,3,2,False,3,3,0.161233254175788
1742,1,2,True,1.0,True,False,True,False,True,3.0,1,,4,6,53,,False,1,1,37,0.78267052998,1,1.0,2,1,True,3,3,0.670993533780026
1746,1,2,True,1.0,True,False,True,False,True,1.0,1,,3,3,39,,False,1,1,40,1.35691043802,1,1.0,2,1,True,1,3,0.684399470905161
1819,1,2,True,1.0,True,False,True,False,True,3.0,1,,3,3,58,,False,1,2,27,1.3837018743,1,1.0,3,1,False,1,2,0.678369560417581
1937,2,2,True,1.0,True,False,True,False,True,1.0,1,,2,5,49,,False,1,2,26,0.873709995539998,1,1.0,2,1,False,3,2,0.670993533780026
1971,1,3,True,1.0,True,False,True,False,True,1.0,1,,4,7,52,,False,2,1,45,0.5220525801,1,1.0,2,2,True,3,3,0.166516530359145
1992,2,2,True,1.0,False,True,False,True,False,1.0,2,,3,8,38,,False,3,2,51,1.31190761988,0,2.0,2,3,False,3,3,0.337659399948075
1998,1,2,True,1.0,False,True,False,True,True,1.0,3,3.0,3,7,60,,False,1,2,36,0.584205082100002,0,3.0,3,1,False,3,1,0.662108771225382
2015,1,2,True,1.0,False,False,True,False,True,3.0,2,,3,8,62,,False,1,1,12,0.55936766782,1,2.0,3,1,True,3,3,0.662108771225382
2033,1,1,True,1.0,False,False,False,True,False,2.0,1,,3,7,93,,False,1,2,17,0.600869263259999,0,1.0,3,1,False,3,2,0.662108771225382
2034,2,2,True,1.0,False,True,False,True,True,1.0,3,2.0,2,5,75,,False,3,2,12,2.10649888465,0,3.0,3,3,False,3,3,0.330254644854738
2045,1,2,True,1.0,False,False,True,False,True,1.0,3,3.0,3,6,62,,False,1,2,48,1.12645274635,1,3.0,3,1,False,3,3,0.662108771225382
2102,1,2,True,1.0,False,False,True,False,True,3.0,1,,2,8,61,,False,1,2,48,0.725866539239998,1,1.0,3,1,False,3,3,0.662108771225382
2133,2,2,True,4.0,False,False,True,False,True,3.0,3,1.0,2,3,48,,False,1,1,46,1.04615932015,1,3.0,2,1,True,1,2,0.684399470905161
2154,1,2,True,1.0,False,True,False,True,False,1.0,2,,3,8,58,,False,2,2,48,0.786669878700001,0,2.0,3,2,False,3,3,0.161233254175788
2205,1,2,True,1.0,False,False,True,False,True,3.0,1,,2,7,64,,False,1,2,18,0.600869263259999,1,1.0,3,1,False,3,2,0.662108771225382
2260,2,2,True,2.0,False,False,False,True,True,3.0,3,3.0,3,6,72,,False,1,2,12,0.929369491250001,0,3.0,3,1,False,3,3,0.662108771225382
2304,2,2,True,1.0,False,False,True,False,False,3.0,2,,2,7,52,,False,1,2,31,0.58073528032,1,2.0,2,1,False,3,2,0.670993533780026
2328,1,2,True,1.0,False,True,False,True,True,3.0,3,2.0,3,7,40,,False,1,2,44,0.54332271085,0,3.0,2,1,False,3,1,0.670993533780026
2399,1,3,True,1.0,False,True,False,True,True,1.0,2,,4,3,44,,True,1,1,17,1.58055663066,0,2.0,2,4,True,1,2,0.597906476464517
2433,1,2,True,1.0,False,False,False,True,True,3.0,2,,1,8,99,3.0,False,1,2,39,0.624432763780002,0,2.0,3,1,False,3,2,0.662108771225382
2439,2,2,True,1.0,False,False,True,True,False,2.0,1,,4,3,65,,False,1,1,31,1.2436609131,1,1.0,3,1,True,1,2,0.678369560417581
2451,1,2,True,1.0,True,False,True,False,True,1.0,1,,4,3,61,,False,1,2,37,1.37909680176,1,1.0,3,1,False,1,3,0.678369560417581
2490,2,2,True,1.0,False,False,True,False,True,3.0,1,,3,3,66,,False,1,2,36,1.44445640052,1,1.0,3,1,False,1,1,0.678369560417581
2515,1,1,True,1.0,False,False,False,False,False,3.0,2,,1,5,99,1.0,False,9,1,36,1.74945515340001,0,2.0,3,9,True,3,1,0.460412225236992
2534,1,2,True,1.0,False,False,False,True,True,1.0,2,,1,6,58,,False,2,2,45,1.08143575142,0,2.0,3,2,False,3,3,0.161233254175788
2565,1,2,True,2.0,False,False,True,False,False,3.0,1,,2,1,83,,False,1,2,37,1.37909680176,1,1.0,3,1,False,1,3,0.678369560417581
2586,2,2,True,1.0,True,False,True,False,True,3.0,1,,2,4,54,,False,1,1,12,1.11950649372,1,1.0,2,1,True,3,3,0.670993533780026
2590,1,2,True,1.0,False,True,False,True,True,1.0,2,,3,8,71,,False,1,1,51,0.55936766782,0,2.0,3,1,True,3,3,0.662108771225382
2615,1,2,True,1.0,False,False,False,False,False,1.0,4,3.0,3,7,62,,False,1,1,24,0.52507916545,0,3.0,3,1,True,3,3,0.662108771225382
2669,2,2,True,1.0,True,False,True,False,True,3.0,1,,1,3,75,,False,1,1,13,1.23952190814,1,1.0,3,1,True,1,3,0.678369560417581
2708,1,2,True,1.0,False,False,True,True,True,1.0,4,3.0,3,8,72,,False,1,1,21,0.50132007965,0,3.0,3,1,True,3,3,0.662108771225382
2750,2,2,True,1.0,False,False,False,False,False,2.0,4,2.0,1,3,20,,False,1,1,6,1.02791890025,0,2.0,1,1,True,1,4,0.530772879843887
2759,2,2,True,1.0,False,False,True,False,False,3.0,3,2.0,3,8,61,,False,1,2,12,0.5577706329,1,3.0,3,1,False,3,3,0.662108771225382
2780,2,2,True,1.0,False,True,False,True,True,1.0,2,,1,8,65,,False,1,2,29,0.624432763780002,0,2.0,3,1,False,3,2,0.662108771225382
2803,2,2,True,1.0,True,False,True,False,True,1.0,1,,2,5,86,,False,1,1,55,0.8998543326,1,1.0,3,1,True,3,2,0.662108771225382
2839,2,2,True,2.0,False,False,True,True,True,3.0,3,3.0,3,2,31,,False,1,2,39,1.15551955435,1,3.0,1,1,False,1,2,0.530772879843887
2895,2,3,True,1.0,False,False,True,True,False,1.0,2,,3,5,53,,False,2,2,8,1.14387834166,0,2.0,2,2,False,3,4,0.166516530359145
2904,1,2,True,1.0,False,True,False,True,True,1.0,2,,2,3,70,,False,2,1,36,1.40701794944,0,2.0,3,2,True,1,1,0.144954429369541
2910,1,1,True,1.0,False,False,False,True,False,2.0,4,3.0,2,8,46,,False,1,2,21,0.5187381311,0,3.0,2,1,False,3,3,0.670993533780026
2913,1,2,True,3.0,False,False,False,False,False,3.0,2,,3,5,62,,False,1,1,36,0.97620227134,0,2.0,3,1,True,3,1,0.662108771225382
2953,1,2,True,1.0,False,True,False,True,True,1.0,2,,1,5,41,,False,2,1,36,0.8884324492,0,2.0,2,2,True,3,1,0.166516530359145
3044,2,3,True,1.0,False,False,True,False,False,1.0,4,1.0,1,7,42,,False,1,1,34,0.4883343957,1,1.0,2,1,True,3,1,0.670993533780026
3053,2,2,True,1.0,False,False,False,True,False,1.0,3,2.0,3,7,64,,False,1,2,37,0.5577706329,0,3.0,3,1,False,3,3,0.662108771225382
3088,1,2,True,1.0,False,False,False,True,True,3.0,2,,1,6,50,,False,2,1,1,0.848232144239998,0,2.0,2,2,True,3,3,0.166516530359145
3128,2,2,True,1.0,False,False,True,False,True,3.0,1,,4,2,99,1.0,False,9,2,53,1.35735808542,1,1.0,3,9,False,1,4,0.464412269138231
3165,2,2,True,1.0,False,True,False,True,True,1.0,3,2.0,4,4,62,,False,2,1,39,1.207968111,0,3.0,3,2,True,3,2,0.161233254175788
3266,1,2,True,1.0,False,True,False,True,True,1.0,1,,3,7,57,,False,1,1,36,0.56376920922,0,1.0,3,1,True,3,1,0.662108771225382
3281,2,2,True,1.0,False,True,False,True,True,1.0,2,,1,7,75,,False,1,1,42,0.58587780566,0,2.0,3,1,True,3,1,0.662108771225382
3291,1,2,True,1.0,False,False,False,True,True,1.0,2,,1,8,67,,False,1,1,25,0.58587780566,0,2.0,3,1,True,3,1,0.662108771225382
3315,1,2,True,1.0,True,False,True,False,True,1.0,1,,2,3,65,,False,1,1,48,1.50237647016,1,1.0,3,1,True,1,3,0.678369560417581
3336,2,3,True,2.0,False,False,True,True,True,3.0,3,2.0,3,6,30,,False,2,1,48,1.71177631569999,0,3.0,1,2,True,3,3,0.100076396600963
3356,2,9,True,1.0,False,False,False,True,False,1.0,2,,2,5,52,,True,4,1,48,1.33487074226,0,2.0,2,4,True,3,3,0.589423621628785
3411,2,2,True,1.0,False,True,False,True,True,1.0,2,,1,5,76,,False,1,2,22,1.0369806955,0,2.0,3,1,False,3,3,0.662108771225382
3420,2,2,True,1.0,False,False,True,False,False,3.0,1,,3,7,62,,True,4,1,48,0.88337723934,1,1.0,3,4,True,3,3,0.577330292028841
3452,1,2,True,1.0,False,False,False,True,True,1.0,2,,1,7,78,,False,1,1,48,0.677987873060001,0,2.0,3,1,True,3,3,0.662108771225382
3549,1,3,True,1.0,True,False,True,False,True,1.0,1,,2,8,50,,True,4,2,12,0.754144749959999,1,1.0,2,4,False,3,3,0.589423621628785
3574,2,2,True,1.0,False,False,True,False,False,3.0,3,1.0,3,8,76,,False,1,2,9,0.584205082100002,1,3.0,3,1,False,3,1,0.662108771225382
3629,2,2,True,1.0,False,False,True,True,False,2.0,3,2.0,3,8,38,,True,4,2,48,0.851339358349997,0,3.0,2,4,False,3,3,0.589423621628785
3669,1,2,True,1.0,False,True,False,True,True,1.0,2,,1,7,64,,False,1,2,36,0.651849881080001,0,2.0,3,1,False,3,1,0.662108771225382
3689,1,2,True,1.0,False,False,False,False,False,2.0,1,,3,6,52,,False,1,2,39,0.873709995539998,0,1.0,2,1,False,3,2,0.670993533780026
3849,1,2,True,1.0,False,True,False,True,True,3.0,3,2.0,1,8,47,,False,1,2,55,0.5204702984,0,3.0,2,1,False,3,2,0.670993533780026
3998,2,2,True,1.0,True,False,True,False,True,3.0,1,,2,8,60,,True,4,1,4,0.88337723934,1,1.0,3,4,True,3,4,0.577330292028841
4039,2,3,True,1.0,True,False,True,False,True,1.0,1,,4,7,67,,False,1,2,54,0.59886952164,1,1.0,3,1,False,3,3,0.662108771225382
4069,2,1,True,1.0,False,True,False,True,True,1.0,1,,4,8,35,,False,1,1,42,0.52431693012,0,1.0,2,1,True,3,1,0.670993533780026
4076,2,2,True,1.0,False,False,True,False,True,1.0,1,,3,3,37,,False,1,2,53,1.2369069678,1,1.0,2,1,False,1,4,0.684399470905161
4131,1,1,True,1.0,False,False,False,False,True,1.0,2,,1,3,53,,False,2,2,36,1.41388013398,0,2.0,2,2,False,1,1,0.149190364446552
4334,2,3,True,1.0,False,False,False,True,False,2.0,2,,3,7,23,,False,1,2,29,0.781038715619999,0,2.0,1,1,False,3,2,0.527560507996949
4359,2,1,True,1.0,True,False,True,False,True,1.0,3,1.0,2,6,48,,False,9,2,12,0.896522991400001,1,3.0,2,9,False,3,3,0.471235106505631
4377,2,1,True,1.0,False,False,False,True,True,1.0,2,,2,7,58,,False,2,2,42,0.679794492539998,0,2.0,3,2,False,3,1,0.161233254175788
4475,2,2,True,1.0,False,False,False,True,False,2.0,3,2.0,3,7,47,,False,1,1,18,0.4677948181,0,3.0,2,1,True,3,2,0.670993533780026
4517,1,2,True,1.0,False,True,False,True,True,1.0,2,,1,6,48,,False,1,2,29,0.907973132619999,0,2.0,2,1,False,3,2,0.670993533780026
4597,2,2,True,1.0,False,False,False,True,True,1.0,4,2.0,3,3,64,,False,2,2,8,1.6235766703,0,2.0,3,2,False,1,4,0.144954429369541
4637,1,1,True,1.0,False,False,False,True,True,2.0,3,2.0,3,8,54,,False,2,2,34,0.5666147947,0,3.0,2,2,False,3,1,0.166516530359145
4738,1,2,True,1.0,True,False,True,False,True,3.0,1,,3,7,46,,False,1,2,18,0.55882074144,1,1.0,2,1,False,3,2,0.670993533780026
4959,1,1,True,1.0,False,False,True,False,False,1.0,3,1.0,2,6,53,,False,1,1,39,0.731391979299999,1,3.0,2,1,True,3,2,0.670993533780026
4962,1,2,True,1.0,False,False,False,True,False,1.0,3,2.0,3,7,48,,True,1,1,51,0.631302633599999,0,3.0,2,4,True,3,3,0.589423621628785
5066,2,2,True,1.0,True,False,False,True,False,3.0,2,,1,8,51,,False,2,2,36,0.632222823559998,0,2.0,2,2,False,3,1,0.166516530359145
5128,2,2,True,1.0,True,False,True,False,True,1.0,1,,3,8,78,,False,1,2,21,0.59886952164,1,1.0,3,1,False,3,3,0.662108771225382
5171,2,1,True,1.0,False,True,False,True,True,1.0,2,,3,8,38,,False,1,2,42,0.606233761579999,0,2.0,2,1,False,3,1,0.670993533780026
5354,1,2,True,1.0,False,False,False,True,True,1.0,3,3.0,3,8,46,,False,1,2,48,0.628742386449999,0,3.0,2,1,False,3,3,0.670993533780026
5377,1,2,True,1.0,False,False,False,True,True,3.0,1,,3,7,50,,False,1,1,24,0.52431693012,0,1.0,2,1,True,3,3,0.670993533780026
5479,2,3,True,1.0,True,False,True,False,True,2.0,1,,4,3,53,,False,1,1,1,1.11950649372,1,1.0,2,1,True,1,3,0.684399470905161
5520,1,2,True,1.0,False,False,False,True,True,1.0,2,,1,8,49,,False,1,2,36,0.606233761579999,0,2.0,2,1,False,3,1,0.670993533780026
5545,2,3,True,1.0,False,False,False,False,True,3.0,4,1.0,2,8,49,,False,1,1,48,0.565108962049998,1,1.0,2,1,True,3,3,0.670993533780026
5577,2,1,True,1.0,False,True,False,True,True,1.0,2,,3,8,54,,False,1,1,45,0.52022340588,0,2.0,2,1,True,3,3,0.670993533780026
5584,2,1,True,1.0,False,False,False,False,False,1.0,3,3.0,1,8,44,,True,1,2,37,0.7023897181,0,3.0,2,4,False,3,3,0.589423621628785
5709,2,2,True,1.0,False,False,False,True,False,1.0,2,,1,8,24,,False,3,2,13,1.76440226216,0,2.0,1,3,False,3,3,0.224467858399683
5732,2,1,True,1.0,False,False,False,True,False,1.0,4,2.0,3,6,48,,True,2,2,6,1.09054303135,0,2.0,2,4,False,3,4,0.589423621628785
5774,1,3,True,1.0,False,False,True,False,False,1.0,3,1.0,2,8,49,,False,2,1,51,0.48622544225,1,3.0,2,2,True,3,3,0.166516530359145
5788,2,2,True,1.0,False,False,False,True,False,1.0,2,,3,8,46,,False,1,1,24,0.54487837836,0,2.0,2,1,True,3,3,0.670993533780026
5864,2,1,True,1.0,False,True,False,True,True,3.0,3,2.0,4,3,32,,False,1,2,39,1.15551955435,0,3.0,1,1,False,1,2,0.530772879843887
5877,2,2,True,1.0,False,False,True,True,True,3.0,4,1.0,2,3,41,,False,1,1,45,1.0426776167,1,1.0,2,1,True,1,3,0.684399470905161
5905,2,2,True,1.0,True,False,True,False,False,3.0,1,,4,6,50,,True,1,1,12,1.05976349232,1,1.0,2,4,True,3,3,0.589423621628785
5935,2,2,True,2.0,False,False,True,False,True,1.0,3,1.0,3,3,24,,False,1,1,54,1.03511589315,1,3.0,1,1,True,1,3,0.530772879843887
5941,1,2,True,1.0,False,False,False,True,True,1.0,3,3.0,1,7,34,,True,1,1,48,1.02909748925,0,3.0,1,4,True,3,3,0.447169049592949
5951,1,2,True,1.0,False,False,True,False,False,3.0,4,1.0,2,5,50,,False,5,1,48,2.002625783,1,1.0,2,9,True,3,3,0.471235106505631
5956,1,2,True,1.0,False,False,False,True,False,1.0,2,,4,3,33,,False,1,1,21,1.15497141762,0,2.0,1,1,True,1,3,0.530772879843887
5958,2,2,True,1.0,False,False,True,False,True,3.0,1,,3,5,19,,False,1,2,55,1.62314487408,1,1.0,1,1,False,3,2,0.527560507996949
5960,1,3,True,4.0,True,False,False,False,False,2.0,1,,2,3,48,,False,1,1,47,1.11950649372,1,1.0,2,1,True,1,3,0.684399470905161
5971,1,2,True,1.0,False,False,False,True,True,1.0,3,9.0,2,5,54,,False,2,1,6,0.754922450449999,0,3.0,2,2,True,3,4,0.166516530359145
5993,1,2,True,1.0,True,False,True,False,True,1.0,1,,4,3,53,,True,4,1,6,1.50531179352,1,1.0,2,4,True,1,4,0.597906476464517
6006,1,2,True,1.0,False,False,False,True,False,2.0,3,2.0,1,5,19,,True,4,2,6,2.02596896165,0,3.0,1,4,False,3,4,0.447169049592949
6018,1,2,True,1.0,False,False,False,True,True,1.0,2,,2,6,45,,True,1,2,6,1.21681643498,0,2.0,2,4,False,3,4,0.589423621628785
6020,1,2,True,1.0,False,True,False,True,True,1.0,3,2.0,1,8,31,,False,1,1,41,0.622689946899998,0,3.0,1,1,True,3,4,0.527560507996949
6027,2,2,True,4.0,False,False,False,False,False,2.0,1,,2,7,24,,False,1,1,25,0.705160914599999,1,1.0,1,1,True,3,1,0.527560507996949
6028,2,2,True,1.0,False,True,False,True,True,1.0,3,2.0,1,6,80,,False,1,2,33,0.973415143049998,0,3.0,3,1,False,3,1,0.662108771225382
6031,2,2,True,1.0,False,False,True,True,False,3.0,3,2.0,1,8,40,,False,2,1,9,0.5092691467,0,3.0,2,2,True,3,1,0.166516530359145
6032,2,3,True,1.0,True,False,True,True,True,3.0,3,2.0,1,7,21,,False,1,1,25,0.6567675185,0,3.0,1,1,True,3,1,0.527560507996949
6033,2,2,True,1.0,False,False,False,True,True,1.0,3,2.0,3,8,57,,False,1,1,25,0.52507916545,0,3.0,3,1,True,3,1,0.662108771225382
6036,2,2,True,1.0,True,False,True,False,True,3.0,1,,2,4,26,,False,1,2,13,1.23653407212,1,1.0,1,1,False,3,3,0.527560507996949
6037,2,1,True,1.0,False,True,True,True,True,1.0,3,2.0,4,6,62,,False,2,2,13,0.969211286650003,0,3.0,3,2,False,3,3,0.161233254175788
6039,2,1,True,1.0,False,False,True,False,True,3.0,3,1.0,2,8,37,,False,1,1,37,0.4662379581,1,3.0,2,1,True,3,3,0.670993533780026
6041,2,2,True,1.0,False,False,False,False,True,2.0,2,,3,8,43,,False,2,2,37,0.60361564002,0,2.0,2,2,False,3,3,0.166516530359145
6042,2,1,True,1.0,False,False,False,False,False,2.0,3,2.0,1,7,46,,False,1,1,34,0.4883343957,0,3.0,2,1,True,3,1,0.670993533780026
6044,2,1,True,1.0,False,False,False,True,True,3.0,2,,1,3,62,,False,2,2,13,1.4946189899,0,2.0,3,2,False,1,3,0.144954429369541
6045,2,1,True,2.0,False,False,True,True,False,3.0,4,3.0,3,8,32,,False,1,2,36,0.730722046899998,1,3.0,1,1,False,3,1,0.527560507996949
6047,2,2,True,1.0,False,False,False,True,False,3.0,2,,3,7,38,,False,1,1,51,0.52022340588,0,2.0,2,1,True,3,3,0.670993533780026
6071,2,1,True,1.0,True,False,True,False,True,1.0,1,,3,3,29,,False,1,2,45,1.23653407212,1,1.0,1,1,False,1,3,0.530772879843887
6085,2,2,True,1.0,False,False,True,False,True,1.0,1,,4,7,56,,False,1,1,13,0.53825945394,1,1.0,3,1,True,3,3,0.662108771225382
6086,2,2,True,1.0,False,False,True,False,True,1.0,4,1.0,4,3,49,,False,1,1,51,1.0426776167,1,1.0,2,1,True,1,3,0.684399470905161
6104,1,2,True,1.0,False,True,False,True,True,3.0,2,,3,7,75,,False,2,2,42,0.679794492539998,0,2.0,3,2,False,3,1,0.161233254175788
6106,1,2,True,1.0,False,True,False,True,True,3.0,2,,1,7,76,,False,1,2,12,0.622354600919999,0,2.0,3,1,False,3,3,0.662108771225382
6124,2,3,True,1.0,False,False,False,False,False,2.0,3,1.0,3,8,34,,False,1,1,37,0.627049722049998,0,3.0,1,1,True,3,3,0.527560507996949
6138,1,2,True,1.0,False,False,False,True,True,3.0,2,,1,8,54,,False,3,1,17,1.18307012658,0,2.0,2,3,True,3,2,0.337659399948075
6163,2,1,True,1.0,False,False,False,True,False,2.0,1,,3,7,65,,False,1,2,42,0.62725177236,0,1.0,3,1,False,3,1,0.662108771225382
6261,2,2,True,2.0,False,False,True,False,False,2.0,3,3.0,3,7,22,,False,1,2,44,0.730722046899998,1,3.0,1,1,False,3,1,0.527560507996949
6281,2,1,True,1.0,False,True,False,True,True,1.0,1,,3,7,65,,False,1,1,42,0.56376920922,0,1.0,3,1,True,3,1,0.662108771225382
6307,2,2,True,1.0,False,False,False,True,True,1.0,3,2.0,1,5,60,,False,1,2,9,0.973415143049998,0,3.0,3,1,False,3,1,0.662108771225382
6313,2,2,True,1.0,False,False,False,True,True,3.0,2,,3,7,31,,False,1,2,36,0.815331968120002,0,2.0,1,1,False,3,1,0.527560507996949
6329,1,2,True,1.0,True,False,True,False,True,3.0,2,,4,7,71,,False,1,2,36,0.651849881080001,1,2.0,3,1,False,3,1,0.662108771225382
6400,2,2,True,2.0,True,False,True,False,True,3.0,3,1.0,2,6,26,,False,1,2,51,1.5067213427,1,3.0,1,1,False,3,3,0.527560507996949
6506,2,2,True,1.0,False,False,False,True,False,2.0,2,,3,7,24,,False,1,1,11,0.732814283800002,0,2.0,1,1,True,3,3,0.527560507996949
6548,1,2,True,1.0,False,False,False,True,True,1.0,2,,1,6,36,,False,1,2,24,0.947839724140002,0,2.0,2,1,False,3,3,0.670993533780026
6567,2,2,True,1.0,False,False,False,True,True,1.0,2,,1,8,40,,False,1,2,36,0.606233761579999,0,2.0,2,1,False,3,1,0.670993533780026
6571,2,1,True,1.0,False,False,False,True,True,3.0,4,2.0,2,7,35,,False,2,2,51,0.54097628115,0,2.0,2,2,False,3,3,0.166516530359145
6582,1,2,True,1.0,False,False,False,True,True,1.0,2,,1,7,79,,False,1,2,42,0.651849881080001,0,2.0,3,1,False,3,1,0.662108771225382
6612,2,3,True,1.0,True,False,True,False,True,1.0,1,,4,5,47,,False,1,1,47,0.78267052998,1,1.0,2,1,True,3,3,0.670993533780026
6634,2,2,True,2.0,False,False,False,False,False,3.0,4,1.0,3,3,42,,False,1,1,25,1.09209328505,0,1.0,2,1,True,1,1,0.684399470905161
6649,1,1,True,1.0,False,False,True,False,False,1.0,2,,3,8,50,,True,2,1,36,0.737784534760002,1,2.0,2,4,True,3,1,0.589423621628785
6670,2,2,True,1.0,False,False,True,False,True,3.0,3,1.0,4,7,46,,False,1,2,51,0.5187381311,1,3.0,2,1,False,3,3,0.670993533780026
6801,2,2,True,1.0,False,False,False,True,True,1.0,4,1.0,3,6,37,,True,1,1,6,0.9801719335,0,1.0,2,4,True,3,4,0.589423621628785
6865,2,2,True,1.0,False,False,False,True,True,3.0,2,,1,6,21,,False,1,2,24,1.76086023718,0,2.0,1,1,False,3,3,0.527560507996949
6887,2,2,True,4.0,False,False,False,False,False,3.0,3,3.0,1,6,37,,False,1,1,1,0.728957846550001,1,3.0,2,1,True,3,3,0.670993533780026
6936,2,2,True,2.0,False,False,False,False,False,2.0,3,3.0,3,5,18,,False,1,1,51,1.3542298925,1,3.0,1,1,True,3,3,0.527560507996949
6983,2,2,True,1.0,False,False,False,True,False,1.0,1,,3,6,59,,False,1,1,30,1.08704869836,0,1.0,3,1,True,3,4,0.662108771225382
6994,2,1,True,1.0,False,False,False,True,False,1.0,2,,2,8,54,,False,2,2,24,0.632222823559998,0,2.0,2,2,False,3,3,0.166516530359145
6999,2,3,True,1.0,False,False,True,False,True,3.0,1,,4,8,48,,True,1,1,51,0.677819669760002,1,1.0,2,4,True,3,3,0.589423621628785
7013,2,2,True,1.0,True,False,True,False,True,3.0,1,,4,8,60,,False,1,2,28,0.59886952164,1,1.0,3,1,False,3,3,0.662108771225382
7030,2,3,True,1.0,False,False,True,True,False,2.0,3,2.0,3,6,35,,False,1,2,48,0.983031707100002,0,3.0,2,1,False,3,3,0.670993533780026
7096,2,2,True,1.0,True,False,True,False,True,1.0,1,,4,8,39,,False,1,2,51,0.55696094076,1,1.0,2,1,False,3,3,0.670993533780026
7111,2,2,True,2.0,False,False,False,True,False,1.0,2,,1,8,45,,False,3,2,13,1.31190761988,0,2.0,2,3,False,3,3,0.337659399948075
7123,2,2,True,2.0,True,False,True,False,True,1.0,3,1.0,4,4,48,,True,4,1,25,1.4787328113,1,3.0,2,4,True,3,1,0.589423621628785
7130,2,2,True,1.0,False,False,True,False,False,3.0,4,1.0,3,4,36,,False,1,1,34,1.09209328505,1,1.0,2,1,True,3,1,0.670993533780026
7265,2,1,True,1.0,False,False,False,True,False,3.0,2,,1,8,51,,False,3,1,13,1.17913277248,0,2.0,2,3,True,3,3,0.337659399948075
7271,2,3,True,1.0,True,False,True,False,True,1.0,1,,3,5,32,,False,1,1,12,1.454015253,1,1.0,1,1,True,3,3,0.527560507996949
7292,2,2,True,1.0,False,False,True,True,True,2.0,4,2.0,3,5,40,,False,1,2,42,0.849478998049998,0,2.0,2,1,False,3,1,0.670993533780026
7326,1,3,True,1.0,False,False,True,False,False,3.0,2,,1,3,82,,False,2,2,37,1.4946189899,1,2.0,3,2,False,1,3,0.144954429369541
7357,1,2,True,1.0,True,False,True,False,True,1.0,1,,4,5,90,,False,1,2,51,0.9978493485,1,1.0,3,1,False,3,3,0.662108771225382
7377,2,1,True,1.0,False,True,False,True,True,3.0,2,,1,7,54,,False,1,2,42,0.606233761579999,0,2.0,2,1,False,3,1,0.670993533780026
7393,2,2,True,1.0,False,True,True,True,False,1.0,1,,2,7,46,,True,4,1,48,0.821558955120002,1,1.0,2,4,True,3,3,0.589423621628785
7410,1,2,True,1.0,True,False,True,False,True,1.0,1,,2,5,85,,False,1,2,51,0.9978493485,1,1.0,3,1,False,3,3,0.662108771225382
7442,2,9,True,1.0,True,False,True,False,True,1.0,3,1.0,4,5,20,,False,1,2,13,1.5067213427,1,3.0,1,1,False,3,3,0.527560507996949
7480,2,2,True,1.0,False,False,False,True,True,1.0,2,,3,4,18,,True,2,1,34,1.63798867934,0,2.0,1,4,True,3,1,0.447169049592949
7566,2,3,True,1.0,False,False,False,False,True,3.0,3,2.0,3,7,30,,False,1,1,13,0.627049722049998,1,3.0,1,1,True,3,3,0.527560507996949
7599,2,2,True,1.0,False,True,False,True,True,1.0,2,,3,3,77,,False,1,1,12,1.28813061042,0,2.0,3,1,True,1,3,0.678369560417581
7706,1,1,True,1.0,False,False,False,True,False,2.0,4,3.0,2,7,59,,False,1,2,50,0.584205082100002,0,3.0,3,1,False,3,1,0.662108771225382
7727,1,2,True,2.0,False,False,False,True,True,2.0,2,,3,8,60,,False,1,2,25,0.651849881080001,0,2.0,3,1,False,3,1,0.662108771225382
7728,2,1,True,1.0,False,False,False,False,False,2.0,4,2.0,1,7,38,,False,1,1,26,0.4677948181,0,2.0,2,1,True,3,2,0.670993533780026
7738,2,2,True,1.0,False,True,False,True,True,1.0,2,,1,7,69,,False,1,1,12,0.55936766782,0,2.0,3,1,True,3,3,0.662108771225382
7746,2,2,True,1.0,False,True,False,True,True,1.0,2,,3,5,61,,False,1,2,12,1.0369806955,0,2.0,3,1,False,3,3,0.662108771225382
7753,2,1,True,2.0,False,False,False,True,True,3.0,4,3.0,3,3,24,,True,4,1,1,1.4015834139,0,3.0,1,4,True,1,3,0.439422635478778
7770,2,2,True,1.0,False,False,False,True,False,2.0,3,2.0,1,7,22,,False,1,2,26,0.69998752815,0,3.0,1,1,False,3,2,0.527560507996949
7835,2,3,True,1.0,False,False,True,False,True,1.0,4,1.0,3,5,46,,False,2,1,37,0.760208053800002,1,1.0,2,2,True,3,3,0.166516530359145
7844,2,2,True,1.0,False,False,True,False,True,1.0,3,1.0,3,7,69,,False,1,2,12,0.5577706329,1,3.0,3,1,False,3,3,0.662108771225382
7868,2,2,True,1.0,False,False,True,False,False,3.0,3,1.0,3,3,21,,False,1,1,13,1.03511589315,1,3.0,1,1,True,1,3,0.530772879843887
7886,2,1,True,1.0,False,True,False,True,True,2.0,2,,3,3,67,,False,2,1,12,1.34335238738,0,2.0,3,2,True,1,3,0.144954429369541
7949,1,2,True,2.0,True,False,True,False,True,1.0,1,,3,3,83,,False,1,2,23,1.44445640052,1,1.0,3,1,False,1,1,0.678369560417581
7966,2,2,True,1.0,False,False,False,False,False,2.0,3,2.0,1,7,25,,False,1,2,55,0.69998752815,0,3.0,1,1,False,3,2,0.527560507996949
7972,2,2,True,1.0,False,False,True,False,True,2.0,3,3.0,4,6,72,,False,1,1,20,0.8380996235,1,3.0,3,1,True,3,2,0.662108771225382
8007,2,3,True,1.0,False,False,True,True,False,3.0,3,2.0,1,8,37,,False,1,1,18,0.4677948181,0,3.0,2,1,True,3,2,0.670993533780026
8041,1,1,True,1.0,False,True,False,True,False,1.0,2,,3,3,57,,False,1,2,9,1.50110174956,0,2.0,3,1,False,1,1,0.678369560417581
8045,2,3,True,1.0,True,False,True,False,True,1.0,4,1.0,4,2,24,,False,9,1,33,1.19844231565,1,1.0,1,9,True,1,1,0.323472623699372
8069,2,2,True,1.0,False,False,False,True,False,3.0,3,2.0,3,7,26,,False,1,1,44,0.6567675185,0,3.0,1,1,True,3,1,0.527560507996949
8164,1,2,True,2.0,False,True,False,True,False,3.0,3,2.0,3,8,38,,False,1,2,9,0.54332271085,0,3.0,2,1,False,3,1,0.670993533780026
8182,2,2,True,1.0,True,False,True,False,True,1.0,1,,2,4,47,,False,1,1,18,1.12324474374,1,1.0,2,1,True,3,2,0.670993533780026
8217,1,3,True,1.0,True,False,True,False,True,3.0,1,,4,5,49,,False,1,2,23,0.912072187380001,1,1.0,2,1,False,3,1,0.670993533780026
8310,2,2,True,1.0,False,False,False,True,True,3.0,3,2.0,3,7,33,,False,1,1,26,0.62914356385,0,3.0,1,1,True,3,2,0.527560507996949
8324,2,3,True,1.0,False,False,True,False,False,3.0,3,1.0,3,8,37,,False,1,1,48,0.565108962049998,1,3.0,2,1,True,3,3,0.670993533780026
8338,2,1,True,1.0,False,False,True,True,True,3.0,2,,3,6,39,,True,1,2,48,1.48518227842,0,2.0,2,4,False,3,3,0.589423621628785
8367,2,2,True,1.0,False,False,False,False,False,2.0,3,1.0,4,3,54,,False,1,1,39,1.04615932015,1,3.0,2,1,True,1,2,0.684399470905161
8423,2,2,True,1.0,True,False,True,False,True,3.0,1,,4,6,99,2.0,False,9,2,36,1.00820230056,1,1.0,3,9,False,3,1,0.460412225236992
8432,2,2,True,1.0,False,False,True,False,True,3.0,1,,3,7,44,,False,1,1,48,0.606748569780002,1,1.0,2,1,True,3,3,0.670993533780026
8448,2,2,True,2.0,False,False,True,False,True,3.0,1,,3,6,62,,True,5,2,45,1.35112319976,1,1.0,3,4,False,3,3,0.577330292028841
8458,2,2,True,1.0,False,False,False,True,True,3.0,2,,1,3,40,,False,1,2,37,1.29441296648,0,2.0,2,1,False,1,3,0.684399470905161
8476,2,2,True,1.0,False,True,False,True,True,1.0,2,,1,2,59,,False,1,2,42,1.50110174956,0,2.0,3,1,False,1,1,0.678369560417581
8508,2,2,True,1.0,True,False,True,False,True,3.0,1,,2,5,25,,False,1,1,55,1.45887049278,1,1.0,1,1,True,3,2,0.527560507996949
8521,2,2,True,1.0,False,True,False,True,True,1.0,2,,1,7,35,,False,1,1,34,0.54487837836,0,2.0,2,1,True,3,1,0.670993533780026
8552,2,2,True,1.0,False,False,False,False,False,2.0,3,3.0,3,7,39,,False,1,2,18,0.5204702984,0,3.0,2,1,False,3,2,0.670993533780026
8554,2,2,True,1.0,False,False,True,True,False,3.0,2,,1,5,19,,False,1,1,36,1.58264803186,0,2.0,1,1,True,3,1,0.527560507996949
8623,2,3,True,1.0,False,True,False,True,True,2.0,2,,3,8,50,,False,2,2,6,0.599418797919999,0,2.0,2,2,False,3,4,0.166516530359145
8629,1,2,True,2.0,False,False,True,True,False,1.0,2,,1,6,25,,False,2,1,36,1.65049568506,0,2.0,1,2,True,3,1,0.100076396600963
8635,2,1,True,1.0,False,False,False,False,False,2.0,2,,3,8,62,,False,1,2,36,0.651849881080001,0,2.0,3,1,False,3,1,0.662108771225382
8638,2,1,True,1.0,False,False,False,True,False,3.0,3,2.0,1,3,24,,False,1,2,11,1.2062552249,0,3.0,1,1,False,1,3,0.530772879843887
8673,2,3,True,1.0,False,False,True,False,True,3.0,4,1.0,4,8,22,,False,1,1,48,0.760022668899998,1,1.0,1,1,True,3,3,0.527560507996949
8695,2,3,True,1.0,True,False,True,False,True,1.0,4,1.0,2,5,28,,True,1,2,48,2.47279138595001,1,1.0,1,4,False,3,3,0.447169049592949
8762,2,2,True,1.0,True,False,True,False,True,1.0,1,,2,2,50,,False,1,2,48,1.5097037289,1,1.0,2,1,False,1,3,0.684399470905161
8769,2,2,True,1.0,True,False,True,False,True,1.0,1,,3,3,99,3.0,False,1,1,12,1.23952190814,1,1.0,3,1,True,1,3,0.678369560417581
8837,2,1,True,1.0,False,True,False,True,True,3.0,2,,1,2,58,,False,2,1,17,1.3478381028,0,2.0,3,2,True,1,2,0.144954429369541
8859,1,1,True,1.0,False,False,False,True,False,1.0,2,,3,7,62,,False,1,2,21,0.622354600919999,0,2.0,3,1,False,3,3,0.662108771225382
8867,1,2,True,1.0,False,True,True,True,True,1.0,2,,3,8,58,,False,2,2,17,0.651202011199998,0,2.0,3,2,False,3,2,0.161233254175788
8928,1,2,True,1.0,False,False,True,False,False,3.0,1,,3,8,61,,False,1,2,1,0.59886952164,1,1.0,3,1,False,3,3,0.662108771225382
8937,2,1,True,1.0,False,True,False,True,False,2.0,2,,3,7,60,,False,2,2,13,0.649034757460002,0,2.0,3,2,False,3,3,0.161233254175788
8958,1,3,True,1.0,True,False,True,False,True,2.0,1,,1,6,62,,False,1,2,39,1.0011813621,1,1.0,3,1,False,3,2,0.662108771225382
8985,2,2,True,3.0,False,False,False,True,False,3.0,2,,1,8,49,,False,1,2,40,0.701544136460002,0,2.0,2,1,False,3,3,0.670993533780026
9144,1,1,True,1.0,True,False,True,False,True,2.0,1,,4,6,52,,False,1,2,1,0.870802217279999,1,1.0,2,1,False,3,3,0.670993533780026
9209,2,1,True,4.0,False,False,True,False,False,3.0,3,1.0,3,2,32,,False,1,1,54,1.03511589315,1,3.0,1,1,True,1,3,0.530772879843887
9290,1,2,True,1.0,False,False,False,False,False,3.0,4,3.0,3,7,59,,False,1,2,55,0.55963313735,0,3.0,3,1,False,3,2,0.662108771225382
9331,2,3,True,1.0,False,False,True,True,True,1.0,3,9.0,3,7,38,,False,1,1,17,0.4677948181,0,3.0,2,1,True,3,2,0.670993533780026
9379,2,2,True,1.0,False,False,False,True,False,3.0,3,2.0,1,7,42,,False,1,2,42,0.54332271085,0,3.0,2,1,False,3,1,0.670993533780026
9384,2,2,True,1.0,False,False,False,True,True,3.0,4,2.0,3,5,40,,False,9,1,26,0.808478853400001,0,2.0,2,9,True,3,2,0.471235106505631
9530,2,2,True,1.0,False,False,True,False,True,3.0,3,2.0,3,5,46,,False,1,1,19,0.731391979299999,0,3.0,2,1,True,3,2,0.670993533780026
9641,2,2,True,1.0,False,False,False,True,False,3.0,2,,1,8,41,,False,1,2,55,0.58073528032,0,2.0,2,1,False,3,2,0.670993533780026
9731,2,1,True,1.0,False,False,False,False,False,2.0,3,2.0,3,3,23,,True,4,1,6,1.3918384317,0,3.0,1,4,True,1,4,0.439422635478778
9748,1,2,True,1.0,False,False,True,False,False,3.0,3,3.0,3,6,45,,False,1,2,17,0.813749505650003,0,3.0,2,1,False,3,2,0.670993533780026
9773,1,2,True,1.0,False,False,False,True,False,2.0,4,9.0,2,9,99,1.0,False,9,2,18,0.966935392550001,0,3.0,3,9,False,3,2,0.460412225236992
9791,2,2,True,1.0,False,False,False,True,True,1.0,2,,3,3,44,,False,1,2,34,1.35575914042,0,2.0,2,1,False,1,1,0.684399470905161
9900,1,3,True,1.0,False,False,True,True,True,3.0,1,,4,8,42,,False,1,1,47,0.50059233396,1,1.0,2,1,True,3,3,0.670993533780026
9955,2,3,True,1.0,True,False,True,False,True,1.0,1,,2,5,53,,False,1,1,39,0.785284019879998,1,1.0,2,1,True,3,2,0.670993533780026
9966,2,2,True,1.0,False,True,False,True,True,1.0,2,,1,8,48,,False,1,2,51,0.578802546279999,0,2.0,2,1,False,3,3,0.670993533780026
10079,1,1,True,1.0,False,False,False,True,False,3.0,2,,1,5,51,,False,1,2,39,0.907973132619999,0,2.0,2,1,False,3,2,0.670993533780026
10192,1,2,True,3.0,False,False,False,False,False,2.0,3,1.0,4,3,36,,False,1,2,27,1.16396084965,0,3.0,2,1,False,1,2,0.684399470905161
10238,2,2,True,2.0,False,False,False,True,False,3.0,2,,1,8,45,,False,1,2,39,0.58073528032,0,2.0,2,1,False,3,2,0.670993533780026
10297,1,3,True,3.0,False,False,False,False,False,2.0,3,1.0,2,7,49,,False,1,2,27,0.5204702984,0,3.0,2,1,False,3,2,0.670993533780026
10356,2,2,True,1.0,False,False,True,True,True,2.0,3,2.0,3,3,27,,False,1,1,26,1.03857234655,0,3.0,1,1,True,1,2,0.530772879843887
10512,1,2,True,1.0,False,False,True,False,False,2.0,3,3.0,3,3,30,,False,1,2,39,1.15551955435,1,3.0,1,1,False,1,2,0.530772879843887
10644,2,2,True,1.0,False,False,False,True,False,3.0,3,2.0,3,7,29,,False,1,2,12,0.697657912499997,0,3.0,1,1,False,3,3,0.527560507996949
10903,2,3,True,1.0,False,False,True,True,True,3.0,9,1.0,2,3,42,,False,5,1,41,2.470410597,1,1.0,2,9,True,1,4,0.471259349724172
11160,2,1,True,1.0,False,False,False,False,False,3.0,3,1.0,3,7,40,,False,1,2,48,0.628742386449999,1,3.0,2,1,False,3,3,0.670993533780026
11361,2,2,True,1.0,False,False,False,True,True,3.0,1,,1,7,33,,False,1,2,17,0.751565556539998,0,1.0,1,1,False,3,2,0.527560507996949
11375,1,2,True,1.0,False,False,False,True,True,1.0,2,,1,7,42,,False,2,2,55,0.60563123002,0,2.0,2,2,False,3,2,0.166516530359145
11528,1,3,True,1.0,True,False,True,False,True,1.0,1,,4,5,36,,False,1,1,26,0.785284019879998,1,1.0,2,1,True,3,2,0.670993533780026
11540,2,3,True,1.0,False,False,True,False,False,3.0,4,2.0,1,7,28,,False,1,1,18,0.62914356385,0,2.0,1,1,True,3,2,0.527560507996949
11541,2,2,True,1.0,False,False,False,True,True,2.0,2,,1,7,36,,False,2,2,17,0.60563123002,0,2.0,2,2,False,3,2,0.166516530359145
11553,1,1,True,1.0,False,True,False,True,True,3.0,2,,3,4,38,,False,1,2,55,1.29873526382,0,2.0,2,1,False,3,2,0.670993533780026
11598,1,2,True,1.0,True,False,True,False,True,3.0,3,1.0,2,3,54,,False,1,2,18,1.16396084965,1,3.0,2,1,False,1,2,0.684399470905161
11616,1,2,True,1.0,False,False,True,False,False,2.0,3,2.0,1,7,50,,False,1,2,20,0.5204702984,1,3.0,2,1,False,3,2,0.670993533780026
11685,1,2,True,1.0,True,False,True,False,False,2.0,1,,3,3,99,2.0,False,1,2,18,1.24972638594,1,1.0,3,1,False,1,2,0.678369560417581
11855,1,3,True,1.0,False,False,False,True,True,1.0,3,2.0,1,5,21,,False,1,2,29,1.5117525788,0,3.0,1,1,False,3,2,0.527560507996949
11950,1,3,True,1.0,False,False,True,False,True,1.0,2,,2,7,26,,True,4,1,20,0.950521600460002,1,2.0,1,4,True,3,2,0.447169049592949
11962,1,1,True,1.0,False,False,False,True,True,1.0,2,,3,7,44,,False,1,1,32,0.63054263134,0,2.0,2,1,True,3,4,0.670993533780026
11977,1,1,True,2.0,False,True,False,True,True,3.0,2,,3,3,54,,False,1,2,41,1.2854131234,0,2.0,2,1,False,1,4,0.684399470905161
11984,1,2,True,1.0,False,True,False,True,True,1.0,2,,1,8,53,,False,1,1,6,0.51660637742,0,2.0,2,1,True,3,4,0.670993533780026
11987,1,2,True,1.0,False,False,False,True,False,1.0,2,,3,7,42,,False,1,1,6,0.51660637742,0,2.0,2,1,True,3,4,0.670993533780026
11996,2,1,True,1.0,True,False,True,False,True,3.0,1,,4,3,88,,False,2,2,12,1.4382182733,1,1.0,3,2,False,1,3,0.144954429369541
12006,2,3,True,1.0,False,False,True,False,False,3.0,1,,3,8,40,,False,1,2,36,0.583357015859998,1,1.0,2,1,False,3,1,0.670993533780026
12010,2,2,True,1.0,False,False,False,True,False,1.0,2,,3,6,71,,False,1,2,36,1.08612637014,0,2.0,3,1,False,3,1,0.662108771225382
12022,2,2,True,1.0,False,False,True,False,True,1.0,1,,2,6,53,,False,1,2,12,0.870802217279999,1,1.0,2,1,False,3,3,0.670993533780026
12029,2,2,True,1.0,True,False,True,False,True,3.0,1,,1,3,55,,False,1,1,9,1.29826662738,1,1.0,3,1,True,1,1,0.678369560417581
12035,2,2,True,1.0,False,False,False,True,True,3.0,2,,1,8,80,,False,1,1,24,0.58587780566,0,2.0,3,1,True,3,3,0.662108771225382
12048,2,3,True,1.0,False,False,True,False,False,1.0,1,,2,3,37,,False,1,1,42,1.17256331658,1,1.0,2,1,True,1,1,0.684399470905161
12049,2,2,True,1.0,False,False,False,True,False,3.0,2,,1,7,30,,False,1,2,36,0.815331968120002,0,2.0,1,1,False,3,1,0.527560507996949
12065,2,3,True,1.0,False,True,False,True,True,3.0,2,,1,7,37,,False,2,1,17,0.54433682754,0,2.0,2,2,True,3,2,0.166516530359145
12099,2,3,True,1.0,True,False,True,False,True,1.0,1,,4,5,39,,False,1,1,47,0.78267052998,1,1.0,2,1,True,3,3,0.670993533780026
12131,2,2,True,2.0,False,False,False,True,False,3.0,3,2.0,3,5,25,,True,1,1,12,1.83367501945,0,3.0,1,4,True,3,3,0.447169049592949
12132,2,2,True,1.0,True,False,True,False,True,1.0,1,,3,8,99,3.0,False,3,2,28,1.35739120992,1,1.0,3,3,False,3,3,0.330254644854738
12212,2,2,True,1.0,True,False,True,False,False,3.0,1,,4,6,53,,False,1,2,1,0.870802217279999,1,1.0,2,1,False,3,3,0.670993533780026
12230,1,1,True,2.0,False,False,True,True,True,3.0,3,1.0,2,8,71,,False,1,2,17,0.55963313735,1,3.0,3,1,False,3,2,0.662108771225382
12234,2,2,True,1.0,True,False,True,False,False,1.0,1,,3,8,29,,False,1,2,47,0.749064285,1,1.0,1,1,False,3,3,0.527560507996949
12260,1,1,True,2.0,False,True,False,True,True,1.0,4,1.0,2,8,34,,False,2,2,36,0.762047884599999,0,1.0,1,2,False,3,1,0.100076396600963
12526,2,2,True,1.0,False,True,False,True,True,1.0,3,2.0,3,6,67,,False,1,2,42,0.973415143049998,0,3.0,3,1,False,3,1,0.662108771225382
12566,1,2,True,1.0,False,True,False,True,False,1.0,3,2.0,3,8,63,,False,2,2,1,0.581682093950002,0,3.0,3,2,False,3,3,0.161233254175788
12575,1,2,True,1.0,False,False,False,True,True,3.0,2,,1,3,89,,False,1,2,40,1.73710076330001,0,2.0,3,1,False,1,3,0.678369560417581
12688,2,1,True,3.0,False,False,True,False,True,3.0,1,,2,3,59,,False,1,2,18,1.3837018743,1,1.0,3,1,False,1,2,0.678369560417581
12716,1,2,True,1.0,False,False,False,True,False,2.0,3,2.0,3,6,61,,False,1,2,36,0.973415143049998,0,3.0,3,1,False,3,1,0.662108771225382
12758,1,2,True,2.0,False,True,False,True,True,1.0,2,,3,8,65,,False,2,2,51,0.649034757460002,0,2.0,3,2,False,3,3,0.161233254175788
12779,1,2,True,2.0,False,True,False,True,True,1.0,2,,3,7,67,,False,1,1,36,0.58587780566,0,2.0,3,1,True,3,1,0.662108771225382
12813,1,2,True,1.0,True,False,True,False,False,3.0,3,1.0,4,4,99,3.0,False,1,2,18,1.28874194175,1,3.0,3,1,False,3,2,0.662108771225382
12814,2,3,True,1.0,True,False,True,False,True,1.0,1,,2,6,63,,False,5,1,12,2.03281218750001,1,1.0,3,9,True,3,3,0.460412225236992
12874,1,1,True,1.0,False,False,True,False,True,3.0,1,,2,8,64,,False,1,2,45,0.59886952164,1,1.0,3,1,False,3,3,0.662108771225382
12936,1,3,True,1.0,False,True,False,True,True,1.0,3,2.0,1,5,69,,False,2,2,48,1.1747434418,0,3.0,3,2,False,3,3,0.161233254175788
12959,2,3,True,1.0,False,False,True,False,True,3.0,3,1.0,4,6,29,,False,1,2,39,1.5117525788,1,3.0,1,1,False,3,2,0.527560507996949
12984,1,2,True,1.0,False,False,False,True,True,3.0,2,,1,8,73,,False,1,2,39,0.624432763780002,0,2.0,3,1,False,3,2,0.662108771225382
13025,2,3,True,1.0,True,False,True,False,True,1.0,1,,4,8,68,,False,1,1,12,0.53825945394,1,1.0,3,1,True,3,3,0.662108771225382
13048,2,3,True,1.0,False,False,False,True,True,3.0,2,,3,8,30,,False,1,2,37,0.778439355,0,2.0,1,1,False,3,3,0.527560507996949
13137,1,2,True,1.0,True,False,True,False,True,1.0,1,,4,7,63,,False,1,2,39,0.600869263259999,1,1.0,3,1,False,3,2,0.662108771225382
13220,1,2,True,1.0,False,False,True,True,False,3.0,3,2.0,1,5,22,,False,1,1,39,1.35875192955,0,3.0,1,1,True,3,2,0.527560507996949
13275,1,2,True,1.0,False,False,False,True,True,1.0,2,,1,7,33,,False,1,1,34,0.732814283800002,0,2.0,1,1,True,3,1,0.527560507996949
13304,2,1,True,2.0,True,False,True,False,False,1.0,1,,3,9,74,,False,1,2,13,0.93606880734,1,1.0,3,1,False,3,3,0.662108771225382
13317,1,1,True,1.0,True,False,True,False,False,3.0,1,,3,3,63,,False,1,2,29,1.3837018743,1,1.0,3,1,False,1,2,0.678369560417581
13334,1,2,True,1.0,False,False,True,False,True,3.0,4,1.0,2,6,49,,False,1,1,36,0.763505380299999,1,1.0,2,1,True,3,1,0.670993533780026
13432,2,2,True,1.0,False,True,False,True,True,3.0,2,,1,3,69,,False,2,1,13,1.34335238738,0,2.0,3,2,True,1,3,0.144954429369541
13437,1,2,True,2.0,False,False,False,True,False,3.0,4,2.0,3,5,99,3.0,False,1,1,20,0.8380996235,0,2.0,3,1,True,3,2,0.662108771225382
13554,2,1,True,1.0,False,False,False,True,True,3.0,2,,3,3,74,,False,2,2,42,1.5654535376,0,2.0,3,2,False,1,1,0.144954429369541
13568,2,2,True,1.0,False,False,True,True,True,3.0,3,2.0,1,7,22,,False,3,1,13,1.42126415065,0,3.0,1,3,True,3,3,0.224467858399683
13602,1,2,True,1.0,False,False,True,False,True,1.0,3,1.0,4,6,81,,False,1,1,6,0.829502581400001,1,3.0,3,1,True,3,4,0.662108771225382
13660,2,2,True,1.0,False,False,True,False,True,3.0,1,,4,6,57,,False,1,2,26,1.0011813621,1,1.0,3,1,False,3,2,0.662108771225382
13663,2,2,True,1.0,False,False,True,False,True,3.0,1,,3,7,30,,False,1,1,47,0.673253385780002,1,1.0,1,1,True,3,3,0.527560507996949
13664,1,2,True,3.0,True,False,True,False,False,3.0,4,1.0,2,1,59,,True,4,2,48,2.10801027765,1,1.0,3,4,False,1,3,0.590113097340043
13770,1,2,True,1.0,False,False,True,False,True,3.0,1,,4,5,78,,False,1,2,22,0.9978493485,1,1.0,3,1,False,3,3,0.662108771225382
13820,2,3,True,1.0,True,False,True,False,True,1.0,3,1.0,4,3,44,,False,1,1,13,1.0426776167,1,3.0,2,1,True,1,3,0.684399470905161
13860,1,3,True,1.0,True,False,True,False,True,1.0,1,,2,7,67,,False,1,1,48,0.65240342502,1,1.0,3,1,True,3,3,0.662108771225382
13902,2,2,True,1.0,False,False,True,False,False,2.0,1,,4,8,59,,False,1,1,24,0.56376920922,1,1.0,3,1,True,3,3,0.662108771225382
13935,2,1,True,1.0,False,False,False,False,True,9.0,4,9.0,2,8,34,,True,4,2,51,0.944653410449999,0,3.0,1,4,False,3,3,0.447169049592949
13971,2,1,True,1.0,True,False,True,False,True,1.0,1,,2,5,21,,False,1,2,37,1.61774291532,1,1.0,1,1,False,3,3,0.527560507996949
14054,2,2,True,1.0,False,False,True,True,True,1.0,2,,3,5,25,,True,1,1,4,2.47987159848001,0,2.0,1,4,True,3,4,0.447169049592949
14072,1,3,True,1.0,True,False,True,False,True,1.0,1,,4,7,54,,True,1,2,39,0.756662986140002,1,1.0,2,4,False,3,2,0.589423621628785
14076,2,2,True,1.0,False,False,False,False,False,3.0,2,,3,6,30,,False,1,1,17,1.51608110034,1,2.0,1,1,True,3,2,0.527560507996949
14084,1,3,True,1.0,False,False,True,False,True,3.0,1,,4,7,43,,False,1,2,48,0.675070772820003,1,1.0,2,1,False,3,3,0.670993533780026
14086,1,2,True,1.0,True,False,True,False,True,1.0,3,3.0,3,6,52,,False,1,2,19,0.813749505650003,1,3.0,2,1,False,3,2,0.670993533780026
14097,1,1,True,1.0,False,True,False,True,False,1.0,3,2.0,3,7,61,,False,2,2,29,0.583624444,0,3.0,3,2,False,3,2,0.161233254175788
14098,2,2,True,1.0,True,False,True,False,True,3.0,1,,2,8,52,,False,1,1,35,0.606748569780002,1,1.0,2,1,True,3,4,0.670993533780026
14114,1,2,True,1.0,True,False,True,False,True,1.0,1,,4,6,55,,False,1,2,21,0.9978493485,1,1.0,3,1,False,3,3,0.662108771225382
14125,2,3,True,1.0,True,False,True,False,False,3.0,1,,4,3,30,,True,1,1,37,1.50485798124,1,1.0,1,4,True,1,3,0.439422635478778
14143,2,2,True,1.0,True,False,True,False,True,1.0,3,1.0,3,8,77,,False,1,1,48,0.607630640950002,1,3.0,3,1,True,3,3,0.662108771225382
14148,2,3,True,1.0,False,False,True,False,False,3.0,3,1.0,3,3,32,,False,1,1,41,1.02791890025,1,3.0,1,1,True,1,4,0.530772879843887
14275,2,2,True,1.0,False,True,False,True,True,1.0,3,2.0,3,3,74,,False,1,2,46,1.28874194175,0,3.0,3,1,False,1,2,0.678369560417581
14305,2,2,True,1.0,False,False,False,True,False,3.0,2,,1,3,34,,False,1,1,1,1.15497141762,0,2.0,1,1,True,1,3,0.530772879843887
14326,2,2,True,2.0,False,False,True,True,False,2.0,4,3.0,3,7,32,,False,1,2,27,0.69998752815,0,3.0,1,1,False,3,2,0.527560507996949
14409,2,2,True,1.0,False,True,False,True,True,1.0,3,2.0,3,7,54,,False,1,2,8,0.628742386449999,0,3.0,2,1,False,3,4,0.670993533780026
14443,1,2,True,1.0,False,True,False,True,True,1.0,2,,3,5,69,,False,2,1,5,0.971986377859998,0,2.0,3,2,True,3,3,0.161233254175788
14485,2,2,True,1.0,False,False,False,True,True,1.0,2,,3,8,61,,False,1,2,18,0.624432763780002,0,2.0,3,1,False,3,2,0.662108771225382
14504,2,2,True,1.0,False,False,False,True,False,2.0,3,2.0,3,8,72,,False,1,2,6,0.55389254385,0,3.0,3,1,False,3,4,0.662108771225382
14555,2,2,True,1.0,True,False,True,False,True,3.0,1,,2,3,55,,False,1,1,8,1.50237647016,1,1.0,3,1,True,1,4,0.678369560417581
14568,2,2,True,1.0,True,False,True,False,True,1.0,1,,4,8,71,,False,1,1,6,0.53451702294,1,1.0,3,1,True,3,4,0.662108771225382
14599,2,2,True,1.0,False,False,True,False,False,3.0,1,,3,3,99,2.0,False,1,1,26,1.12324474374,1,1.0,3,1,True,1,2,0.678369560417581
14605,2,2,True,1.0,False,False,True,True,True,3.0,3,1.0,2,7,54,,False,1,1,18,0.4677948181,0,3.0,2,1,True,3,2,0.670993533780026
14633,1,2,True,1.0,False,False,True,False,True,3.0,1,,3,3,72,,False,1,2,22,1.37909680176,1,1.0,3,1,False,1,3,0.678369560417581
14647,2,3,True,2.0,False,False,False,False,False,1.0,4,2.0,3,3,24,,False,1,2,30,1.39589929315,0,2.0,1,1,False,1,4,0.530772879843887
14656,2,2,True,1.0,False,False,True,False,True,1.0,3,3.0,3,5,57,,False,1,2,55,0.932472837250001,1,3.0,3,1,False,3,2,0.662108771225382
14712,2,2,True,1.0,True,False,True,False,True,3.0,4,1.0,4,3,53,,False,1,1,53,1.03542804795,1,1.0,2,1,True,1,4,0.684399470905161
14717,2,2,True,1.0,False,False,False,True,False,2.0,3,1.0,3,7,49,,False,1,1,4,0.565108962049998,0,3.0,2,1,True,3,4,0.670993533780026
14759,2,2,True,1.0,False,False,True,False,False,3.0,3,1.0,3,5,49,,True,1,2,6,1.09054303135,1,3.0,2,4,False,3,4,0.589423621628785
14780,2,2,True,2.0,True,False,True,False,False,3.0,1,,4,5,35,,False,1,1,30,0.948644619899998,1,1.0,2,1,True,3,4,0.670993533780026
14836,2,1,True,2.0,False,False,False,True,True,3.0,3,2.0,3,7,26,,True,4,1,35,1.02909748925,0,3.0,1,4,True,3,4,0.447169049592949
14862,2,3,True,1.0,False,False,False,True,True,3.0,3,3.0,3,8,37,,False,2,2,22,0.54097628115,0,3.0,2,2,False,3,3,0.166516530359145
14877,2,2,True,1.0,False,False,False,True,False,1.0,2,,1,8,51,,False,1,2,30,0.701544136460002,0,2.0,2,1,False,3,4,0.670993533780026
14889,2,2,True,1.0,False,False,False,True,True,3.0,4,2.0,1,5,38,,False,1,2,41,0.805402242299999,0,2.0,2,1,False,3,4,0.670993533780026
14961,1,2,True,1.0,False,False,False,True,False,2.0,3,2.0,3,8,37,,False,2,2,48,0.65569638685,0,3.0,2,2,False,3,3,0.166516530359145
14962,2,2,True,1.0,False,True,True,True,False,1.0,4,1.0,4,5,26,,False,2,1,6,1.4024659354,0,1.0,1,2,True,3,4,0.100076396600963
15050,1,2,True,4.0,False,False,True,False,True,3.0,1,,3,7,36,,False,3,2,48,1.53010814652,1,1.0,2,3,False,3,3,0.337659399948075
15056,2,3,True,1.0,False,False,False,True,True,1.0,4,2.0,2,6,24,,True,4,1,6,1.82092577435,0,2.0,1,4,True,3,4,0.447169049592949
15062,1,2,True,1.0,False,True,False,True,True,1.0,2,,3,8,42,,False,1,1,27,0.52196053388,0,2.0,2,1,True,3,2,0.670993533780026
15133,1,2,True,1.0,False,False,False,True,False,3.0,2,,3,8,52,,False,1,1,5,0.52022340588,0,2.0,2,1,True,3,3,0.670993533780026
15160,2,2,True,1.0,False,True,False,True,False,3.0,2,,1,7,32,,True,4,2,29,1.05755395778,0,2.0,1,4,False,3,2,0.447169049592949
15167,1,2,True,1.0,False,False,True,True,True,1.0,3,2.0,3,8,53,,False,1,1,6,0.46299628165,0,3.0,2,1,True,3,4,0.670993533780026
15179,1,2,True,1.0,False,False,True,False,False,3.0,3,1.0,2,7,18,,False,1,2,41,0.692807210599999,1,3.0,1,1,False,3,4,0.527560507996949
15220,1,1,True,1.0,False,True,False,False,False,1.0,3,2.0,4,7,99,2.0,False,2,2,5,0.54097628115,0,3.0,3,2,False,3,3,0.161233254175788
15231,2,3,True,1.0,True,False,True,False,False,1.0,1,,4,3,29,,False,1,2,48,1.49875503054,1,1.0,1,1,False,1,3,0.530772879843887
15247,2,2,True,1.0,False,True,False,True,True,1.0,2,,3,3,54,,True,4,1,35,1.90935573257999,0,2.0,2,4,True,1,4,0.597906476464517
15264,2,2,True,1.0,False,True,False,True,True,1.0,2,,3,8,47,,False,3,2,6,1.30278613862,0,2.0,2,3,False,3,4,0.337659399948075
15294,2,3,True,1.0,False,False,False,True,True,1.0,2,,3,7,23,,False,2,2,48,0.983964435100002,0,2.0,1,2,False,3,3,0.100076396600963
15309,1,3,True,1.0,True,False,True,False,True,1.0,4,1.0,4,7,44,,False,1,1,48,0.565108962049998,1,1.0,2,1,True,3,3,0.670993533780026
15336,1,3,True,1.0,False,False,False,True,True,3.0,2,,1,8,35,,False,2,1,29,0.54433682754,0,2.0,2,2,True,3,2,0.166516530359145
15340,2,2,True,1.0,True,False,True,False,False,3.0,1,,4,7,52,,False,1,1,16,0.606748569780002,1,1.0,2,1,True,3,4,0.670993533780026
15354,1,2,True,1.0,False,True,False,True,False,3.0,3,3.0,1,7,54,,False,1,2,48,0.628742386449999,0,3.0,2,1,False,3,3,0.670993533780026
15358,1,1,True,1.0,False,False,False,False,False,2.0,1,,2,6,50,,False,1,2,22,0.870802217279999,1,1.0,2,1,False,3,3,0.670993533780026
15369,2,3,True,1.0,False,False,True,False,True,3.0,4,1.0,3,7,33,,False,1,1,8,0.760022668899998,1,1.0,1,1,True,3,4,0.527560507996949
15370,1,3,True,1.0,True,False,True,False,True,3.0,1,,2,3,36,,False,1,1,29,1.12324474374,1,1.0,2,1,True,1,2,0.684399470905161
15371,1,2,True,1.0,False,False,False,True,False,3.0,3,1.0,3,7,41,,True,1,1,53,0.626913288749999,0,3.0,2,4,True,3,4,0.589423621628785
15383,2,2,True,2.0,False,False,False,True,False,2.0,2,,3,7,32,,True,4,2,6,1.04670580224,0,2.0,1,4,False,3,4,0.447169049592949
15418,1,2,True,2.0,False,False,False,False,False,2.0,1,,3,7,54,,False,1,2,6,0.55308848118,1,1.0,2,1,False,3,4,0.670993533780026
15429,1,2,True,1.0,True,False,True,False,True,1.0,3,1.0,2,6,50,,False,1,1,2,0.723889520550001,1,3.0,2,1,True,3,4,0.670993533780026
15455,1,1,True,1.0,False,True,False,True,True,1.0,2,,4,7,44,,True,4,2,4,0.949915494579999,0,2.0,2,4,False,3,4,0.589423621628785
15467,1,2,True,1.0,False,False,False,True,True,1.0,3,2.0,1,7,52,,False,1,1,6,0.46299628165,0,3.0,2,1,True,3,4,0.670993533780026
15547,2,2,True,3.0,False,False,False,True,True,3.0,2,,3,6,27,,True,4,2,4,2.75911459906,0,2.0,1,4,False,3,4,0.447169049592949
15585,2,1,True,1.0,False,False,False,True,False,3.0,3,2.0,3,3,50,,False,2,1,6,1.07981654145,0,3.0,2,2,True,1,4,0.149190364446552
15590,1,2,True,1.0,False,False,True,False,False,2.0,1,,3,7,54,,True,4,2,16,0.914069626859998,1,1.0,2,4,False,3,4,0.589423621628785
15593,1,2,True,1.0,False,False,True,False,False,1.0,1,,2,6,50,,False,1,2,53,0.86474767068,1,1.0,2,1,False,3,4,0.670993533780026
15601,1,3,True,1.0,False,False,True,False,False,3.0,9,1.0,3,8,42,,True,4,1,6,0.659908725,1,1.0,2,4,True,3,4,0.589423621628785
15609,2,1,True,2.0,False,False,True,False,False,3.0,4,1.0,3,5,46,,True,4,2,6,1.09054303135,1,1.0,2,4,False,3,4,0.589423621628785
15655,2,1,True,1.0,False,False,False,True,True,1.0,2,,1,7,50,,False,1,2,8,0.701544136460002,0,2.0,2,1,False,3,4,0.670993533780026
15692,1,2,True,1.0,False,False,False,True,False,3.0,2,,3,8,99,1.0,True,1,2,6,1.04670580224,0,2.0,3,4,False,3,4,0.577330292028841
15748,1,1,True,2.0,False,False,False,True,False,2.0,3,3.0,1,6,47,,False,1,2,53,0.805402242299999,0,3.0,2,1,False,3,4,0.670993533780026
15761,2,2,True,2.0,False,False,True,False,False,2.0,3,1.0,3,7,35,,False,1,1,8,0.565108962049998,1,3.0,2,1,True,3,4,0.670993533780026
15774,1,1,True,1.0,False,False,False,True,True,3.0,4,3.0,1,5,21,,True,4,2,6,2.02596896165,0,3.0,1,4,False,3,4,0.447169049592949
15993,1,1,True,1.0,False,False,False,True,True,3.0,2,,1,7,37,,False,3,2,15,1.30278613862,0,2.0,2,3,False,3,4,0.337659399948075
16056,1,1,True,1.0,False,False,False,True,True,1.0,2,,1,7,23,,True,4,2,6,1.04670580224,0,2.0,1,4,False,3,4,0.447169049592949
16085,1,2,True,1.0,False,False,True,False,True,3.0,3,1.0,2,6,49,,False,1,1,53,0.723889520550001,1,3.0,2,1,True,3,4,0.670993533780026
16096,1,2,True,1.0,False,False,False,True,True,3.0,2,,3,8,53,,False,1,2,6,0.574778225539998,0,2.0,2,1,False,3,4,0.670993533780026
16173,2,2,True,2.0,False,False,False,True,False,3.0,3,3.0,3,5,54,,False,1,2,41,0.805402242299999,0,3.0,2,1,False,3,4,0.670993533780026
16342,2,1,True,1.0,False,False,False,True,False,3.0,3,9.0,3,8,65,,False,2,1,42,0.54758915325,0,3.0,3,2,True,3,1,0.161233254175788
16395,2,1,True,1.0,False,False,False,True,False,1.0,3,2.0,3,3,18,,False,2,2,51,1.20104580965,0,3.0,1,2,False,1,3,0.0851510830224752
16481,2,2,True,1.0,True,False,True,False,True,1.0,1,,4,5,63,,False,1,1,37,0.896859544259999,1,1.0,3,1,True,3,3,0.662108771225382
16618,2,2,True,1.0,False,False,False,True,True,3.0,2,,3,7,60,,False,1,2,51,0.622354600919999,0,2.0,3,1,False,3,3,0.662108771225382
16668,2,1,True,1.0,True,False,True,False,True,3.0,1,,4,3,36,,False,1,2,10,1.30459841814,1,1.0,2,1,False,1,3,0.684399470905161
17007,2,3,True,1.0,False,True,False,True,False,3.0,2,,1,7,58,,False,1,1,51,0.55936766782,0,2.0,3,1,True,3,3,0.662108771225382
17032,2,2,True,1.0,True,False,True,False,True,1.0,1,,2,3,72,,False,1,2,13,1.37909680176,1,1.0,3,1,False,1,3,0.678369560417581
17150,1,2,True,2.0,True,False,True,False,False,3.0,1,,2,8,99,3.0,False,1,2,12,0.59886952164,1,1.0,3,1,False,3,3,0.662108771225382
17284,1,2,True,1.0,True,False,True,False,True,1.0,1,,4,5,55,,False,1,2,36,1.04514046938,1,1.0,3,1,False,3,1,0.662108771225382
17315,2,2,True,1.0,False,False,False,True,False,3.0,2,,3,8,51,,False,1,2,45,0.578802546279999,0,2.0,2,1,False,3,3,0.670993533780026
17330,2,2,True,1.0,False,True,False,True,True,3.0,1,,3,8,38,,False,1,2,12,0.55696094076,0,1.0,2,1,False,3,3,0.670993533780026
17398,2,1,True,1.0,False,False,False,True,True,1.0,3,2.0,3,8,67,,False,1,1,13,0.50132007965,0,3.0,3,1,True,3,3,0.662108771225382
17456,2,2,True,1.0,False,False,False,True,False,3.0,3,3.0,3,3,22,,False,1,2,51,1.1516738907,0,3.0,1,1,False,1,3,0.530772879843887
17494,1,2,True,1.0,False,False,False,True,True,9.0,2,,1,7,60,,False,1,1,51,0.55936766782,0,2.0,3,1,True,3,3,0.662108771225382
17545,2,2,True,1.0,False,True,False,True,True,1.0,2,,1,7,43,,False,1,2,42,0.606233761579999,0,2.0,2,1,False,3,1,0.670993533780026
17547,1,3,True,1.0,True,False,True,False,True,3.0,1,,2,4,54,,False,1,1,36,1.17256331658,1,1.0,2,1,True,3,1,0.670993533780026
17689,2,2,True,1.0,True,False,True,False,False,3.0,1,,2,2,44,,False,1,1,12,1.11950649372,1,1.0,2,1,True,1,3,0.684399470905161
17710,1,2,True,2.0,False,False,True,True,True,3.0,1,,1,8,74,,False,3,1,34,1.27783322034,0,1.0,3,3,True,3,1,0.330254644854738
17714,2,1,True,1.0,False,False,False,False,False,1.0,3,3.0,3,8,34,,False,2,1,13,0.653931158599999,0,3.0,1,2,True,3,3,0.100076396600963
17765,2,1,True,1.0,False,True,False,True,False,1.0,2,,3,8,56,,True,1,1,12,0.757403543700001,0,2.0,3,4,True,3,3,0.577330292028841
17887,2,2,True,1.0,False,False,False,True,True,1.0,2,,1,8,25,,False,3,2,12,1.76440226216,0,2.0,1,3,False,3,3,0.224467858399683
17925,1,2,True,1.0,False,True,False,True,True,1.0,3,2.0,3,3,61,,False,1,1,36,1.20916989805,0,3.0,3,1,True,1,1,0.678369560417581
18011,2,2,True,1.0,False,False,False,True,False,3.0,2,,3,7,46,,False,2,1,12,0.5425252303,0,2.0,2,2,True,3,3,0.166516530359145
18090,2,3,True,1.0,False,False,True,False,True,1.0,3,1.0,2,8,31,,False,1,1,25,0.6567675185,1,3.0,1,1,True,3,1,0.527560507996949
18097,2,2,True,1.0,False,False,False,True,True,3.0,2,,2,7,63,,False,2,2,6,0.644522124400001,0,2.0,3,2,False,3,4,0.161233254175788
18117,2,2,True,1.0,False,False,False,True,True,1.0,3,3.0,1,7,54,,False,1,2,8,0.628742386449999,0,3.0,2,1,False,3,4,0.670993533780026
18135,2,2,True,1.0,False,False,False,True,True,2.0,1,,3,7,63,,False,1,1,36,0.56376920922,0,1.0,3,1,True,3,1,0.662108771225382
18153,2,2,True,1.0,True,False,True,False,True,3.0,3,1.0,4,7,46,,False,1,2,51,0.5187381311,1,3.0,2,1,False,3,3,0.670993533780026
18176,1,2,True,2.0,False,False,True,True,False,2.0,2,,3,3,61,,False,1,2,24,1.50110174956,1,2.0,3,1,False,1,3,0.678369560417581
18177,2,1,True,1.0,False,False,False,True,False,3.0,3,2.0,1,5,20,,False,3,1,50,3.21495504,0,3.0,1,3,True,3,1,0.224467858399683
18185,1,2,True,1.0,False,False,False,True,True,1.0,2,,1,7,66,,False,1,2,42,0.651849881080001,0,2.0,3,1,False,3,1,0.662108771225382
18221,2,1,True,1.0,False,False,False,True,True,3.0,1,,1,6,23,,False,3,1,17,3.30666015359999,0,1.0,1,3,True,3,2,0.224467858399683
18229,2,2,True,1.0,False,False,False,False,False,2.0,3,2.0,3,5,67,,False,1,2,17,0.932472837250001,0,3.0,3,1,False,3,2,0.662108771225382
18258,1,2,True,1.0,True,False,True,False,True,3.0,1,,2,8,87,,False,1,2,42,0.62725177236,1,1.0,3,1,False,3,1,0.662108771225382
18268,2,1,True,1.0,False,True,False,True,True,1.0,3,2.0,1,7,51,,False,9,2,47,0.573411825250001,0,3.0,2,9,False,3,3,0.471235106505631
18291,1,2,True,1.0,False,False,False,True,False,1.0,3,2.0,3,2,78,,False,1,2,23,1.3453270397,0,3.0,3,1,False,1,1,0.678369560417581
18337,2,2,True,1.0,False,False,False,True,True,3.0,2,,1,7,31,,False,1,1,8,0.848025293720001,0,2.0,1,1,True,3,4,0.527560507996949
18339,2,3,True,1.0,False,False,True,False,True,1.0,4,1.0,3,8,37,,False,1,2,29,0.5204702984,1,1.0,2,1,False,3,2,0.670993533780026
18350,2,2,True,1.0,False,False,True,False,True,3.0,9,1.0,2,6,40,,False,1,1,17,0.769886294,1,1.0,2,1,True,3,2,0.670993533780026
18355,2,2,True,1.0,False,True,False,True,True,3.0,2,,1,8,75,,False,1,1,6,0.55547847482,0,2.0,3,1,True,3,4,0.662108771225382
18364,2,3,True,1.0,True,False,True,False,True,1.0,1,,4,5,65,,False,1,1,24,0.939364449780002,1,1.0,3,1,True,3,3,0.662108771225382
18366,2,2,True,1.0,False,False,False,True,False,1.0,2,,3,9,42,,False,9,1,6,0.959756957519998,0,2.0,2,9,True,3,4,0.471235106505631
18438,2,3,True,1.0,True,False,True,False,True,3.0,3,2.0,3,8,34,,True,4,1,42,0.889286375899998,1,3.0,1,4,True,3,1,0.447169049592949
18447,2,1,True,1.0,False,False,False,False,False,1.0,4,9.0,1,7,22,,False,1,1,6,0.622689946899998,0,3.0,1,1,True,3,4,0.527560507996949
18467,2,2,True,1.0,False,True,False,True,True,1.0,2,,1,2,58,,False,1,1,8,1.56129319448,0,2.0,3,1,True,1,4,0.678369560417581
18468,2,1,True,1.0,False,False,False,True,False,2.0,2,,1,7,28,,False,1,2,6,0.773026992879998,0,2.0,1,1,False,3,4,0.527560507996949
18494,2,2,True,1.0,True,False,True,False,True,3.0,3,1.0,2,6,33,,False,1,1,30,1.64140957345,1,3.0,1,1,True,3,4,0.527560507996949
18509,2,1,True,1.0,False,False,False,True,True,1.0,2,,1,5,21,,False,1,1,34,1.58264803186,0,2.0,1,1,True,3,1,0.527560507996949
18513,2,1,True,1.0,False,False,False,True,True,3.0,4,1.0,2,8,55,,False,1,1,6,0.49783448215,1,1.0,3,1,True,3,4,0.662108771225382
18526,2,3,True,1.0,False,False,True,False,True,1.0,3,3.0,3,8,33,,False,1,1,55,0.62914356385,1,3.0,1,1,True,3,2,0.527560507996949
18549,2,2,True,1.0,False,False,False,True,True,2.0,3,2.0,3,7,50,,True,1,1,6,0.626913288749999,0,3.0,2,4,True,3,4,0.589423621628785
18575,2,2,True,3.0,False,False,True,False,True,3.0,4,2.0,2,7,27,,False,1,1,17,0.62914356385,1,2.0,1,1,True,3,2,0.527560507996949
18590,2,3,True,1.0,False,False,True,False,False,1.0,4,1.0,4,8,43,,True,3,2,9,0.735678106650003,1,1.0,2,4,False,3,1,0.589423621628785
18600,2,3,True,1.0,False,True,True,True,True,3.0,2,,4,3,48,,False,2,2,28,1.34990406718,0,2.0,2,2,False,1,3,0.149190364446552
18608,2,1,True,1.0,False,True,False,True,True,1.0,2,,3,3,55,,False,2,1,21,1.34335238738,0,2.0,3,2,True,1,3,0.144954429369541
18612,2,2,True,1.0,False,False,True,False,False,3.0,3,1.0,2,5,44,,False,1,1,48,0.883541557749999,1,3.0,2,1,True,3,3,0.670993533780026
18614,2,2,True,1.0,False,False,False,True,True,3.0,3,2.0,1,7,71,,False,1,1,15,0.49783448215,0,3.0,3,1,True,3,4,0.662108771225382
18636,2,3,True,1.0,False,False,True,True,True,3.0,3,1.0,2,6,25,,True,4,1,6,1.82092577435,1,3.0,1,4,True,3,4,0.447169049592949
18645,1,2,True,1.0,False,False,False,True,True,3.0,2,,2,3,62,,False,1,2,36,1.50110174956,0,2.0,3,1,False,1,1,0.678369560417581
18652,2,1,True,1.0,False,False,False,True,False,1.0,3,2.0,1,7,50,,False,1,1,15,0.46299628165,0,3.0,2,1,True,3,4,0.670993533780026
18670,2,3,True,1.0,False,False,False,True,True,3.0,3,2.0,3,7,50,,False,2,1,39,0.48784904355,0,3.0,2,2,True,3,2,0.166516530359145
18671,2,2,True,1.0,False,False,True,False,False,3.0,3,1.0,4,6,38,,False,1,1,25,0.763505380299999,1,3.0,2,1,True,3,1,0.670993533780026
18680,2,3,True,1.0,True,False,True,False,True,3.0,1,,4,4,33,,False,1,1,26,1.11509872998,1,1.0,1,1,True,3,2,0.527560507996949
18692,2,1,True,2.0,False,True,False,True,True,1.0,2,,1,7,42,,False,2,1,17,0.54433682754,0,2.0,2,2,True,3,2,0.166516530359145
18707,2,2,True,1.0,False,False,False,True,True,3.0,2,,1,8,71,,False,1,1,9,0.58587780566,0,2.0,3,1,True,3,1,0.662108771225382
18713,2,2,True,1.0,True,False,True,False,True,1.0,1,,4,5,61,,False,1,1,17,0.8998543326,1,1.0,3,1,True,3,2,0.662108771225382
18715,2,2,True,1.0,False,False,False,False,False,2.0,2,,3,7,99,2.0,False,2,2,42,0.632222823559998,0,2.0,3,2,False,3,1,0.161233254175788
18718,2,1,True,1.0,False,False,False,True,True,3.0,3,3.0,3,5,43,,False,2,1,9,0.796236629,0,3.0,2,2,True,3,1,0.166516530359145
18763,2,2,True,1.0,False,False,False,True,True,1.0,3,3.0,3,7,45,,False,9,1,6,0.511794925,0,3.0,2,9,True,3,4,0.471235106505631
18773,2,2,True,1.0,False,True,False,True,True,3.0,2,,3,8,74,,False,1,2,36,0.651849881080001,0,2.0,3,1,False,3,1,0.662108771225382
18799,2,3,True,1.0,False,False,True,False,True,1.0,3,1.0,2,7,31,,False,1,1,26,0.62914356385,1,3.0,1,1,True,3,2,0.527560507996949
18848,2,2,True,1.0,False,True,False,True,True,1.0,2,,2,7,64,,True,1,2,48,1.02139197934,0,2.0,3,4,False,3,3,0.577330292028841
18868,2,2,True,1.0,False,True,False,True,True,1.0,2,,3,7,50,,False,1,2,25,0.606233761579999,0,2.0,2,1,False,3,1,0.670993533780026
18889,2,2,True,1.0,False,False,False,False,False,2.0,3,2.0,1,8,28,,False,1,1,26,0.62914356385,0,3.0,1,1,True,3,2,0.527560507996949
18895,2,2,True,1.0,False,False,False,True,True,3.0,2,,1,8,35,,False,1,2,36,0.606233761579999,0,2.0,2,1,False,3,1,0.670993533780026
18897,2,2,True,1.0,False,False,True,False,True,3.0,3,1.0,2,7,49,,False,1,1,17,0.4677948181,1,3.0,2,1,True,3,2,0.670993533780026
18912,1,9,True,1.0,False,False,True,False,False,2.0,1,,2,7,55,,False,1,2,36,0.62725177236,1,1.0,3,1,False,3,1,0.662108771225382
18959,2,1,True,1.0,False,False,False,True,False,3.0,2,,1,8,72,,False,1,2,6,0.61802746998,0,2.0,3,1,False,3,4,0.662108771225382
18961,2,2,True,1.0,False,True,False,True,False,1.0,2,,1,3,55,,False,2,1,45,1.34335238738,0,2.0,3,2,True,1,3,0.144954429369541
18969,2,1,True,1.0,False,False,False,False,False,2.0,4,2.0,1,7,23,,False,1,2,42,0.730722046899998,0,2.0,1,1,False,3,1,0.527560507996949
18996,2,1,True,2.0,False,False,False,False,True,3.0,3,2.0,3,3,25,,True,1,1,19,1.4062635737,0,3.0,1,4,True,1,2,0.439422635478778
19013,2,2,True,1.0,False,True,False,True,True,1.0,2,,3,7,60,,False,2,2,6,0.644522124400001,0,2.0,3,2,False,3,4,0.161233254175788
19026,2,1,True,1.0,False,True,False,True,True,1.0,2,,3,3,59,,False,1,2,21,1.43317902928,0,2.0,3,1,False,1,3,0.678369560417581
19105,2,2,True,1.0,False,False,False,True,False,3.0,2,,1,8,36,,False,3,1,6,1.1709344537,0,2.0,2,3,True,3,4,0.337659399948075
19112,1,2,True,1.0,False,False,True,False,True,1.0,1,,2,8,54,,False,1,2,34,0.583357015859998,1,1.0,2,1,False,3,1,0.670993533780026
19125,2,2,True,1.0,False,False,False,True,False,1.0,2,,3,8,40,,False,1,2,17,0.58073528032,0,2.0,2,1,False,3,2,0.670993533780026
19131,2,3,True,1.0,True,False,True,False,True,3.0,1,,2,5,51,,False,1,2,19,0.873709995539998,1,1.0,2,1,False,3,2,0.670993533780026
19155,2,2,True,1.0,False,False,True,False,True,1.0,1,,4,5,25,,False,1,1,6,1.44390571986,1,1.0,1,1,True,3,4,0.527560507996949
19173,1,2,True,1.0,False,False,False,True,True,1.0,2,,1,7,68,,False,1,1,27,0.56123550548,0,2.0,3,1,True,3,2,0.662108771225382
19180,1,3,True,1.0,False,False,False,True,False,3.0,2,,4,3,80,,False,1,2,20,1.4379646929,0,2.0,3,1,False,1,2,0.678369560417581
19184,2,2,True,2.0,False,False,True,False,False,3.0,1,,1,5,29,,True,3,2,6,2.17525088514,1,1.0,1,4,False,3,4,0.447169049592949
19188,2,2,True,1.0,False,False,False,True,False,1.0,4,3.0,3,6,36,,False,2,2,6,0.839929598049998,0,3.0,2,2,False,3,4,0.166516530359145
19191,2,3,True,2.0,True,False,True,True,True,3.0,1,,4,2,33,,False,2,1,22,1.15903244742,1,1.0,1,2,True,1,3,0.0851510830224752
19204,2,3,True,1.0,False,False,False,False,True,3.0,4,2.0,1,7,37,,False,1,1,42,0.4883343957,0,2.0,2,1,True,3,1,0.670993533780026
19218,1,3,True,1.0,False,False,True,False,True,3.0,1,,3,7,68,,False,1,2,19,0.600869263259999,1,1.0,3,1,False,3,2,0.662108771225382
19231,2,1,True,1.0,False,False,False,True,False,3.0,4,2.0,1,8,34,,False,1,1,47,0.627049722049998,0,2.0,1,1,True,3,3,0.527560507996949
19247,2,2,True,2.0,False,False,False,False,False,3.0,3,2.0,3,7,45,,False,1,2,16,0.628742386449999,0,3.0,2,1,False,3,4,0.670993533780026
19283,1,2,True,2.0,False,False,True,False,False,2.0,1,,3,7,59,,False,1,2,29,0.600869263259999,1,1.0,3,1,False,3,2,0.662108771225382
19397,2,2,True,1.0,True,False,True,False,True,1.0,1,,2,3,86,,False,1,2,21,1.37909680176,1,1.0,3,1,False,1,3,0.678369560417581
19402,2,1,True,1.0,False,False,True,False,False,1.0,3,1.0,1,7,99,2.0,False,3,1,15,1.04942238775,1,3.0,3,3,True,3,4,0.330254644854738
19410,1,3,True,1.0,False,False,False,False,True,3.0,2,,1,7,23,,False,1,1,39,0.70199176598,0,2.0,1,1,True,3,2,0.527560507996949
19412,1,2,True,1.0,False,False,True,False,True,1.0,1,,4,5,62,,False,1,1,39,0.8998543326,1,1.0,3,1,True,3,2,0.662108771225382
19447,1,2,True,1.0,False,False,False,True,True,1.0,3,2.0,1,8,67,,False,1,2,55,0.55963313735,0,3.0,3,1,False,3,2,0.662108771225382
19458,1,2,True,1.0,True,False,True,False,True,1.0,1,,3,7,83,,False,1,2,18,0.600869263259999,1,1.0,3,1,False,3,2,0.662108771225382
19469,2,3,True,1.0,True,False,True,False,True,1.0,1,,4,4,50,,False,1,1,18,1.12324474374,1,1.0,2,1,True,3,2,0.670993533780026
19474,1,1,True,1.0,False,False,False,True,True,1.0,3,3.0,3,5,75,,False,1,1,29,0.8380996235,0,3.0,3,1,True,3,2,0.662108771225382
19495,1,2,True,1.0,True,False,True,False,False,3.0,1,,4,6,89,,False,1,2,55,1.0011813621,1,1.0,3,1,False,3,2,0.662108771225382
19506,1,2,True,1.0,False,True,False,True,True,3.0,2,,3,8,68,,False,1,2,26,0.624432763780002,0,2.0,3,1,False,3,2,0.662108771225382
19623,2,2,True,1.0,False,False,False,True,False,2.0,4,2.0,1,5,35,,False,2,1,17,0.762746536449999,0,2.0,2,2,True,3,2,0.166516530359145
19627,2,2,True,2.0,False,False,False,True,False,2.0,3,2.0,1,8,35,,False,1,2,48,0.628742386449999,0,3.0,2,1,False,3,3,0.670993533780026
19710,1,2,True,1.0,False,False,True,False,True,3.0,2,,4,7,49,,False,1,2,31,0.58073528032,1,2.0,2,1,False,3,2,0.670993533780026
19732,2,2,True,1.0,False,False,False,True,False,1.0,2,,1,3,47,,False,1,2,19,1.29873526382,0,2.0,2,1,False,1,2,0.684399470905161
19743,2,2,True,1.0,True,False,True,False,True,1.0,1,,4,5,39,,False,1,1,48,0.948644619899998,1,1.0,2,1,True,3,3,0.670993533780026
19769,2,2,True,1.0,False,False,True,False,False,3.0,1,,2,8,29,,False,9,2,8,1.00360341126,1,1.0,1,9,False,3,4,0.330781082046141
19834,2,2,True,1.0,True,False,True,True,True,1.0,1,,4,3,42,,False,1,1,28,1.11950649372,1,1.0,2,1,True,1,3,0.684399470905161
19840,1,2,True,1.0,False,False,False,True,False,3.0,4,2.0,2,5,41,,False,1,2,29,0.813749505650003,0,2.0,2,1,False,3,2,0.670993533780026
19877,1,3,True,1.0,False,False,True,False,True,3.0,1,,3,5,51,,False,1,1,55,0.785284019879998,1,1.0,2,1,True,3,2,0.670993533780026
19948,2,2,True,1.0,False,False,False,False,False,2.0,4,2.0,1,5,25,,False,1,1,1,1.3542298925,0,2.0,1,1,True,3,3,0.527560507996949
20039,2,2,True,1.0,False,True,False,True,True,1.0,2,,1,6,53,,False,1,2,17,0.907973132619999,0,2.0,2,1,False,3,2,0.670993533780026
20060,1,2,True,1.0,False,True,False,True,False,3.0,2,,3,7,35,,False,1,1,27,0.52196053388,0,2.0,2,1,True,3,2,0.670993533780026
20127,2,2,True,1.0,False,False,False,True,True,3.0,2,,3,7,24,,False,2,1,28,0.729649503279999,0,2.0,1,2,True,3,3,0.100076396600963
20148,1,1,True,1.0,False,True,False,True,True,1.0,2,,3,6,50,,False,2,2,17,0.9468976714,0,2.0,2,2,False,3,2,0.166516530359145
20250,2,2,True,1.0,True,False,True,False,True,3.0,3,1.0,4,4,49,,False,1,1,19,1.04615932015,1,3.0,2,1,True,3,2,0.670993533780026
20373,2,2,True,1.0,False,False,False,True,True,3.0,2,,1,7,49,,False,1,1,48,0.63054263134,0,2.0,2,1,True,3,3,0.670993533780026
20374,2,3,True,1.0,True,False,True,False,True,1.0,1,,4,7,52,,False,1,1,1,0.50059233396,1,1.0,2,1,True,3,3,0.670993533780026
20396,2,3,True,1.0,False,False,True,False,False,1.0,3,1.0,3,3,29,,False,1,1,22,1.03511589315,1,3.0,1,1,True,1,3,0.530772879843887
20480,1,2,True,1.0,False,False,True,False,False,1.0,1,,4,7,52,,False,1,2,1,0.55696094076,1,1.0,2,1,False,3,3,0.670993533780026
20514,2,3,True,1.0,False,False,True,False,False,2.0,3,1.0,2,3,43,,False,1,1,46,1.04615932015,1,3.0,2,1,True,1,2,0.684399470905161
20516,2,3,True,1.0,False,False,True,False,True,3.0,1,,2,3,20,,True,9,1,48,1.82398004357999,1,1.0,1,4,True,1,3,0.439422635478778
20573,1,2,True,1.0,False,False,False,True,True,3.0,2,,2,5,61,,False,2,2,47,1.08143575142,0,2.0,3,2,False,3,3,0.161233254175788
20602,2,1,True,1.0,False,True,False,True,True,1.0,3,2.0,1,8,53,,False,1,2,35,0.628742386449999,0,3.0,2,1,False,3,4,0.670993533780026
20610,2,1,True,1.0,False,False,False,True,False,3.0,2,,1,7,30,,True,9,2,36,1.1039882298,0,2.0,1,4,False,3,1,0.447169049592949
20611,1,2,True,1.0,False,False,True,False,False,2.0,1,,3,8,58,,False,1,2,1,0.59886952164,1,1.0,3,1,False,3,3,0.662108771225382
20621,1,1,True,1.0,False,True,True,True,False,2.0,3,2.0,3,5,49,,False,1,1,48,0.883541557749999,1,3.0,2,1,True,3,3,0.670993533780026
20631,2,3,True,1.0,True,False,True,False,True,1.0,3,1.0,3,5,70,,False,1,1,6,0.829502581400001,1,3.0,3,1,True,3,4,0.662108771225382
20641,2,2,True,1.0,False,False,False,True,True,1.0,3,2.0,2,7,46,,True,2,2,32,0.851339358349997,0,3.0,2,4,False,3,4,0.589423621628785
20669,1,1,True,1.0,False,False,False,True,False,2.0,3,3.0,3,3,63,,False,1,2,53,1.2755223108,0,3.0,3,1,False,1,4,0.678369560417581
20671,2,2,True,1.0,False,False,False,True,True,3.0,4,2.0,1,7,32,,False,2,2,47,0.7275663008,0,2.0,1,2,False,3,3,0.100076396600963
20683,2,3,True,1.0,True,False,True,False,True,1.0,1,,4,7,57,,False,1,2,48,0.725866539239998,1,1.0,3,1,False,3,3,0.662108771225382
20688,1,1,True,2.0,False,False,False,True,True,3.0,2,,4,6,58,,True,1,1,35,1.52962392004,0,2.0,3,4,True,3,4,0.577330292028841
20713,1,2,True,1.0,False,False,True,False,False,3.0,3,1.0,3,5,78,,False,1,2,32,1.12645274635,1,3.0,3,1,False,3,4,0.662108771225382
20718,1,2,True,1.0,False,True,False,True,False,9.0,3,2.0,3,8,74,,False,1,1,6,0.49783448215,0,3.0,3,1,True,3,4,0.662108771225382
20720,1,2,True,1.0,True,False,True,False,True,1.0,1,,4,4,73,,False,1,1,6,1.23090371292,1,1.0,3,1,True,3,4,0.662108771225382
20728,1,3,True,1.0,False,False,False,True,True,3.0,1,,2,3,61,,False,1,2,53,1.36950816528,0,1.0,3,1,False,1,4,0.678369560417581
20733,2,2,True,1.0,True,False,True,False,True,1.0,1,,2,6,99,9.0,False,1,1,53,0.835482012239998,1,1.0,3,1,True,3,4,0.662108771225382
20742,2,3,True,1.0,False,False,True,False,False,1.0,4,9.0,3,6,36,,False,1,1,53,0.723889520550001,1,3.0,2,1,True,3,4,0.670993533780026
20744,1,1,True,1.0,False,False,False,True,True,3.0,2,,1,3,72,,False,1,1,6,1.27917444676,0,2.0,3,1,True,1,4,0.678369560417581
20763,1,3,True,1.0,True,False,True,False,True,1.0,1,,3,3,60,,False,1,2,4,1.6715497911,1,1.0,3,1,False,1,4,0.678369560417581
20766,2,3,True,1.0,False,False,True,False,True,1.0,3,1.0,4,8,76,,False,1,1,48,0.607630640950002,1,3.0,3,1,True,3,3,0.662108771225382
20773,2,2,True,1.0,False,False,True,False,True,1.0,3,1.0,4,7,50,,False,1,2,4,0.628742386449999,1,3.0,2,1,False,3,4,0.670993533780026
20776,1,2,True,1.0,False,True,False,True,True,3.0,2,,3,4,91,,False,1,2,6,1.42321436784,0,2.0,3,1,False,3,4,0.662108771225382
20778,2,2,True,3.0,False,False,True,False,True,3.0,4,3.0,3,3,99,1.0,False,1,1,34,1.0841731892,1,3.0,3,1,True,1,1,0.678369560417581
20786,1,2,True,1.0,True,False,True,False,True,3.0,1,,4,4,51,,False,3,1,53,2.51981880894,1,1.0,2,3,True,3,4,0.337659399948075
20787,1,2,True,1.0,True,False,True,False,True,1.0,1,,4,5,50,,False,1,2,6,0.86474767068,1,1.0,2,1,False,3,4,0.670993533780026
20789,1,2,True,1.0,False,False,False,True,True,1.0,2,,1,5,81,,False,1,2,6,1.02977073768,0,2.0,3,1,False,3,4,0.662108771225382
20791,1,2,True,1.0,False,True,False,True,True,1.0,2,,3,8,64,,False,1,2,6,0.61802746998,0,2.0,3,1,False,3,4,0.662108771225382
