RESPID,PHTYPE,economic_situation,registered_vote,likely_to_vote,vote_choice_undecided,approve_trump,approve_biden,optimistic,elec_enthusiasm,party,party_unaffiliated,political_leaning,education,age,age_bin,latino,race,gender,state,FINALWGT,vote_choice,vote_choice_recoded,party_recoded,age_recoded,race_recoded,male,education_recoded,region
4,2,1,True,1.0,,False,True,False,3.0,2,,3,8,80,,False,2,2,37,0.649034757460002,2.0,2.0,2.0,3.0,2,False,2,3
5,2,2,True,1.0,,False,False,True,3.0,2,,1,7,61,,False,1,1,36,0.58587780566,2.0,2.0,2.0,3.0,1,True,2,1
17,2,2,True,1.0,,False,True,True,1.0,2,,1,6,53,,False,2,2,13,0.943746318959999,2.0,2.0,2.0,2.0,2,False,2,3
19,2,1,False,,,False,False,False,,2,,1,3,62,,False,9,1,12,1.4238963358,,,2.0,3.0,9,True,1,3
20,2,2,False,,,False,False,False,,1,,2,4,37,,False,1,1,15,1.11172274622,,,1.0,2.0,1,True,2,4
21,2,1,True,1.0,,False,False,False,3.0,2,,1,3,54,,False,1,2,42,1.35575914042,2.0,2.0,2.0,2.0,1,False,1,1
22,2,1,True,2.0,,False,False,True,2.0,1,,2,7,45,,False,1,1,9,0.52431693012,2.0,2.0,1.0,2.0,1,True,2,1
32,2,2,True,1.0,,False,False,True,1.0,3,2.0,3,5,61,,False,1,1,37,0.83531035985,2.0,2.0,3.0,3.0,1,True,2,3
39,2,2,True,1.0,,True,False,True,1.0,1,,2,7,67,,False,1,1,23,0.56376920922,1.0,1.0,1.0,3.0,1,True,2,1
44,2,2,False,,,False,False,False,,1,,2,7,50,,False,1,2,37,0.55696094076,,,1.0,2.0,1,False,2,3
48,2,3,True,1.0,,True,False,True,3.0,1,,2,3,31,,False,1,1,4,1.34706982992,1.0,1.0,1.0,1.0,1,True,1,4
49,2,1,True,1.0,,False,False,False,3.0,2,,2,8,47,,False,1,2,9,0.606233761579999,2.0,2.0,2.0,2.0,1,False,2,1
55,2,3,True,2.0,,False,False,False,2.0,3,2.0,4,9,99,1.0,False,3,1,37,1.77608392945,2.0,2.0,3.0,3.0,3,True,3,3
56,2,2,False,,,False,False,False,,4,2.0,3,3,37,,True,1,1,13,1.4118222536,,,2.0,2.0,4,True,1,3
57,2,2,True,1.0,,True,False,False,9.0,1,,2,7,99,3.0,False,1,1,13,0.53825945394,1.0,1.0,1.0,3.0,1,True,2,3
58,2,3,False,,,False,False,False,,2,,3,6,63,,False,2,1,12,0.971986377859998,,,2.0,3.0,2,True,2,3
59,2,2,True,2.0,,False,False,False,3.0,4,2.0,3,7,61,,False,1,2,24,0.584205082100002,2.0,2.0,2.0,3.0,1,False,2,3
63,2,2,True,1.0,,False,False,True,1.0,3,1.0,3,8,70,,False,1,2,33,0.584205082100002,2.0,2.0,3.0,3.0,1,False,2,1
68,2,1,True,2.0,,False,False,False,1.0,3,2.0,3,3,37,,False,1,1,12,1.0426776167,2.0,2.0,3.0,2.0,1,True,1,3
72,2,2,False,,,False,False,False,,3,1.0,3,8,57,,False,1,1,36,0.52507916545,,,3.0,3.0,1,True,2,1
74,2,2,True,1.0,,False,False,True,3.0,1,,2,5,72,,False,1,1,36,0.939364449780002,1.0,1.0,1.0,3.0,1,True,2,1
80,2,3,False,,,False,False,False,,1,,2,3,25,,False,1,1,25,1.16405963472,,,1.0,1.0,1,True,1,1
81,2,2,True,1.0,,False,False,False,1.0,3,3.0,1,7,99,3.0,False,1,1,12,0.50132007965,2.0,2.0,3.0,3.0,1,True,2,3
82,2,2,True,1.0,,False,True,True,1.0,2,,1,8,41,,False,5,2,37,1.31190761988,2.0,2.0,2.0,2.0,9,False,2,3
93,2,2,True,1.0,,True,False,True,1.0,1,,3,1,89,,False,1,1,13,1.23952190814,1.0,1.0,1.0,3.0,1,True,1,3
95,2,1,True,3.0,1.0,False,False,False,2.0,3,3.0,3,5,50,,False,1,1,51,0.728957846550001,6.0,1.0,3.0,2.0,1,True,2,3
105,2,2,False,,,False,False,False,,1,,3,7,38,,False,1,2,13,0.55696094076,,,1.0,2.0,1,False,2,3
108,2,2,True,1.0,,False,False,False,2.0,2,,3,5,65,,False,1,2,42,1.08612637014,2.0,2.0,2.0,3.0,1,False,2,1
110,2,2,True,2.0,,False,False,False,3.0,4,1.0,4,3,42,,False,1,2,36,1.21506715415,1.0,1.0,1.0,2.0,1,False,1,1
111,2,1,False,,,False,False,False,,2,,1,6,27,,True,4,2,36,2.38426684252001,,,2.0,1.0,4,False,2,1
114,2,2,True,1.0,,False,True,True,1.0,3,2.0,2,8,68,,False,1,1,42,0.52507916545,2.0,2.0,3.0,3.0,1,True,2,1
119,2,2,True,2.0,,False,False,True,3.0,4,1.0,3,3,19,,False,2,1,12,1.07949100495,2.0,2.0,1.0,1.0,2,True,1,3
129,2,2,True,1.0,,False,True,False,3.0,2,,1,8,68,,False,1,1,54,0.55936766782,2.0,2.0,2.0,3.0,1,True,2,3
141,2,2,True,1.0,,False,False,True,2.0,2,,1,8,70,,False,1,2,12,0.622354600919999,2.0,2.0,2.0,3.0,1,False,2,3
144,2,1,True,1.0,,False,True,True,1.0,2,,3,2,41,,False,1,2,13,1.29441296648,2.0,2.0,2.0,2.0,1,False,1,3
154,2,2,False,,,False,False,False,,1,,3,2,26,,False,1,1,42,1.16405963472,,,1.0,1.0,1,True,1,1
157,2,2,True,1.0,,False,True,True,1.0,1,,3,6,84,,False,1,1,12,0.896859544259999,2.0,2.0,1.0,3.0,1,True,2,3
171,2,2,True,1.0,,False,False,False,3.0,1,,2,7,64,,False,1,1,42,0.56376920922,1.0,1.0,1.0,3.0,1,True,2,1
187,1,2,True,1.0,,False,False,False,1.0,2,,2,3,74,,False,1,1,42,1.34917904414,2.0,2.0,2.0,3.0,1,True,1,1
194,1,2,True,1.0,,False,False,True,3.0,1,,2,5,71,,False,1,2,21,0.9978493485,1.0,1.0,1.0,3.0,1,False,2,3
200,2,2,False,,,False,False,False,,3,3.0,4,3,63,,False,1,1,36,1.20916989805,,,3.0,3.0,1,True,1,1
201,2,3,True,1.0,,False,False,True,1.0,4,1.0,2,6,27,,False,1,1,37,1.3542298925,1.0,1.0,1.0,1.0,1,True,2,3
202,2,1,False,,,False,False,False,,3,3.0,4,3,22,,False,1,1,42,1.0841731892,,,3.0,1.0,1,True,1,1
203,2,2,True,1.0,,False,False,True,3.0,2,,3,3,61,,False,1,2,13,1.43317902928,2.0,2.0,2.0,3.0,1,False,1,3
220,2,2,True,1.0,,True,False,True,1.0,1,,2,3,65,,False,1,2,34,1.44445640052,1.0,1.0,1.0,3.0,1,False,1,1
231,1,2,True,1.0,,True,False,True,1.0,3,1.0,2,7,99,3.0,False,1,2,39,0.55963313735,1.0,1.0,3.0,3.0,1,False,2,2
242,2,2,True,1.0,,False,False,False,1.0,2,,1,8,58,,False,2,2,34,0.679794492539998,2.0,2.0,2.0,3.0,2,False,2,1
247,1,2,True,3.0,,False,False,False,2.0,1,,2,8,90,,False,1,1,48,0.65240342502,2.0,2.0,1.0,3.0,1,True,2,3
257,2,2,True,1.0,,False,True,True,1.0,2,,3,7,85,,False,1,1,6,0.55547847482,2.0,2.0,2.0,3.0,1,True,2,4
272,2,2,True,1.0,,False,True,True,1.0,2,,1,7,71,,False,1,2,37,0.622354600919999,2.0,2.0,2.0,3.0,1,False,2,3
275,1,9,True,1.0,,True,False,False,9.0,3,1.0,2,9,99,1.0,False,9,2,27,0.966935392550001,1.0,1.0,3.0,3.0,9,False,3,2
298,2,2,True,1.0,,False,False,False,1.0,1,,2,7,63,,False,1,2,1,0.59886952164,1.0,1.0,1.0,3.0,1,False,2,3
301,2,3,True,1.0,,True,False,True,1.0,1,,3,7,31,,False,1,1,48,0.816024339239998,1.0,1.0,1.0,1.0,1,True,2,3
305,2,2,True,1.0,,False,False,True,2.0,3,1.0,3,7,36,,True,4,2,36,0.735678106650003,2.0,2.0,3.0,2.0,4,False,2,1
328,1,2,True,1.0,,True,False,True,1.0,1,,2,3,61,,False,1,2,39,1.3837018743,1.0,1.0,1.0,3.0,1,False,1,2
329,1,2,True,1.0,,True,False,True,1.0,1,,2,6,77,,False,2,2,37,1.04062685514,1.0,1.0,1.0,3.0,2,False,2,3
334,2,2,True,1.0,,False,False,False,1.0,2,,3,8,74,,False,1,1,26,0.56123550548,2.0,2.0,2.0,3.0,1,True,2,2
335,2,1,False,,,False,False,False,,4,1.0,1,6,67,,False,1,1,40,1.0124473171,,,1.0,3.0,1,True,2,3
345,2,2,True,1.0,,False,False,True,3.0,1,,2,3,46,,False,1,1,12,1.11950649372,1.0,1.0,1.0,2.0,1,True,1,3
348,2,1,False,,,False,False,False,,1,,2,1,82,,False,1,1,13,1.23952190814,,,1.0,3.0,1,True,1,3
350,2,1,True,1.0,,False,False,True,1.0,2,,3,5,19,,True,1,1,51,2.04599528486,2.0,2.0,2.0,1.0,4,True,2,3
355,1,2,True,1.0,,True,False,True,1.0,3,1.0,3,8,74,,False,1,2,12,0.5577706329,1.0,1.0,3.0,3.0,1,False,2,3
356,1,2,False,,,False,False,False,,2,,1,2,30,,False,1,1,45,1.15497141762,,,2.0,1.0,1,True,1,3
364,2,3,True,1.0,,True,False,False,1.0,1,,2,3,99,3.0,False,9,1,18,1.3747396443,1.0,1.0,1.0,3.0,9,True,1,2
367,2,2,True,1.0,,False,True,False,1.0,2,,1,8,44,,False,1,1,37,0.52022340588,2.0,2.0,2.0,2.0,1,True,2,3
368,2,1,True,1.0,,False,False,False,3.0,3,3.0,2,5,60,,False,2,2,13,0.969211286650003,2.0,2.0,3.0,3.0,2,False,2,3
373,1,2,True,1.0,,False,False,True,1.0,3,3.0,3,5,42,,False,1,1,1,0.728957846550001,2.0,2.0,3.0,2.0,1,True,2,3
374,2,1,True,1.0,,False,True,True,1.0,9,3.0,3,7,72,,False,9,2,45,0.649008688,2.0,2.0,3.0,3.0,9,False,2,3
381,1,2,True,1.0,,True,False,True,1.0,1,,3,3,60,,False,1,1,24,1.29826662738,1.0,1.0,1.0,3.0,1,True,1,3
392,2,3,True,2.0,,False,False,True,3.0,2,,1,7,31,,False,1,1,17,0.70199176598,2.0,2.0,2.0,1.0,1,True,2,2
395,1,2,True,1.0,,False,True,True,1.0,2,,3,3,73,,False,1,2,55,1.4379646929,2.0,2.0,2.0,3.0,1,False,1,2
402,2,1,False,,,False,False,False,,3,3.0,3,5,75,,False,1,2,25,0.973415143049998,,,3.0,3.0,1,False,2,1
404,1,2,True,1.0,,False,False,True,2.0,2,,1,3,88,,False,1,2,42,1.50110174956,2.0,2.0,2.0,3.0,1,False,1,1
424,2,3,True,2.0,2.0,False,False,False,2.0,2,,1,7,24,,False,1,2,21,0.778439355,6.0,2.0,2.0,1.0,1,False,2,3
426,2,2,True,1.0,,False,True,True,1.0,3,1.0,3,7,51,,False,1,1,42,0.4883343957,2.0,2.0,3.0,2.0,1,True,2,1
428,2,9,True,2.0,,False,True,True,1.0,3,3.0,4,7,99,1.0,False,1,1,28,0.627049722049998,2.0,2.0,3.0,3.0,1,True,2,3
429,2,2,True,1.0,,True,False,True,3.0,1,,3,3,34,,False,1,1,47,1.11138759054,1.0,1.0,1.0,1.0,1,True,1,3
434,1,2,True,1.0,,False,False,True,1.0,3,2.0,3,5,42,,False,1,2,26,0.813749505650003,2.0,2.0,3.0,2.0,1,False,2,2
437,1,2,True,1.0,,False,False,False,3.0,2,,1,8,58,,False,1,2,17,0.624432763780002,2.0,2.0,2.0,3.0,1,False,2,2
449,1,2,True,1.0,,True,False,True,3.0,4,1.0,2,3,71,,False,1,1,47,1.15445667915,1.0,1.0,1.0,3.0,1,True,1,3
457,1,2,True,2.0,,False,False,True,3.0,1,,3,7,73,,False,1,1,36,0.56376920922,1.0,1.0,1.0,3.0,1,True,2,1
460,2,1,True,3.0,2.0,False,False,False,3.0,2,,3,3,46,,False,2,1,39,1.21733508662,6.0,2.0,2.0,2.0,2,True,1,2
464,2,2,True,1.0,,True,False,True,1.0,1,,2,6,64,,False,9,1,26,0.994696715160003,1.0,1.0,1.0,3.0,9,True,2,2
485,1,1,True,1.0,,False,False,False,3.0,2,,3,7,44,,False,1,1,25,0.54487837836,2.0,2.0,2.0,2.0,1,True,2,1
497,2,2,True,1.0,,True,False,True,3.0,1,,3,5,75,,False,1,2,26,1.0011813621,1.0,1.0,1.0,3.0,1,False,2,2
498,1,2,True,1.0,,False,True,True,1.0,2,,3,7,68,,False,1,2,55,0.624432763780002,2.0,2.0,2.0,3.0,1,False,2,2
499,2,1,True,3.0,2.0,False,False,False,2.0,2,,3,7,38,,False,1,2,39,0.58073528032,6.0,2.0,2.0,2.0,1,False,2,2
504,1,3,True,1.0,,False,True,True,3.0,2,,1,5,46,,False,1,1,42,0.851911266440002,2.0,2.0,2.0,2.0,1,True,2,1
505,1,2,True,1.0,,False,False,False,1.0,2,,3,6,80,,False,1,2,42,1.08612637014,2.0,2.0,2.0,3.0,1,False,2,1
507,2,2,True,1.0,,False,False,True,3.0,1,,2,3,82,,False,1,2,42,1.44445640052,1.0,1.0,1.0,3.0,1,False,1,1
510,2,2,True,1.0,,False,True,True,1.0,2,,3,8,84,,False,1,1,42,0.58587780566,2.0,2.0,2.0,3.0,1,True,2,1
512,1,2,True,1.0,,False,False,True,2.0,1,,2,5,73,,False,1,2,21,0.9978493485,2.0,2.0,1.0,3.0,1,False,2,3
515,2,3,False,,,False,False,False,,4,3.0,1,2,46,,True,1,1,9,1.4787328113,,,3.0,2.0,4,True,1,1
516,2,2,True,1.0,,False,False,False,1.0,2,,3,7,29,,False,1,2,36,0.815331968120002,2.0,2.0,2.0,1.0,1,False,2,1
521,1,3,True,1.0,,True,False,True,1.0,1,,2,3,57,,False,1,1,17,1.2436609131,1.0,1.0,1.0,3.0,1,True,1,2
522,1,2,True,1.0,,True,False,False,3.0,1,,2,7,73,,False,1,1,55,0.54005680716,1.0,1.0,1.0,3.0,1,True,2,2
529,1,2,True,1.0,,False,False,True,1.0,2,,3,7,60,,False,1,2,23,0.651849881080001,2.0,2.0,2.0,3.0,1,False,2,1
546,2,2,True,1.0,,False,False,True,1.0,3,2.0,1,5,71,,False,1,1,26,0.8380996235,2.0,2.0,3.0,3.0,1,True,2,2
553,1,3,True,1.0,,False,True,True,3.0,1,,2,5,57,,False,1,1,5,0.896859544259999,1.0,1.0,1.0,3.0,1,True,2,3
559,1,2,True,1.0,,False,True,True,1.0,3,2.0,3,5,90,,False,1,2,19,0.932472837250001,2.0,2.0,3.0,3.0,1,False,2,2
560,1,2,True,3.0,,False,False,False,2.0,3,1.0,3,1,70,,True,4,2,48,2.10801027765,2.0,2.0,3.0,3.0,4,False,1,3
561,2,2,False,,,False,False,False,,1,,2,6,70,,False,3,2,55,2.26926689736001,,,1.0,3.0,3,False,2,2
562,1,1,True,1.0,,False,False,True,1.0,2,,1,8,62,,False,1,2,1,0.622354600919999,2.0,2.0,2.0,3.0,1,False,2,3
567,1,2,True,1.0,,True,False,True,1.0,1,,3,3,58,,False,1,1,5,1.23952190814,1.0,1.0,1.0,3.0,1,True,1,3
569,1,2,True,1.0,,False,True,False,3.0,2,,3,3,58,,False,1,1,19,1.2924319293,2.0,2.0,2.0,3.0,1,True,1,2
587,1,3,True,1.0,,False,False,True,3.0,3,3.0,4,8,59,,False,9,1,48,0.671673382349997,1.0,1.0,3.0,3.0,9,True,2,3
590,1,3,True,1.0,,False,False,True,3.0,4,1.0,2,3,33,,False,1,1,17,1.03857234655,1.0,1.0,1.0,1.0,1,True,1,2
592,1,2,True,1.0,,True,False,True,1.0,1,,2,5,88,,False,1,2,48,1.20945452766,1.0,1.0,1.0,3.0,1,False,2,3
595,2,2,True,2.0,,True,False,True,3.0,1,,1,3,65,,False,1,1,48,1.50237647016,1.0,1.0,1.0,3.0,1,True,1,3
599,1,1,True,1.0,,False,True,True,3.0,2,,3,3,73,,False,1,2,19,1.4379646929,2.0,2.0,2.0,3.0,1,False,1,2
603,1,2,True,1.0,,False,True,True,1.0,4,2.0,3,6,76,,False,1,2,27,0.932472837250001,2.0,2.0,2.0,3.0,1,False,2,2
606,2,2,True,1.0,,True,False,True,3.0,1,,2,3,61,,False,1,1,48,1.50237647016,1.0,1.0,1.0,3.0,1,True,1,3
611,1,2,True,1.0,,False,False,True,3.0,1,,3,8,71,,False,1,1,40,0.65240342502,2.0,2.0,1.0,3.0,1,True,2,3
615,2,2,True,1.0,,False,False,True,3.0,1,,3,3,86,,False,1,1,1,1.23952190814,1.0,1.0,1.0,3.0,1,True,1,3
619,1,1,False,,,False,False,False,,4,3.0,3,6,48,,False,1,2,48,0.983031707100002,,,3.0,2.0,1,False,2,3
623,2,3,True,1.0,,False,False,True,1.0,3,1.0,3,7,52,,False,1,1,27,0.4677948181,1.0,1.0,3.0,2.0,1,True,2,2
625,1,1,True,1.0,,False,True,False,3.0,2,,3,3,81,,False,2,1,48,1.62822537232,2.0,2.0,2.0,3.0,2,True,1,3
628,1,1,True,1.0,,False,False,False,3.0,3,1.0,2,6,59,,True,4,1,48,1.3708893623,1.0,1.0,3.0,3.0,4,True,2,3
632,2,3,True,1.0,,True,False,True,3.0,3,3.0,2,7,38,,False,1,2,5,0.5187381311,1.0,1.0,3.0,2.0,1,False,2,3
634,2,1,False,,,False,False,False,,2,,3,8,56,,False,1,1,40,0.677987873060001,,,2.0,3.0,1,True,2,3
641,2,2,False,,,False,False,False,,3,2.0,3,6,25,,True,4,1,48,2.22252643259999,,,3.0,1.0,4,True,2,3
648,2,3,True,1.0,,False,False,True,2.0,2,,2,4,93,,False,1,2,55,1.4379646929,2.0,2.0,2.0,3.0,1,False,2,2
660,1,2,True,1.0,,False,True,True,1.0,2,,3,3,70,,False,1,1,22,1.28813061042,2.0,2.0,2.0,3.0,1,True,1,3
661,1,2,True,1.0,,False,False,False,3.0,3,2.0,1,3,67,,False,1,1,48,1.3992722026,2.0,2.0,3.0,3.0,1,True,1,3
672,1,2,True,1.0,,True,False,True,3.0,1,,2,7,60,,False,1,2,28,0.59886952164,1.0,1.0,1.0,3.0,1,False,2,3
678,2,2,True,1.0,,False,False,True,1.0,2,,1,7,72,,False,1,1,6,0.55547847482,2.0,2.0,2.0,3.0,1,True,2,4
681,1,2,True,1.0,1.0,False,False,False,2.0,1,,3,6,52,,False,1,2,41,0.86474767068,8.0,1.0,1.0,2.0,1,False,2,4
682,1,2,False,,,False,False,False,,9,1.0,2,3,18,,False,1,2,49,1.469367677,,,1.0,1.0,1,False,1,4
683,1,3,True,1.0,,False,False,True,3.0,1,,2,8,72,,False,1,1,6,0.53451702294,1.0,1.0,1.0,3.0,1,True,2,4
685,1,2,True,1.0,,True,False,True,3.0,1,,2,5,57,,False,1,2,8,1.20945452766,1.0,1.0,1.0,3.0,1,False,2,4
690,2,3,True,1.0,,False,False,False,3.0,2,,1,7,23,,False,1,2,34,0.815331968120002,2.0,2.0,2.0,1.0,1,False,2,1
694,1,2,True,2.0,9.0,False,False,True,1.0,3,2.0,1,5,57,,False,1,1,6,0.829502581400001,9.0,3.0,3.0,3.0,1,True,2,4
697,1,1,True,1.0,,False,True,False,1.0,2,,1,7,59,,False,1,2,6,0.61802746998,2.0,2.0,2.0,3.0,1,False,2,4
699,2,2,True,1.0,,False,False,False,2.0,4,1.0,2,7,47,,False,1,1,2,0.46299628165,1.0,1.0,1.0,2.0,1,True,2,4
700,1,2,True,1.0,,False,False,False,2.0,1,,2,7,76,,False,1,1,6,0.53451702294,1.0,1.0,1.0,3.0,1,True,2,4
702,2,1,True,1.0,2.0,False,False,True,2.0,3,2.0,1,8,60,,False,1,1,35,0.607630640950002,8.0,2.0,3.0,3.0,1,True,2,4
706,1,2,True,1.0,,False,False,False,3.0,3,2.0,1,3,20,,False,1,1,41,1.02791890025,2.0,2.0,3.0,1.0,1,True,1,4
708,2,2,True,1.0,2.0,False,False,False,1.0,2,,2,8,71,,False,1,1,41,0.55547847482,6.0,2.0,2.0,3.0,1,True,2,4
709,1,2,True,1.0,,False,False,False,2.0,1,,2,3,20,,False,1,1,4,1.34706982992,1.0,1.0,1.0,1.0,1,True,1,4
711,1,2,True,1.0,,True,False,True,1.0,3,3.0,2,6,73,,False,1,2,6,0.922907736599999,1.0,1.0,3.0,3.0,1,False,2,4
712,1,3,True,2.0,,False,False,True,3.0,3,9.0,3,8,87,,True,1,2,35,0.915398472049998,1.0,1.0,3.0,3.0,4,False,2,4
713,2,2,True,1.0,,False,False,False,2.0,3,3.0,3,6,64,,False,1,2,41,0.922907736599999,2.0,2.0,3.0,3.0,1,False,2,4
717,2,2,True,2.0,,False,False,False,2.0,3,3.0,2,6,38,,False,1,2,30,0.983031707100002,1.0,1.0,3.0,2.0,1,False,2,4
721,1,1,True,1.0,,False,False,False,2.0,3,2.0,3,6,36,,False,1,1,8,0.883541557749999,2.0,2.0,3.0,2.0,1,True,2,4
723,2,2,True,2.0,2.0,False,False,True,3.0,3,1.0,3,7,27,,False,1,1,19,0.62914356385,6.0,2.0,3.0,1.0,1,True,2,2
725,2,1,True,1.0,,False,True,True,1.0,2,,1,8,66,,False,1,1,56,0.677987873060001,2.0,2.0,2.0,3.0,1,True,2,4
728,2,2,False,,,False,False,False,,3,2.0,1,4,25,,False,1,2,32,1.39589929315,,,3.0,1.0,1,False,2,4
729,1,1,True,1.0,,False,False,True,1.0,1,,3,8,51,,False,1,2,4,0.675070772820003,2.0,2.0,1.0,2.0,1,False,2,4
737,2,2,True,1.0,,False,True,True,3.0,2,,1,8,62,,False,1,2,35,0.754331893720001,2.0,2.0,2.0,3.0,1,False,2,4
741,1,2,True,1.0,,False,False,False,2.0,3,2.0,3,6,71,,False,1,2,53,0.922907736599999,2.0,2.0,3.0,3.0,1,False,2,4
743,1,2,True,1.0,,False,False,True,2.0,2,,1,3,52,,False,1,2,6,1.2854131234,2.0,2.0,2.0,2.0,1,False,1,4
744,1,1,True,1.0,,False,True,True,1.0,3,2.0,3,7,86,,False,1,2,53,0.55389254385,2.0,2.0,3.0,3.0,1,False,2,4
745,1,2,True,1.0,,True,False,False,9.0,1,,2,5,81,,False,1,2,41,0.990911464559998,1.0,1.0,1.0,3.0,1,False,2,4
748,2,1,True,1.0,,False,False,False,3.0,2,,1,8,53,,False,1,2,6,0.574778225539998,2.0,2.0,2.0,2.0,1,False,2,4
749,2,3,True,1.0,,False,False,True,3.0,2,,3,7,36,,False,1,2,4,0.701544136460002,2.0,2.0,2.0,2.0,1,False,2,4
756,1,2,True,1.0,,False,True,False,3.0,2,,2,3,86,,True,1,2,6,1.92708243163999,2.0,2.0,2.0,3.0,4,False,1,4
760,1,3,True,1.0,,True,False,True,1.0,4,1.0,2,8,70,,False,1,2,6,0.55389254385,1.0,1.0,1.0,3.0,1,False,2,4
761,1,2,True,1.0,,True,False,True,3.0,1,,2,8,63,,False,1,2,2,0.59470567866,1.0,1.0,1.0,3.0,1,False,2,4
764,1,2,True,1.0,,False,False,False,1.0,2,,1,7,67,,False,1,2,6,0.61802746998,2.0,2.0,2.0,3.0,1,False,2,4
774,2,1,True,1.0,,False,False,False,3.0,2,,2,5,85,,False,1,2,41,1.02977073768,2.0,2.0,2.0,3.0,1,False,2,4
775,2,2,True,2.0,2.0,False,False,True,3.0,1,,2,3,32,,False,2,1,6,1.15097388234,8.0,2.0,1.0,1.0,2,True,1,4
780,2,2,True,1.0,,True,False,True,3.0,4,2.0,3,8,74,,False,1,2,6,0.55389254385,2.0,2.0,2.0,3.0,1,False,2,4
781,2,1,True,1.0,,False,False,False,1.0,2,,1,7,62,,False,1,2,6,0.61802746998,2.0,2.0,2.0,3.0,1,False,2,4
782,2,2,True,1.0,,False,False,False,2.0,2,,3,8,54,,True,1,2,6,0.778269982899998,2.0,2.0,2.0,2.0,4,False,2,4
786,2,1,True,1.0,,False,False,True,1.0,2,,1,6,77,,False,1,1,6,0.925550248720001,2.0,2.0,2.0,3.0,1,True,2,4
787,2,2,True,1.0,,False,False,False,3.0,3,2.0,3,3,33,,False,1,1,6,1.02791890025,2.0,2.0,3.0,1.0,1,True,1,4
788,2,3,False,,,False,False,False,,3,2.0,3,5,25,,True,1,1,6,1.82092577435,,,3.0,1.0,4,True,2,4
792,2,3,True,1.0,,False,False,True,2.0,2,,3,2,55,,False,2,1,34,1.40701794944,2.0,2.0,2.0,3.0,2,True,1,1
803,2,1,True,1.0,,False,False,False,2.0,3,3.0,1,3,70,,False,2,2,9,1.403000812,2.0,2.0,3.0,3.0,2,False,1,1
817,1,1,True,1.0,,False,False,True,9.0,2,,2,6,60,,False,3,2,36,2.46180233922,2.0,2.0,2.0,3.0,3,False,2,1
823,2,3,True,3.0,1.0,False,False,False,2.0,4,3.0,3,3,29,,False,2,1,26,1.08309563555,6.0,1.0,3.0,1.0,2,True,1,2
828,2,3,True,1.0,,False,False,False,3.0,3,1.0,2,8,27,,False,1,1,37,0.627049722049998,1.0,1.0,3.0,1.0,1,True,2,3
953,1,2,True,1.0,,False,True,False,3.0,2,,4,2,71,,False,2,2,37,1.4946189899,2.0,2.0,2.0,3.0,2,False,1,3
994,2,3,True,1.0,,True,False,True,3.0,1,,2,5,65,,False,1,2,40,1.20945452766,1.0,1.0,1.0,3.0,1,False,2,3
1021,2,2,True,1.0,,True,False,True,3.0,1,,3,6,36,,False,1,2,34,0.912072187380001,1.0,1.0,1.0,2.0,1,False,2,1
1027,2,2,True,1.0,,False,False,False,2.0,3,2.0,1,8,31,,False,1,1,17,0.62914356385,2.0,2.0,3.0,1.0,1,True,2,2
1240,1,2,True,3.0,,False,False,True,2.0,2,,3,7,67,,False,2,2,29,0.651202011199998,2.0,2.0,2.0,3.0,2,False,2,2
1265,2,3,True,1.0,,True,False,True,3.0,3,1.0,1,6,54,,False,1,2,29,0.813749505650003,1.0,1.0,3.0,2.0,1,False,2,2
1392,1,1,True,1.0,2.0,False,True,False,1.0,2,,3,6,66,,False,2,2,12,1.08143575142,8.0,2.0,2.0,3.0,2,False,2,3
1425,2,2,True,1.0,,False,False,False,2.0,4,3.0,3,7,34,,False,2,1,26,0.65611476115,2.0,2.0,3.0,1.0,2,True,2,2
1436,2,2,True,4.0,,False,False,False,1.0,3,2.0,1,7,26,,False,1,1,36,0.6567675185,2.0,2.0,3.0,1.0,1,True,2,1
1573,2,3,False,,,False,False,False,,1,,2,2,54,,False,1,1,21,1.11950649372,,,1.0,2.0,1,True,1,3
1580,2,2,True,3.0,1.0,False,False,True,2.0,3,2.0,3,3,64,,False,1,2,37,1.2844529036,3.0,3.0,3.0,3.0,1,False,1,3
1611,2,2,True,1.0,,False,False,True,3.0,2,,2,8,56,,False,3,1,36,1.32794432702,1.0,1.0,2.0,3.0,3,True,2,1
1614,1,1,True,1.0,,False,True,True,1.0,2,,3,8,62,,False,2,2,37,0.649034757460002,2.0,2.0,2.0,3.0,2,False,2,3
1670,2,2,True,2.0,3.0,False,False,False,3.0,1,,3,5,22,,False,1,2,55,1.62314487408,3.0,3.0,1.0,1.0,1,False,2,2
1742,1,2,True,1.0,,True,False,True,3.0,1,,2,6,53,,False,1,1,37,0.78267052998,1.0,1.0,1.0,2.0,1,True,2,3
1746,1,2,True,1.0,,True,False,True,1.0,1,,3,3,39,,False,1,1,40,1.35691043802,1.0,1.0,1.0,2.0,1,True,1,3
1819,1,2,True,1.0,,True,False,True,3.0,1,,3,3,58,,False,1,2,27,1.3837018743,1.0,1.0,1.0,3.0,1,False,1,2
1937,2,2,True,1.0,,True,False,True,1.0,1,,2,5,49,,False,1,2,26,0.873709995539998,1.0,1.0,1.0,2.0,1,False,2,2
1971,1,3,True,1.0,,True,False,True,1.0,1,,2,7,52,,False,2,1,45,0.5220525801,1.0,1.0,1.0,2.0,2,True,2,3
1992,2,2,True,1.0,,False,True,False,1.0,2,,3,8,38,,False,3,2,51,1.31190761988,2.0,2.0,2.0,2.0,3,False,2,3
1998,1,2,True,1.0,,False,True,True,1.0,3,3.0,3,7,60,,False,1,2,36,0.584205082100002,2.0,2.0,3.0,3.0,1,False,2,1
2002,2,2,False,,,False,False,False,,4,2.0,1,3,18,,False,1,2,48,1.39589929315,,,2.0,1.0,1,False,1,3
2015,1,2,True,1.0,,False,False,True,3.0,2,,3,8,62,,False,1,1,12,0.55936766782,1.0,1.0,2.0,3.0,1,True,2,3
2033,1,1,True,1.0,2.0,False,False,False,2.0,1,,3,7,93,,False,1,2,17,0.600869263259999,8.0,2.0,1.0,3.0,1,False,2,2
2034,2,2,True,1.0,,False,True,True,1.0,3,2.0,2,5,75,,False,3,2,12,2.10649888465,2.0,2.0,3.0,3.0,3,False,2,3
2045,1,2,True,1.0,,False,False,True,1.0,3,3.0,3,6,62,,False,1,2,48,1.12645274635,1.0,1.0,3.0,3.0,1,False,2,3
2102,1,2,True,1.0,,False,False,True,3.0,1,,2,8,61,,False,1,2,48,0.725866539239998,1.0,1.0,1.0,3.0,1,False,2,3
2133,2,2,True,4.0,,False,False,True,3.0,3,1.0,2,3,48,,False,1,1,46,1.04615932015,1.0,1.0,3.0,2.0,1,True,1,2
2154,1,2,True,1.0,,False,True,False,1.0,2,,3,8,58,,False,2,2,48,0.786669878700001,2.0,2.0,2.0,3.0,2,False,2,3
2188,2,2,False,,,False,False,False,,1,,3,5,83,,False,1,1,37,0.896859544259999,,,1.0,3.0,1,True,2,3
2205,1,2,True,1.0,,False,False,True,3.0,1,,2,7,64,,False,1,2,18,0.600869263259999,1.0,1.0,1.0,3.0,1,False,2,2
2260,2,2,True,2.0,,False,False,True,3.0,3,3.0,3,6,72,,False,1,2,12,0.929369491250001,2.0,2.0,3.0,3.0,1,False,2,3
2304,2,2,True,1.0,,False,False,False,3.0,2,,2,7,52,,False,1,2,31,0.58073528032,1.0,1.0,2.0,2.0,1,False,2,2
2309,2,3,False,,,False,False,False,,4,1.0,3,3,26,,False,1,1,24,1.0841731892,,,1.0,1.0,1,True,1,3
2328,1,2,True,1.0,,False,True,True,3.0,3,2.0,3,7,40,,False,1,2,44,0.54332271085,2.0,2.0,3.0,2.0,1,False,2,1
2399,1,3,True,1.0,,False,True,True,1.0,2,,2,3,44,,True,1,1,17,1.58055663066,2.0,2.0,2.0,2.0,4,True,1,2
2416,2,2,False,,,False,False,False,,3,2.0,3,6,28,,False,2,1,37,1.41228532635,,,3.0,1.0,2,True,2,3
2433,1,2,True,1.0,,False,False,True,3.0,2,,1,8,99,3.0,False,1,2,39,0.624432763780002,2.0,2.0,2.0,3.0,1,False,2,2
2439,2,2,True,1.0,,False,False,False,2.0,1,,2,3,65,,False,1,1,31,1.2436609131,1.0,1.0,1.0,3.0,1,True,1,2
2451,1,2,True,1.0,,True,False,True,1.0,1,,2,3,61,,False,1,2,37,1.37909680176,1.0,1.0,1.0,3.0,1,False,1,3
2490,2,2,True,1.0,,False,False,True,3.0,1,,3,3,66,,False,1,2,36,1.44445640052,1.0,1.0,1.0,3.0,1,False,1,1
2515,1,1,True,1.0,2.0,False,False,False,3.0,2,,1,5,99,1.0,False,9,1,36,1.74945515340001,8.0,2.0,2.0,3.0,9,True,2,1
2534,1,2,True,1.0,2.0,False,False,True,1.0,2,,1,6,58,,False,2,2,45,1.08143575142,6.0,2.0,2.0,3.0,2,False,2,3
2565,1,2,True,2.0,1.0,False,False,False,3.0,1,,2,1,83,,False,1,2,37,1.37909680176,6.0,1.0,1.0,3.0,1,False,1,3
2586,2,2,True,1.0,,True,False,True,3.0,1,,2,4,54,,False,1,1,12,1.11950649372,1.0,1.0,1.0,2.0,1,True,2,3
2590,1,2,True,1.0,,False,True,True,1.0,2,,3,8,71,,False,1,1,51,0.55936766782,2.0,2.0,2.0,3.0,1,True,2,3
2615,1,2,True,1.0,,False,False,False,1.0,4,3.0,3,7,62,,False,1,1,24,0.52507916545,2.0,2.0,3.0,3.0,1,True,2,3
2669,2,2,True,1.0,,True,False,True,3.0,1,,1,3,75,,False,1,1,13,1.23952190814,1.0,1.0,1.0,3.0,1,True,1,3
2694,2,1,False,,,False,False,False,,3,3.0,2,5,29,,False,1,2,42,1.57812945785,,,3.0,1.0,1,False,2,1
2708,1,2,True,1.0,,False,False,True,1.0,4,3.0,3,8,72,,False,1,1,21,0.50132007965,2.0,2.0,3.0,3.0,1,True,2,3
2750,2,2,True,1.0,,False,False,False,2.0,4,2.0,1,3,20,,False,1,1,6,1.02791890025,2.0,2.0,2.0,1.0,1,True,1,4
2759,2,2,True,1.0,,False,False,False,3.0,3,2.0,3,8,61,,False,1,2,12,0.5577706329,1.0,1.0,3.0,3.0,1,False,2,3
2780,2,2,True,1.0,,False,True,True,1.0,2,,1,8,65,,False,1,2,29,0.624432763780002,2.0,2.0,2.0,3.0,1,False,2,2
2803,2,2,True,1.0,,True,False,True,1.0,1,,2,5,86,,False,1,1,55,0.8998543326,1.0,1.0,1.0,3.0,1,True,2,2
2839,2,2,True,2.0,,False,False,True,3.0,3,3.0,3,2,31,,False,1,2,39,1.15551955435,1.0,1.0,3.0,1.0,1,False,1,2
2895,2,3,True,1.0,,False,False,False,1.0,2,,3,5,53,,False,2,2,8,1.14387834166,2.0,2.0,2.0,2.0,2,False,2,4
2904,1,2,True,1.0,,False,True,True,1.0,2,,2,3,70,,False,2,1,36,1.40701794944,2.0,2.0,2.0,3.0,2,True,1,1
2910,1,1,True,1.0,2.0,False,False,False,2.0,4,3.0,2,8,46,,False,1,2,21,0.5187381311,6.0,2.0,3.0,2.0,1,False,2,3
2913,1,2,True,3.0,2.0,False,False,False,3.0,2,,3,5,62,,False,1,1,36,0.97620227134,6.0,2.0,2.0,3.0,1,True,2,1
2949,2,9,True,4.0,9.0,False,False,False,2.0,1,,2,7,38,,False,1,1,41,0.49711179714,7.0,3.0,1.0,2.0,1,True,2,4
2953,1,2,True,1.0,,False,True,True,1.0,2,,1,5,41,,False,2,1,36,0.8884324492,2.0,2.0,2.0,2.0,2,True,2,1
3044,2,3,True,1.0,,False,False,False,1.0,4,1.0,1,7,42,,False,1,1,34,0.4883343957,1.0,1.0,1.0,2.0,1,True,2,1
3053,2,2,True,1.0,,False,False,False,1.0,3,2.0,3,7,64,,False,1,2,37,0.5577706329,2.0,2.0,3.0,3.0,1,False,2,3
3068,1,2,False,,,False,False,False,,3,1.0,2,3,67,,False,1,1,18,1.15831163475,,,3.0,3.0,1,True,1,2
3088,1,2,True,1.0,,False,False,True,3.0,2,,1,6,50,,False,2,1,1,0.848232144239998,2.0,2.0,2.0,2.0,2,True,2,3
3128,2,2,True,1.0,1.0,False,False,True,3.0,1,,2,2,99,1.0,False,9,2,53,1.35735808542,8.0,1.0,1.0,3.0,9,False,1,4
3159,1,2,False,,,False,False,False,,4,1.0,2,3,31,,False,1,1,51,1.03511589315,,,1.0,1.0,1,True,1,3
3165,2,2,True,1.0,,False,True,True,1.0,3,2.0,2,4,62,,False,2,1,39,1.207968111,2.0,2.0,3.0,3.0,2,True,2,2
3188,2,2,False,,,False,False,False,,4,3.0,4,3,57,,False,1,1,19,1.15831163475,,,3.0,3.0,1,True,1,2
3266,1,2,True,1.0,,False,True,True,1.0,1,,3,7,57,,False,1,1,36,0.56376920922,2.0,2.0,1.0,3.0,1,True,2,1
3281,2,2,True,1.0,,False,True,True,1.0,2,,1,7,75,,False,1,1,42,0.58587780566,2.0,2.0,2.0,3.0,1,True,2,1
3291,1,2,True,1.0,,False,False,True,1.0,2,,1,8,67,,False,1,1,25,0.58587780566,2.0,2.0,2.0,3.0,1,True,2,1
3315,1,2,True,1.0,,True,False,True,1.0,1,,2,3,65,,False,1,1,48,1.50237647016,1.0,1.0,1.0,3.0,1,True,1,3
3336,2,3,True,2.0,,False,False,True,3.0,3,2.0,3,6,30,,False,2,1,48,1.71177631569999,2.0,2.0,3.0,1.0,2,True,2,3
3356,2,9,True,1.0,,False,False,False,1.0,2,,4,5,52,,True,4,1,48,1.33487074226,2.0,2.0,2.0,2.0,4,True,2,3
3383,2,3,False,,,False,False,False,,1,,2,6,47,,False,1,1,1,0.78267052998,,,1.0,2.0,1,True,2,3
3411,2,2,True,1.0,,False,True,True,1.0,2,,1,5,76,,False,1,2,22,1.0369806955,2.0,2.0,2.0,3.0,1,False,2,3
3420,2,2,True,1.0,1.0,False,False,False,3.0,1,,3,7,62,,True,4,1,48,0.88337723934,8.0,1.0,1.0,3.0,4,True,2,3
3444,2,2,False,,,False,False,False,,4,2.0,2,3,57,,False,2,1,36,1.2610066528,,,2.0,3.0,2,True,1,1
3452,1,2,True,1.0,,False,False,True,1.0,2,,1,7,78,,False,1,1,48,0.677987873060001,2.0,2.0,2.0,3.0,1,True,2,3
3485,1,2,False,,,False,False,False,,2,,1,7,28,,True,1,2,9,1.1039882298,,,2.0,1.0,4,False,2,1
3549,1,3,True,1.0,,True,False,True,1.0,1,,2,8,50,,True,4,2,12,0.754144749959999,1.0,1.0,1.0,2.0,4,False,2,3
3574,2,2,True,1.0,,False,False,False,3.0,3,1.0,3,8,76,,False,1,2,9,0.584205082100002,1.0,1.0,3.0,3.0,1,False,2,1
3629,2,2,True,1.0,2.0,False,False,False,2.0,3,2.0,3,8,38,,True,4,2,48,0.851339358349997,8.0,2.0,3.0,2.0,4,False,2,3
3669,1,2,True,1.0,,False,True,True,1.0,2,,1,7,64,,False,1,2,36,0.651849881080001,2.0,2.0,2.0,3.0,1,False,2,1
3689,1,2,True,1.0,,False,False,False,2.0,1,,3,6,52,,False,1,2,39,0.873709995539998,2.0,2.0,1.0,2.0,1,False,2,2
3849,1,2,True,1.0,,False,True,True,3.0,3,2.0,1,8,47,,False,1,2,55,0.5204702984,2.0,2.0,3.0,2.0,1,False,2,2
3998,2,2,True,1.0,,True,False,True,3.0,1,,2,8,60,,True,4,1,4,0.88337723934,1.0,1.0,1.0,3.0,4,True,2,4
4039,2,3,True,1.0,,True,False,True,1.0,1,,2,7,67,,False,1,2,54,0.59886952164,1.0,1.0,1.0,3.0,1,False,2,3
4069,2,1,True,1.0,,False,True,True,1.0,1,,2,8,35,,False,1,1,42,0.52431693012,2.0,2.0,1.0,2.0,1,True,2,1
4076,2,2,True,1.0,,False,False,True,1.0,1,,3,3,37,,False,1,2,53,1.2369069678,1.0,1.0,1.0,2.0,1,False,1,4
4122,2,2,False,,,False,False,False,,2,,1,5,20,,False,1,1,17,1.51608110034,,,2.0,1.0,1,True,2,2
4131,1,1,True,1.0,2.0,False,False,True,1.0,2,,1,3,53,,False,2,2,36,1.41388013398,6.0,2.0,2.0,2.0,2,False,1,1
4334,2,3,True,1.0,,False,False,False,2.0,2,,3,7,23,,False,1,2,29,0.781038715619999,2.0,2.0,2.0,1.0,1,False,2,2
4359,2,1,True,1.0,,True,False,True,1.0,3,1.0,2,6,48,,False,9,2,12,0.896522991400001,1.0,1.0,3.0,2.0,9,False,2,3
4377,2,1,True,1.0,,False,False,True,1.0,2,,2,7,58,,False,2,2,42,0.679794492539998,2.0,2.0,2.0,3.0,2,False,2,1
4424,2,9,False,,,False,False,False,,9,2.0,2,8,99,1.0,False,9,2,5,0.811778212,,,2.0,3.0,9,False,2,3
4461,2,2,False,,,False,False,False,,3,3.0,3,2,42,,False,1,1,31,1.04615932015,,,3.0,2.0,1,True,1,2
4475,2,2,True,1.0,,False,False,False,2.0,3,2.0,3,7,47,,False,1,1,18,0.4677948181,2.0,2.0,3.0,2.0,1,True,2,2
4517,1,2,True,1.0,,False,True,True,1.0,2,,1,6,48,,False,1,2,29,0.907973132619999,2.0,2.0,2.0,2.0,1,False,2,2
4597,2,2,True,1.0,2.0,False,False,True,1.0,4,2.0,3,3,64,,False,2,2,8,1.6235766703,8.0,2.0,2.0,3.0,2,False,1,4
4637,1,1,True,1.0,,False,False,True,2.0,3,2.0,3,8,54,,False,2,2,34,0.5666147947,2.0,2.0,3.0,2.0,2,False,2,1
4660,2,2,False,,,False,False,False,,3,1.0,2,8,23,,False,3,1,6,1.41138233045,,,3.0,1.0,3,True,2,4
4688,2,2,True,2.0,9.0,False,False,True,3.0,1,,2,5,37,,False,9,2,41,0.955889899199998,9.0,3.0,1.0,2.0,9,False,2,4
4698,2,2,True,1.0,2.0,False,False,False,1.0,3,1.0,3,3,29,,False,1,1,39,1.03857234655,3.0,3.0,3.0,1.0,1,True,1,2
4738,1,2,True,1.0,,True,False,True,3.0,1,,3,7,46,,False,1,2,18,0.55882074144,1.0,1.0,1.0,2.0,1,False,2,2
4751,2,2,False,,,False,False,False,,1,,1,5,21,,False,3,2,36,3.84053754167999,,,1.0,1.0,3,False,2,1
4794,1,1,False,,,False,False,False,,9,1.0,3,2,32,,False,1,1,27,1.093234049,,,1.0,1.0,1,True,1,2
4839,2,2,False,,,False,False,False,,3,1.0,3,3,23,,False,1,1,24,1.0841731892,,,3.0,1.0,1,True,1,3
4959,1,1,True,1.0,,False,False,False,1.0,3,1.0,2,6,53,,False,1,1,39,0.731391979299999,1.0,1.0,3.0,2.0,1,True,2,2
4962,1,2,True,1.0,,False,False,False,1.0,3,2.0,3,7,48,,True,1,1,51,0.631302633599999,2.0,2.0,3.0,2.0,4,True,2,3
5066,2,2,True,1.0,,True,False,False,3.0,2,,1,8,51,,False,2,2,36,0.632222823559998,2.0,2.0,2.0,2.0,2,False,2,1
5110,1,2,True,1.0,3.0,False,False,True,1.0,4,3.0,2,7,34,,False,2,2,36,0.762047884599999,8.0,3.0,3.0,1.0,2,False,2,1
5128,2,2,True,1.0,,True,False,True,1.0,1,,3,8,78,,False,1,2,21,0.59886952164,1.0,1.0,1.0,3.0,1,False,2,3
5171,2,1,True,1.0,,False,True,True,1.0,2,,3,8,38,,False,1,2,42,0.606233761579999,2.0,2.0,2.0,2.0,1,False,2,1
5354,1,2,True,1.0,,False,False,True,1.0,3,3.0,3,8,46,,False,1,2,48,0.628742386449999,2.0,2.0,3.0,2.0,1,False,2,3
5377,1,2,True,1.0,,False,False,True,3.0,1,,3,7,50,,False,1,1,24,0.52431693012,2.0,2.0,1.0,2.0,1,True,2,3
5479,2,3,True,1.0,,True,False,True,2.0,1,,2,3,53,,False,1,1,1,1.11950649372,1.0,1.0,1.0,2.0,1,True,1,3
5520,1,2,True,1.0,,False,False,True,1.0,2,,1,8,49,,False,1,2,36,0.606233761579999,2.0,2.0,2.0,2.0,1,False,2,1
5545,2,3,True,1.0,,False,False,True,3.0,4,1.0,2,8,49,,False,1,1,48,0.565108962049998,1.0,1.0,1.0,2.0,1,True,2,3
5577,2,1,True,1.0,,False,True,True,1.0,2,,3,8,54,,False,1,1,45,0.52022340588,2.0,2.0,2.0,2.0,1,True,2,3
5584,2,1,True,1.0,2.0,False,False,False,1.0,3,3.0,1,8,44,,True,1,2,37,0.7023897181,6.0,2.0,3.0,2.0,4,False,2,3
5709,2,2,True,1.0,,False,False,False,1.0,2,,1,8,24,,False,3,2,13,1.76440226216,2.0,2.0,2.0,1.0,3,False,2,3
5732,2,1,True,1.0,2.0,False,False,False,1.0,4,2.0,3,6,48,,True,2,2,6,1.09054303135,8.0,2.0,2.0,2.0,4,False,2,4
5774,1,3,True,1.0,,False,False,False,1.0,3,1.0,2,8,49,,False,2,1,51,0.48622544225,1.0,1.0,3.0,2.0,2,True,2,3
5788,2,2,True,1.0,,False,False,False,1.0,2,,3,8,46,,False,1,1,24,0.54487837836,2.0,2.0,2.0,2.0,1,True,2,3
5864,2,1,True,1.0,,False,True,True,3.0,3,2.0,2,3,32,,False,1,2,39,1.15551955435,2.0,2.0,3.0,1.0,1,False,1,2
5877,2,2,True,1.0,,False,False,True,3.0,4,1.0,4,3,41,,False,1,1,45,1.0426776167,1.0,1.0,1.0,2.0,1,True,1,3
5905,2,2,True,1.0,,True,False,False,3.0,1,,2,6,50,,True,1,1,12,1.05976349232,1.0,1.0,1.0,2.0,4,True,2,3
5931,1,3,True,1.0,3.0,False,False,True,1.0,4,1.0,3,3,32,,False,1,1,17,1.03857234655,3.0,3.0,1.0,1.0,1,True,1,2
5935,2,2,True,2.0,1.0,False,False,True,1.0,3,1.0,3,3,24,,False,1,1,54,1.03511589315,6.0,1.0,3.0,1.0,1,True,1,3
5941,1,2,True,1.0,,False,False,True,1.0,3,3.0,1,7,34,,True,1,1,48,1.02909748925,2.0,2.0,3.0,1.0,4,True,2,3
5951,1,2,True,1.0,,False,False,False,3.0,4,1.0,4,5,50,,False,5,1,48,2.002625783,1.0,1.0,1.0,2.0,9,True,2,3
5956,1,2,True,1.0,,False,False,False,1.0,2,,2,3,33,,False,1,1,21,1.15497141762,2.0,2.0,2.0,1.0,1,True,1,3
5958,2,2,True,1.0,,False,False,True,3.0,1,,3,5,19,,False,1,2,55,1.62314487408,1.0,1.0,1.0,1.0,1,False,2,2
5960,1,3,True,4.0,,True,False,False,2.0,1,,2,3,48,,False,1,1,47,1.11950649372,1.0,1.0,1.0,2.0,1,True,1,3
5971,1,2,True,1.0,,False,False,True,1.0,3,9.0,2,5,54,,False,2,1,6,0.754922450449999,2.0,2.0,3.0,2.0,2,True,2,4
5993,1,2,True,1.0,,True,False,True,1.0,1,,2,3,53,,True,4,1,6,1.50531179352,1.0,1.0,1.0,2.0,4,True,1,4
6002,1,1,False,,,False,False,False,,3,2.0,1,7,29,,True,4,2,6,0.938085388800002,,,3.0,1.0,4,False,2,4
6006,1,2,True,1.0,2.0,False,False,False,2.0,3,2.0,1,5,19,,True,4,2,6,2.02596896165,6.0,2.0,3.0,1.0,4,False,2,4
6018,1,2,True,1.0,,False,False,True,1.0,2,,2,6,45,,True,1,2,6,1.21681643498,2.0,2.0,2.0,2.0,4,False,2,4
6019,1,1,False,,,False,False,False,,3,3.0,3,7,42,,False,1,2,41,0.51513142855,,,3.0,2.0,1,False,2,4
6020,1,2,True,1.0,,False,True,True,1.0,3,2.0,1,8,31,,False,1,1,41,0.622689946899998,2.0,2.0,3.0,1.0,1,True,2,4
6027,2,2,True,4.0,1.0,False,False,False,2.0,1,,2,7,24,,False,1,1,25,0.705160914599999,7.0,1.0,1.0,1.0,1,True,2,1
6028,2,2,True,1.0,,False,True,True,1.0,3,2.0,1,6,80,,False,1,2,33,0.973415143049998,2.0,2.0,3.0,3.0,1,False,2,1
6029,2,3,False,,,False,False,False,,2,,3,3,74,,True,4,2,33,2.03254469257999,,,2.0,3.0,4,False,1,1
6031,2,2,True,1.0,,False,False,False,3.0,3,2.0,1,8,40,,False,2,1,9,0.5092691467,2.0,2.0,3.0,2.0,2,True,2,1
6032,2,3,True,1.0,,True,False,True,3.0,3,2.0,1,7,21,,False,1,1,25,0.6567675185,2.0,2.0,3.0,1.0,1,True,2,1
6033,2,2,True,1.0,,False,False,True,1.0,3,2.0,3,8,57,,False,1,1,25,0.52507916545,2.0,2.0,3.0,3.0,1,True,2,1
6036,2,2,True,1.0,,True,False,True,3.0,1,,2,4,26,,False,1,2,13,1.23653407212,1.0,1.0,1.0,1.0,1,False,2,3
6037,2,1,True,1.0,,False,True,True,1.0,3,2.0,2,6,62,,False,2,2,13,0.969211286650003,2.0,2.0,3.0,3.0,2,False,2,3
6039,2,1,True,1.0,,False,False,True,3.0,3,1.0,2,8,37,,False,1,1,37,0.4662379581,1.0,1.0,3.0,2.0,1,True,2,3
6041,2,2,True,1.0,,False,False,True,2.0,2,,3,8,43,,False,2,2,37,0.60361564002,2.0,2.0,2.0,2.0,2,False,2,3
6042,2,1,True,1.0,,False,False,False,2.0,3,2.0,1,7,46,,False,1,1,34,0.4883343957,2.0,2.0,3.0,2.0,1,True,2,1
6044,2,1,True,1.0,,False,False,True,3.0,2,,1,3,62,,False,2,2,13,1.4946189899,2.0,2.0,2.0,3.0,2,False,1,3
6045,2,1,True,2.0,,False,False,False,3.0,4,3.0,3,8,32,,False,1,2,36,0.730722046899998,1.0,1.0,3.0,1.0,1,False,2,1
6047,2,2,True,1.0,,False,False,False,3.0,2,,3,7,38,,False,1,1,51,0.52022340588,2.0,2.0,2.0,2.0,1,True,2,3
6071,2,1,True,1.0,,True,False,True,1.0,1,,3,3,29,,False,1,2,45,1.23653407212,1.0,1.0,1.0,1.0,1,False,1,3
6078,2,1,True,1.0,3.0,False,False,False,1.0,4,3.0,3,6,41,,False,1,1,26,0.731391979299999,6.0,3.0,3.0,2.0,1,True,2,2
6085,2,2,True,1.0,,False,False,True,1.0,1,,2,7,56,,False,1,1,13,0.53825945394,1.0,1.0,1.0,3.0,1,True,2,3
6086,2,2,True,1.0,,False,False,True,1.0,4,1.0,2,3,49,,False,1,1,51,1.0426776167,1.0,1.0,1.0,2.0,1,True,1,3
6104,1,2,True,1.0,,False,True,True,3.0,2,,3,7,75,,False,2,2,42,0.679794492539998,2.0,2.0,2.0,3.0,2,False,2,1
6106,1,2,True,1.0,,False,True,True,3.0,2,,1,7,76,,False,1,2,12,0.622354600919999,2.0,2.0,2.0,3.0,1,False,2,3
6124,2,3,True,1.0,2.0,False,False,False,2.0,3,1.0,3,8,34,,False,1,1,37,0.627049722049998,6.0,2.0,3.0,1.0,1,True,2,3
6138,1,2,True,1.0,,False,False,True,3.0,2,,1,8,54,,False,3,1,17,1.18307012658,2.0,2.0,2.0,2.0,3,True,2,2
6163,2,1,True,1.0,,False,False,False,2.0,1,,3,7,65,,False,1,2,42,0.62725177236,2.0,2.0,1.0,3.0,1,False,2,1
6261,2,2,True,2.0,,False,False,False,2.0,3,3.0,3,7,22,,False,1,2,44,0.730722046899998,1.0,1.0,3.0,1.0,1,False,2,1
6281,2,1,True,1.0,,False,True,True,1.0,1,,3,7,65,,False,1,1,42,0.56376920922,2.0,2.0,1.0,3.0,1,True,2,1
6307,2,2,True,1.0,,False,False,True,1.0,3,2.0,1,5,60,,False,1,2,9,0.973415143049998,2.0,2.0,3.0,3.0,1,False,2,1
6313,2,2,True,1.0,,False,False,True,3.0,2,,3,7,31,,False,1,2,36,0.815331968120002,2.0,2.0,2.0,1.0,1,False,2,1
6315,2,2,False,,,False,False,False,,3,3.0,2,3,27,,False,2,2,48,1.45574108325,,,3.0,1.0,2,False,1,3
6329,1,2,True,1.0,,True,False,True,3.0,2,,2,7,71,,False,1,2,36,0.651849881080001,1.0,1.0,2.0,3.0,1,False,2,1
6400,2,2,True,2.0,,True,False,True,3.0,3,1.0,2,6,26,,False,1,2,51,1.5067213427,1.0,1.0,3.0,1.0,1,False,2,3
6452,1,1,False,,,False,False,False,,3,2.0,1,5,51,,False,1,1,37,0.728957846550001,,,3.0,2.0,1,True,2,3
6479,2,1,True,1.0,1.0,False,False,False,2.0,1,,3,7,30,,False,1,2,42,0.784564724040001,3.0,3.0,1.0,1.0,1,False,2,1
6506,2,2,True,1.0,,False,False,False,2.0,2,,3,7,24,,False,1,1,11,0.732814283800002,2.0,2.0,2.0,1.0,1,True,2,3
6541,2,2,False,,,False,False,False,,4,2.0,4,6,38,,False,3,2,25,1.9254199518,,,2.0,2.0,3,False,2,1
6548,1,2,True,1.0,,False,False,True,1.0,2,,1,6,36,,False,1,2,24,0.947839724140002,2.0,2.0,2.0,2.0,1,False,2,3
6567,2,2,True,1.0,,False,False,True,1.0,2,,1,8,40,,False,1,2,36,0.606233761579999,2.0,2.0,2.0,2.0,1,False,2,1
6571,2,1,True,1.0,,False,False,True,3.0,4,2.0,2,7,35,,False,2,2,51,0.54097628115,2.0,2.0,2.0,2.0,2,False,2,3
6582,1,2,True,1.0,,False,False,True,1.0,2,,1,7,79,,False,1,2,42,0.651849881080001,2.0,2.0,2.0,3.0,1,False,2,1
6611,2,3,False,,,False,False,False,,1,,2,5,18,,True,1,1,13,1.96878791561999,,,1.0,1.0,4,True,2,3
6612,2,3,True,1.0,,True,False,True,1.0,1,,2,5,47,,False,1,1,47,0.78267052998,1.0,1.0,1.0,2.0,1,True,2,3
6634,2,2,True,2.0,2.0,False,False,False,3.0,4,1.0,3,3,42,,False,1,1,25,1.09209328505,8.0,2.0,1.0,2.0,1,True,1,1
6649,1,1,True,1.0,,False,False,False,1.0,2,,3,8,50,,True,2,1,36,0.737784534760002,1.0,1.0,2.0,2.0,4,True,2,1
6670,2,2,True,1.0,,False,False,True,3.0,3,1.0,2,7,46,,False,1,2,51,0.5187381311,1.0,1.0,3.0,2.0,1,False,2,3
6754,2,2,False,,,False,False,False,,3,2.0,3,8,32,,False,1,1,15,0.622689946899998,,,3.0,1.0,1,True,2,4
6801,2,2,True,1.0,,False,False,True,1.0,4,1.0,3,6,37,,True,1,1,6,0.9801719335,2.0,2.0,1.0,2.0,4,True,2,4
6847,2,2,True,1.0,3.0,False,False,False,2.0,4,3.0,3,8,54,,True,2,2,37,0.7023897181,8.0,3.0,3.0,2.0,4,False,2,3
6865,2,2,True,1.0,,False,False,True,3.0,2,,1,6,21,,False,1,2,24,1.76086023718,2.0,2.0,2.0,1.0,1,False,2,3
6887,2,2,True,4.0,,False,False,False,3.0,3,3.0,1,6,37,,False,1,1,1,0.728957846550001,1.0,1.0,3.0,2.0,1,True,2,3
6936,2,2,True,2.0,1.0,False,False,False,2.0,3,3.0,3,5,18,,False,1,1,51,1.3542298925,6.0,1.0,3.0,1.0,1,True,2,3
6969,2,3,False,,,False,False,False,,1,,4,2,24,,False,2,1,45,1.15903244742,,,1.0,1.0,2,True,1,3
6983,2,2,True,1.0,,False,False,False,1.0,1,,3,6,59,,False,1,1,30,1.08704869836,2.0,2.0,1.0,3.0,1,True,2,4
6994,2,1,True,1.0,,False,False,False,1.0,2,,4,8,54,,False,2,2,24,0.632222823559998,2.0,2.0,2.0,2.0,2,False,2,3
6999,2,3,True,1.0,,False,False,True,3.0,1,,2,8,48,,True,1,1,51,0.677819669760002,1.0,1.0,1.0,2.0,4,True,2,3
7009,2,2,False,,,False,False,False,,4,3.0,4,8,34,,False,3,2,13,1.5813039142,,,3.0,1.0,3,False,2,3
7013,2,2,True,1.0,,True,False,True,3.0,1,,2,8,60,,False,1,2,28,0.59886952164,1.0,1.0,1.0,3.0,1,False,2,3
7030,2,3,True,1.0,,False,False,False,2.0,3,2.0,3,6,35,,False,1,2,48,0.983031707100002,2.0,2.0,3.0,2.0,1,False,2,3
7096,2,2,True,1.0,,True,False,True,1.0,1,,2,8,39,,False,1,2,51,0.55696094076,1.0,1.0,1.0,2.0,1,False,2,3
7111,2,2,True,2.0,,False,False,False,1.0,2,,1,8,45,,False,3,2,13,1.31190761988,2.0,2.0,2.0,2.0,3,False,2,3
7123,2,2,True,2.0,,True,False,True,1.0,3,1.0,2,4,48,,True,4,1,25,1.4787328113,1.0,1.0,3.0,2.0,4,True,2,1
7130,2,2,True,1.0,,False,False,False,3.0,4,1.0,3,4,36,,False,1,1,34,1.09209328505,1.0,1.0,1.0,2.0,1,True,2,1
7169,2,2,False,,,False,False,False,,1,,2,6,99,3.0,True,1,1,12,1.21437944262,,,1.0,3.0,4,True,2,3
7217,2,2,True,1.0,3.0,False,False,False,2.0,3,1.0,2,7,54,,False,1,1,12,0.4662379581,6.0,3.0,3.0,2.0,1,True,2,3
7265,2,1,True,1.0,,False,False,False,3.0,2,,1,8,51,,False,3,1,13,1.17913277248,2.0,2.0,2.0,2.0,3,True,2,3
7271,2,3,True,1.0,,True,False,True,1.0,1,,3,5,32,,False,1,1,12,1.454015253,1.0,1.0,1.0,1.0,1,True,2,3
7292,2,2,True,1.0,,False,False,True,2.0,4,2.0,3,5,40,,False,1,2,42,0.849478998049998,2.0,2.0,2.0,2.0,1,False,2,1
7326,1,3,True,1.0,1.0,False,False,False,3.0,2,,1,3,82,,False,2,2,37,1.4946189899,6.0,1.0,2.0,3.0,2,False,1,3
7357,1,2,True,1.0,,True,False,True,1.0,1,,2,5,90,,False,1,2,51,0.9978493485,1.0,1.0,1.0,3.0,1,False,2,3
7377,2,1,True,1.0,,False,True,True,3.0,2,,1,7,54,,False,1,2,42,0.606233761579999,2.0,2.0,2.0,2.0,1,False,2,1
7393,2,2,True,1.0,,False,True,False,1.0,1,,2,7,46,,True,4,1,48,0.821558955120002,1.0,1.0,1.0,2.0,4,True,2,3
7410,1,2,True,1.0,,True,False,True,1.0,1,,2,5,85,,False,1,2,51,0.9978493485,1.0,1.0,1.0,3.0,1,False,2,3
7442,2,9,True,1.0,,True,False,True,1.0,3,1.0,2,5,20,,False,1,2,13,1.5067213427,1.0,1.0,3.0,1.0,1,False,2,3
7461,2,2,True,3.0,3.0,False,False,False,2.0,4,3.0,3,5,22,,False,1,1,36,1.41841097195,6.0,3.0,3.0,1.0,1,True,2,1
7480,2,2,True,1.0,,False,False,True,1.0,2,,3,4,18,,True,2,1,34,1.63798867934,2.0,2.0,2.0,1.0,4,True,2,1
7539,2,1,False,,,False,False,False,,1,,2,6,29,,False,1,2,12,1.61774291532,,,1.0,1.0,1,False,2,3
7566,2,3,True,1.0,1.0,False,False,True,3.0,3,2.0,3,7,30,,False,1,1,13,0.627049722049998,6.0,1.0,3.0,1.0,1,True,2,3
7599,2,2,True,1.0,,False,True,True,1.0,2,,3,3,77,,False,1,1,12,1.28813061042,2.0,2.0,2.0,3.0,1,True,1,3
7706,1,1,True,1.0,,False,False,False,2.0,4,3.0,2,7,59,,False,1,2,50,0.584205082100002,2.0,2.0,3.0,3.0,1,False,2,1
7727,1,2,True,2.0,,False,False,True,2.0,2,,3,8,60,,False,1,2,25,0.651849881080001,2.0,2.0,2.0,3.0,1,False,2,1
7728,2,1,True,1.0,,False,False,False,2.0,4,2.0,1,7,38,,False,1,1,26,0.4677948181,2.0,2.0,2.0,2.0,1,True,2,2
7738,2,2,True,1.0,,False,True,True,1.0,2,,1,7,69,,False,1,1,12,0.55936766782,2.0,2.0,2.0,3.0,1,True,2,3
7746,2,2,True,1.0,,False,True,True,1.0,2,,3,5,61,,False,1,2,12,1.0369806955,2.0,2.0,2.0,3.0,1,False,2,3
7747,2,2,False,,,False,False,False,,1,,2,7,38,,False,3,1,36,1.18841110962,,,1.0,2.0,3,True,2,1
7753,2,1,True,2.0,,False,False,True,3.0,4,3.0,3,3,24,,True,4,1,1,1.4015834139,2.0,2.0,3.0,1.0,4,True,1,3
7770,2,2,True,1.0,,False,False,False,2.0,3,2.0,1,7,22,,False,1,2,26,0.69998752815,2.0,2.0,3.0,1.0,1,False,2,2
7794,2,1,False,,,False,False,False,,3,2.0,2,3,38,,False,2,1,13,1.087376897,,,3.0,2.0,2,True,1,3
7803,2,9,True,2.0,9.0,False,False,False,3.0,9,3.0,4,3,42,,False,1,2,40,1.480101695,8.0,3.0,3.0,2.0,1,False,1,3
7835,2,3,True,1.0,,False,False,True,1.0,4,1.0,3,5,46,,False,2,1,37,0.760208053800002,1.0,1.0,1.0,2.0,2,True,2,3
7844,2,2,True,1.0,,False,False,True,1.0,3,1.0,3,7,69,,False,1,2,12,0.5577706329,1.0,1.0,3.0,3.0,1,False,2,3
7856,1,2,False,,,False,False,False,,2,,3,6,75,,False,1,2,42,1.08612637014,,,2.0,3.0,1,False,2,1
7868,2,2,True,1.0,1.0,False,False,False,3.0,3,1.0,3,3,21,,False,1,1,13,1.03511589315,6.0,1.0,3.0,1.0,1,True,1,3
7886,2,1,True,1.0,,False,True,True,2.0,2,,3,3,67,,False,2,1,12,1.34335238738,2.0,2.0,2.0,3.0,2,True,1,3
7949,1,2,True,2.0,,True,False,True,1.0,1,,3,3,83,,False,1,2,23,1.44445640052,1.0,1.0,1.0,3.0,1,False,1,1
7966,2,2,True,1.0,,False,False,False,2.0,3,2.0,1,7,25,,False,1,2,55,0.69998752815,2.0,2.0,3.0,1.0,1,False,2,2
7972,2,2,True,1.0,,False,False,True,2.0,3,3.0,2,6,72,,False,1,1,20,0.8380996235,1.0,1.0,3.0,3.0,1,True,2,2
8007,2,3,True,1.0,,False,False,False,3.0,3,2.0,1,8,37,,False,1,1,18,0.4677948181,2.0,2.0,3.0,2.0,1,True,2,2
8034,2,3,False,,,False,False,False,,2,,3,3,19,,False,1,1,20,1.15882809194,,,2.0,1.0,1,True,1,2
8041,1,1,True,1.0,,False,True,False,1.0,2,,3,3,57,,False,1,2,9,1.50110174956,2.0,2.0,2.0,3.0,1,False,1,1
8045,2,3,True,1.0,,True,False,True,1.0,4,1.0,2,2,24,,False,9,1,33,1.19844231565,1.0,1.0,1.0,1.0,9,True,1,1
8052,2,3,False,,,False,False,False,,1,,1,3,29,,False,1,1,44,1.16405963472,,,1.0,1.0,1,True,1,1
8069,2,2,True,1.0,,False,False,False,3.0,3,2.0,3,7,26,,False,1,1,44,0.6567675185,2.0,2.0,3.0,1.0,1,True,2,1
8164,1,2,True,2.0,,False,True,False,3.0,3,2.0,3,8,38,,False,1,2,9,0.54332271085,2.0,2.0,3.0,2.0,1,False,2,1
8182,2,2,True,1.0,,True,False,True,1.0,1,,2,4,47,,False,1,1,18,1.12324474374,1.0,1.0,1.0,2.0,1,True,2,2
8217,1,3,True,1.0,,True,False,True,3.0,1,,2,5,49,,False,1,2,23,0.912072187380001,1.0,1.0,1.0,2.0,1,False,2,1
8310,2,2,True,1.0,,False,False,True,3.0,3,2.0,3,7,33,,False,1,1,26,0.62914356385,2.0,2.0,3.0,1.0,1,True,2,2
8324,2,3,True,1.0,,False,False,False,3.0,3,1.0,3,8,37,,False,1,1,48,0.565108962049998,1.0,1.0,3.0,2.0,1,True,2,3
8338,2,1,True,1.0,2.0,False,False,True,3.0,2,,3,6,39,,True,1,2,48,1.48518227842,6.0,2.0,2.0,2.0,4,False,2,3
8367,2,2,True,1.0,,False,False,False,2.0,3,1.0,2,3,54,,False,1,1,39,1.04615932015,1.0,1.0,3.0,2.0,1,True,1,2
8415,2,1,False,,,False,False,False,,4,3.0,3,2,41,,False,2,1,51,1.087376897,,,3.0,2.0,2,True,1,3
8423,2,2,True,1.0,,True,False,True,3.0,1,,2,6,99,2.0,False,9,2,36,1.00820230056,1.0,1.0,1.0,3.0,9,False,2,1
8432,2,2,True,1.0,,False,False,True,3.0,1,,3,7,44,,False,1,1,48,0.606748569780002,1.0,1.0,1.0,2.0,1,True,2,3
8448,2,2,True,2.0,,False,False,True,3.0,1,,3,6,62,,True,5,2,45,1.35112319976,1.0,1.0,1.0,3.0,4,False,2,3
8458,2,2,True,1.0,,False,False,True,3.0,2,,1,3,40,,False,1,2,37,1.29441296648,2.0,2.0,2.0,2.0,1,False,1,3
8476,2,2,True,1.0,,False,True,True,1.0,2,,1,2,59,,False,1,2,42,1.50110174956,2.0,2.0,2.0,3.0,1,False,1,1
8508,2,2,True,1.0,,True,False,True,3.0,1,,2,5,25,,False,1,1,55,1.45887049278,1.0,1.0,1.0,1.0,1,True,2,2
8521,2,2,True,1.0,,False,True,True,1.0,2,,1,7,35,,False,1,1,34,0.54487837836,2.0,2.0,2.0,2.0,1,True,2,1
8528,2,2,False,,,False,False,False,,1,,2,3,61,,False,1,1,54,1.23952190814,,,1.0,3.0,1,True,1,3
8552,2,2,True,1.0,2.0,False,False,False,2.0,3,3.0,3,7,39,,False,1,2,18,0.5204702984,6.0,2.0,3.0,2.0,1,False,2,2
8554,2,2,True,1.0,,False,False,False,3.0,2,,1,5,19,,False,1,1,36,1.58264803186,2.0,2.0,2.0,1.0,1,True,2,1
8579,1,2,True,4.0,3.0,False,False,True,2.0,3,2.0,3,3,58,,False,1,2,39,1.28874194175,6.0,3.0,3.0,3.0,1,False,1,2
8623,2,3,True,1.0,,False,True,True,2.0,2,,3,8,50,,False,2,2,6,0.599418797919999,2.0,2.0,2.0,2.0,2,False,2,4
8629,1,2,True,2.0,,False,False,False,1.0,2,,1,6,25,,False,2,1,36,1.65049568506,2.0,2.0,2.0,1.0,2,True,2,1
8635,2,1,True,1.0,,False,False,False,2.0,2,,3,8,62,,False,1,2,36,0.651849881080001,2.0,2.0,2.0,3.0,1,False,2,1
8638,2,1,True,1.0,,False,False,False,3.0,3,2.0,1,3,24,,False,1,2,11,1.2062552249,2.0,2.0,3.0,1.0,1,False,1,3
8673,2,3,True,1.0,,False,False,True,3.0,4,1.0,2,8,22,,False,1,1,48,0.760022668899998,1.0,1.0,1.0,1.0,1,True,2,3
8695,2,3,True,1.0,,True,False,True,1.0,4,1.0,2,5,28,,True,1,2,48,2.47279138595001,1.0,1.0,1.0,1.0,4,False,2,3
8762,2,2,True,1.0,,True,False,True,1.0,1,,2,2,50,,False,1,2,48,1.5097037289,1.0,1.0,1.0,2.0,1,False,1,3
8769,2,2,True,1.0,,True,False,True,1.0,1,,3,3,99,3.0,False,1,1,12,1.23952190814,1.0,1.0,1.0,3.0,1,True,1,3
8837,2,1,True,1.0,,False,True,True,3.0,2,,1,2,58,,False,2,1,17,1.3478381028,2.0,2.0,2.0,3.0,2,True,1,2
8859,1,1,True,1.0,,False,False,False,1.0,2,,3,7,62,,False,1,2,21,0.622354600919999,2.0,2.0,2.0,3.0,1,False,2,3
8867,1,2,True,1.0,,False,True,True,1.0,2,,3,8,58,,False,2,2,17,0.651202011199998,2.0,2.0,2.0,3.0,2,False,2,2
8928,1,2,True,1.0,,False,False,False,3.0,1,,3,8,61,,False,1,2,1,0.59886952164,1.0,1.0,1.0,3.0,1,False,2,3
8937,2,1,True,1.0,,False,True,False,2.0,2,,3,7,60,,False,2,2,13,0.649034757460002,2.0,2.0,2.0,3.0,2,False,2,3
8944,2,2,True,1.0,2.0,False,False,False,3.0,3,2.0,3,7,38,,False,1,2,20,0.5204702984,3.0,3.0,3.0,2.0,1,False,2,2
8958,1,3,True,1.0,,True,False,True,2.0,1,,1,6,62,,False,1,2,39,1.0011813621,1.0,1.0,1.0,3.0,1,False,2,2
8985,2,2,True,3.0,,False,False,False,3.0,2,,1,8,49,,False,1,2,40,0.701544136460002,2.0,2.0,2.0,2.0,1,False,2,3
8997,2,2,False,,,False,False,False,,2,,1,8,31,,False,3,1,36,1.66098896744,,,2.0,1.0,3,True,2,1
9144,1,1,True,1.0,,True,False,True,2.0,1,,2,6,52,,False,1,2,1,0.870802217279999,1.0,1.0,1.0,2.0,1,False,2,3
9189,1,2,False,,,False,False,False,,3,1.0,3,4,35,,False,1,2,18,1.16396084965,,,3.0,2.0,1,False,2,2
9209,2,1,True,4.0,,False,False,False,3.0,3,1.0,3,2,32,,False,1,1,54,1.03511589315,1.0,1.0,3.0,1.0,1,True,1,3
9290,1,2,True,1.0,,False,False,False,3.0,4,3.0,3,7,59,,False,1,2,55,0.55963313735,2.0,2.0,3.0,3.0,1,False,2,2
9331,2,3,True,1.0,,False,False,True,1.0,3,9.0,3,7,38,,False,1,1,17,0.4677948181,2.0,2.0,3.0,2.0,1,True,2,2
9379,2,2,True,1.0,,False,False,False,3.0,3,2.0,1,7,42,,False,1,2,42,0.54332271085,2.0,2.0,3.0,2.0,1,False,2,1
9384,2,2,True,1.0,,False,False,True,3.0,4,2.0,3,5,40,,False,9,1,26,0.808478853400001,2.0,2.0,2.0,2.0,9,True,2,2
9530,2,2,True,1.0,2.0,False,False,True,3.0,3,2.0,3,5,46,,False,1,1,19,0.731391979299999,6.0,2.0,3.0,2.0,1,True,2,2
9641,2,2,True,1.0,,False,False,False,3.0,2,,1,8,41,,False,1,2,55,0.58073528032,2.0,2.0,2.0,2.0,1,False,2,2
9731,2,1,True,1.0,2.0,False,False,False,2.0,3,2.0,3,3,23,,True,4,1,6,1.3918384317,6.0,2.0,3.0,1.0,4,True,1,4
9739,2,3,False,,,False,False,False,,1,,2,3,18,,False,1,2,39,1.24066310046,,,1.0,1.0,1,False,1,2
9748,1,2,True,1.0,2.0,False,False,False,3.0,3,3.0,3,6,45,,False,1,2,17,0.813749505650003,6.0,2.0,3.0,2.0,1,False,2,2
9773,1,2,True,1.0,,False,False,False,2.0,4,9.0,4,9,99,1.0,False,9,2,18,0.966935392550001,2.0,2.0,3.0,3.0,9,False,3,2
9791,2,2,True,1.0,,False,False,True,1.0,2,,3,3,44,,False,1,2,34,1.35575914042,2.0,2.0,2.0,2.0,1,False,1,1
9900,1,3,True,1.0,,False,False,True,3.0,1,,2,8,42,,False,1,1,47,0.50059233396,1.0,1.0,1.0,2.0,1,True,2,3
9955,2,3,True,1.0,,True,False,True,1.0,1,,2,5,53,,False,1,1,39,0.785284019879998,1.0,1.0,1.0,2.0,1,True,2,2
9966,2,2,True,1.0,,False,True,True,1.0,2,,1,8,48,,False,1,2,51,0.578802546279999,2.0,2.0,2.0,2.0,1,False,2,3
10079,1,1,True,1.0,,False,False,False,3.0,2,,1,5,51,,False,1,2,39,0.907973132619999,2.0,2.0,2.0,2.0,1,False,2,2
10192,1,2,True,3.0,2.0,False,False,False,2.0,3,1.0,2,3,36,,False,1,2,27,1.16396084965,6.0,2.0,3.0,2.0,1,False,1,2
10238,2,2,True,2.0,,False,False,False,3.0,2,,1,8,45,,False,1,2,39,0.58073528032,2.0,2.0,2.0,2.0,1,False,2,2
10297,1,3,True,3.0,2.0,False,False,False,2.0,3,1.0,2,7,49,,False,1,2,27,0.5204702984,6.0,2.0,3.0,2.0,1,False,2,2
10356,2,2,True,1.0,2.0,False,False,True,2.0,3,2.0,3,3,27,,False,1,1,26,1.03857234655,6.0,2.0,3.0,1.0,1,True,1,2
10501,2,3,False,,,False,False,False,,4,1.0,3,8,41,,False,3,1,49,1.28086989025,,,1.0,2.0,3,True,2,4
10512,1,2,True,1.0,,False,False,False,2.0,3,3.0,3,3,30,,False,1,2,39,1.15551955435,1.0,1.0,3.0,1.0,1,False,1,2
10644,2,2,True,1.0,,False,False,False,3.0,3,2.0,3,7,29,,False,1,2,12,0.697657912499997,2.0,2.0,3.0,1.0,1,False,2,3
10903,2,3,True,1.0,,False,False,True,3.0,9,1.0,2,3,42,,False,5,1,41,2.470410597,1.0,1.0,1.0,2.0,9,True,1,4
11160,2,1,True,1.0,,False,False,False,3.0,3,1.0,3,7,40,,False,1,2,48,0.628742386449999,1.0,1.0,3.0,2.0,1,False,2,3
11361,2,2,True,1.0,,False,False,True,3.0,1,,1,7,33,,False,1,2,17,0.751565556539998,2.0,2.0,1.0,1.0,1,False,2,2
11375,1,2,True,1.0,,False,False,True,1.0,2,,1,7,42,,False,2,2,55,0.60563123002,2.0,2.0,2.0,2.0,2,False,2,2
11528,1,3,True,1.0,,True,False,True,1.0,1,,2,5,36,,False,1,1,26,0.785284019879998,1.0,1.0,1.0,2.0,1,True,2,2
11540,2,3,True,1.0,,False,False,False,3.0,4,2.0,1,7,28,,False,1,1,18,0.62914356385,2.0,2.0,2.0,1.0,1,True,2,2
11541,2,2,True,1.0,,False,False,True,2.0,2,,1,7,36,,False,2,2,17,0.60563123002,2.0,2.0,2.0,2.0,2,False,2,2
11553,1,1,True,1.0,,False,True,True,3.0,2,,3,4,38,,False,1,2,55,1.29873526382,2.0,2.0,2.0,2.0,1,False,2,2
11598,1,2,True,1.0,,True,False,True,3.0,3,1.0,2,3,54,,False,1,2,18,1.16396084965,1.0,1.0,3.0,2.0,1,False,1,2
11616,1,2,True,1.0,,False,False,False,2.0,3,2.0,1,7,50,,False,1,2,20,0.5204702984,1.0,1.0,3.0,2.0,1,False,2,2
11640,1,1,False,,,False,False,False,,2,,2,3,20,,True,1,2,20,1.74578007192,,,2.0,1.0,4,False,1,2
11685,1,2,True,1.0,,True,False,False,2.0,1,,3,3,99,2.0,False,1,2,18,1.24972638594,1.0,1.0,1.0,3.0,1,False,1,2
11855,1,3,True,1.0,2.0,False,False,True,1.0,3,2.0,1,5,21,,False,1,2,29,1.5117525788,8.0,2.0,3.0,1.0,1,False,2,2
11950,1,3,True,1.0,,False,False,True,1.0,2,,2,7,26,,True,4,1,20,0.950521600460002,1.0,1.0,2.0,1.0,4,True,2,2
11962,1,1,True,1.0,,False,False,True,1.0,2,,3,7,44,,False,1,1,32,0.63054263134,2.0,2.0,2.0,2.0,1,True,2,4
11966,2,2,False,,,False,False,False,,2,,1,5,20,,True,1,2,4,2.75911459906,,,2.0,1.0,4,False,2,4
11977,1,1,True,2.0,,False,True,True,3.0,2,,3,3,54,,False,1,2,41,1.2854131234,2.0,2.0,2.0,2.0,1,False,1,4
11984,1,2,True,1.0,,False,True,True,1.0,2,,1,8,53,,False,1,1,6,0.51660637742,2.0,2.0,2.0,2.0,1,True,2,4
11985,1,1,False,,,False,False,False,,1,,1,3,51,,False,1,1,6,1.11172274622,,,1.0,2.0,1,True,1,4
11987,1,2,True,1.0,,False,False,False,1.0,2,,3,7,42,,False,1,1,6,0.51660637742,2.0,2.0,2.0,2.0,1,True,2,4
11996,2,1,True,1.0,,True,False,True,3.0,1,,2,3,88,,False,2,2,12,1.4382182733,1.0,1.0,1.0,3.0,2,False,1,3
12006,2,3,True,1.0,,False,False,False,3.0,1,,3,8,40,,False,1,2,36,0.583357015859998,1.0,1.0,1.0,2.0,1,False,2,1
12010,2,2,True,1.0,,False,False,False,1.0,2,,3,6,71,,False,1,2,36,1.08612637014,2.0,2.0,2.0,3.0,1,False,2,1
12022,2,2,True,1.0,,False,False,True,1.0,1,,2,6,53,,False,1,2,12,0.870802217279999,1.0,1.0,1.0,2.0,1,False,2,3
12029,2,2,True,1.0,,True,False,True,3.0,1,,1,3,55,,False,1,1,9,1.29826662738,1.0,1.0,1.0,3.0,1,True,1,1
12035,2,2,True,1.0,,False,False,True,3.0,2,,1,8,80,,False,1,1,24,0.58587780566,2.0,2.0,2.0,3.0,1,True,2,3
12048,2,3,True,1.0,,False,False,False,1.0,1,,2,3,37,,False,1,1,42,1.17256331658,1.0,1.0,1.0,2.0,1,True,1,1
12049,2,2,True,1.0,,False,False,False,3.0,2,,1,7,30,,False,1,2,36,0.815331968120002,2.0,2.0,2.0,1.0,1,False,2,1
12065,2,3,True,1.0,,False,True,True,3.0,2,,1,7,37,,False,2,1,17,0.54433682754,2.0,2.0,2.0,2.0,2,True,2,2
12070,2,1,False,,,False,False,False,,3,3.0,2,7,30,,False,2,1,37,0.653931158599999,,,3.0,1.0,2,True,2,3
12073,2,1,False,,,False,False,False,,3,3.0,3,3,23,,False,1,2,42,1.2062552249,,,3.0,1.0,1,False,1,1
12085,2,3,False,,,False,False,False,,3,1.0,3,3,18,,True,1,1,17,1.4062635737,,,3.0,1.0,4,True,1,2
12099,2,3,True,1.0,,True,False,True,1.0,1,,2,5,39,,False,1,1,47,0.78267052998,1.0,1.0,1.0,2.0,1,True,2,3
12131,2,2,True,2.0,2.0,False,False,False,3.0,3,2.0,3,5,25,,True,1,1,12,1.83367501945,6.0,2.0,3.0,1.0,4,True,2,3
12132,2,2,True,1.0,,True,False,True,1.0,1,,3,8,99,3.0,False,3,2,28,1.35739120992,1.0,1.0,1.0,3.0,3,False,2,3
12212,2,2,True,1.0,,True,False,False,3.0,1,,2,6,53,,False,1,2,1,0.870802217279999,1.0,1.0,1.0,2.0,1,False,2,3
12213,2,1,False,,,False,False,False,,2,,1,5,67,,False,1,1,26,0.935142737800002,,,2.0,3.0,1,True,2,2
12230,1,1,True,2.0,,False,False,True,3.0,3,1.0,2,8,71,,False,1,2,17,0.55963313735,1.0,1.0,3.0,3.0,1,False,2,2
12234,2,2,True,1.0,,True,False,False,1.0,1,,3,8,29,,False,1,2,47,0.749064285,1.0,1.0,1.0,1.0,1,False,2,3
12260,1,1,True,2.0,,False,True,True,1.0,4,1.0,2,8,34,,False,2,2,36,0.762047884599999,2.0,2.0,1.0,1.0,2,False,2,1
12286,2,2,False,,,False,False,False,,4,3.0,1,4,26,,True,4,1,44,1.46800872205,,,3.0,1.0,4,True,2,1
12309,2,2,False,,,False,False,False,,3,1.0,3,6,59,,False,1,1,12,0.83531035985,,,3.0,3.0,1,True,2,3
12428,2,2,False,,,False,False,False,,2,,1,7,23,,False,1,1,26,0.70199176598,,,2.0,1.0,1,True,2,2
12526,2,2,True,1.0,,False,True,True,1.0,3,2.0,3,6,67,,False,1,2,42,0.973415143049998,2.0,2.0,3.0,3.0,1,False,2,1
12566,1,2,True,1.0,,False,True,False,1.0,3,2.0,3,8,63,,False,2,2,1,0.581682093950002,2.0,2.0,3.0,3.0,2,False,2,3
12575,1,2,True,1.0,,False,False,True,3.0,2,,1,3,89,,False,1,2,40,1.73710076330001,2.0,2.0,2.0,3.0,1,False,1,3
12688,2,1,True,3.0,,False,False,True,3.0,1,,2,3,59,,False,1,2,18,1.3837018743,1.0,1.0,1.0,3.0,1,False,1,2
12716,1,2,True,1.0,,False,False,False,2.0,3,2.0,3,6,61,,False,1,2,36,0.973415143049998,2.0,2.0,3.0,3.0,1,False,2,1
12758,1,2,True,2.0,,False,True,True,1.0,2,,3,8,65,,False,2,2,51,0.649034757460002,2.0,2.0,2.0,3.0,2,False,2,3
12779,1,2,True,2.0,,False,True,True,1.0,2,,3,7,67,,False,1,1,36,0.58587780566,2.0,2.0,2.0,3.0,1,True,2,1
12813,1,2,True,1.0,1.0,True,False,False,3.0,3,1.0,2,4,99,3.0,False,1,2,18,1.28874194175,9.0,1.0,3.0,3.0,1,False,2,2
12814,2,3,True,1.0,,True,False,True,1.0,1,,2,6,63,,False,5,1,12,2.03281218750001,1.0,1.0,1.0,3.0,9,True,2,3
12874,1,1,True,1.0,,False,False,True,3.0,1,,2,8,64,,False,1,2,45,0.59886952164,1.0,1.0,1.0,3.0,1,False,2,3
12936,1,3,True,1.0,,False,True,True,1.0,3,2.0,1,5,69,,False,2,2,48,1.1747434418,2.0,2.0,3.0,3.0,2,False,2,3
12959,2,3,True,1.0,,False,False,True,3.0,3,1.0,2,6,29,,False,1,2,39,1.5117525788,1.0,1.0,3.0,1.0,1,False,2,2
12984,1,2,True,1.0,,False,False,True,3.0,2,,1,8,73,,False,1,2,39,0.624432763780002,2.0,2.0,2.0,3.0,1,False,2,2
13025,2,3,True,1.0,,True,False,True,1.0,1,,2,8,68,,False,1,1,12,0.53825945394,1.0,1.0,1.0,3.0,1,True,2,3
13048,2,3,True,1.0,,False,False,True,3.0,2,,3,8,30,,False,1,2,37,0.778439355,2.0,2.0,2.0,1.0,1,False,2,3
13128,2,1,False,,,False,False,False,,4,1.0,2,3,73,,False,1,1,18,1.15831163475,,,1.0,3.0,1,True,1,2
13137,1,2,True,1.0,,True,False,True,1.0,1,,2,7,63,,False,1,2,39,0.600869263259999,1.0,1.0,1.0,3.0,1,False,2,2
13220,1,2,True,1.0,2.0,False,False,False,3.0,3,2.0,1,5,22,,False,1,1,39,1.35875192955,6.0,2.0,3.0,1.0,1,True,2,2
13226,1,2,False,,,False,False,False,,3,2.0,1,8,46,,False,1,2,26,0.5204702984,,,3.0,2.0,1,False,2,2
13275,1,2,True,1.0,,False,False,True,1.0,2,,1,7,33,,False,1,1,34,0.732814283800002,2.0,2.0,2.0,1.0,1,True,2,1
13304,2,1,True,2.0,,True,False,False,1.0,1,,3,9,74,,False,1,2,13,0.93606880734,1.0,1.0,1.0,3.0,1,False,3,3
13317,1,1,True,1.0,,True,False,False,3.0,1,,3,3,63,,False,1,2,29,1.3837018743,1.0,1.0,1.0,3.0,1,False,1,2
13318,1,2,True,1.0,3.0,False,False,False,3.0,2,,3,3,67,,False,1,2,54,1.43317902928,6.0,3.0,2.0,3.0,1,False,1,3
13334,1,2,True,1.0,,False,False,True,3.0,4,1.0,2,6,49,,False,1,1,36,0.763505380299999,1.0,1.0,1.0,2.0,1,True,2,1
13417,2,1,False,,,False,False,False,,3,2.0,3,3,57,,False,1,1,51,1.15445667915,,,3.0,3.0,1,True,1,3
13432,2,2,True,1.0,,False,True,True,3.0,2,,1,3,69,,False,2,1,13,1.34335238738,2.0,2.0,2.0,3.0,2,True,1,3
13437,1,2,True,2.0,,False,False,False,3.0,4,2.0,3,5,99,3.0,False,1,1,20,0.8380996235,2.0,2.0,2.0,3.0,1,True,2,2
13458,2,1,False,,,False,False,False,,3,3.0,3,3,57,,False,1,2,39,1.28874194175,,,3.0,3.0,1,False,1,2
13495,2,1,False,,,False,False,False,,2,,2,3,61,,False,2,2,12,1.4946189899,,,2.0,3.0,2,False,1,3
13554,2,1,True,1.0,,False,False,True,3.0,2,,3,3,74,,False,2,2,42,1.5654535376,2.0,2.0,2.0,3.0,2,False,1,1
13568,2,2,True,1.0,,False,False,True,3.0,3,2.0,1,7,22,,False,3,1,13,1.42126415065,2.0,2.0,3.0,1.0,3,True,2,3
13602,1,2,True,1.0,,False,False,True,1.0,3,1.0,2,6,81,,False,1,1,6,0.829502581400001,1.0,1.0,3.0,3.0,1,True,2,4
13660,2,2,True,1.0,,False,False,True,3.0,1,,2,6,57,,False,1,2,26,1.0011813621,1.0,1.0,1.0,3.0,1,False,2,2
13663,2,2,True,1.0,,False,False,True,3.0,1,,3,7,30,,False,1,1,47,0.673253385780002,1.0,1.0,1.0,1.0,1,True,2,3
13664,1,2,True,3.0,,True,False,False,3.0,4,1.0,2,1,59,,True,4,2,48,2.10801027765,1.0,1.0,1.0,3.0,4,False,1,3
13674,2,2,True,1.0,3.0,False,False,True,3.0,4,3.0,3,6,50,,False,1,2,26,0.813749505650003,8.0,3.0,3.0,2.0,1,False,2,2
13755,2,1,False,,,False,False,False,,3,3.0,3,3,21,,False,9,2,39,1.2773084077,,,3.0,1.0,9,False,1,2
13760,2,2,True,1.0,1.0,False,False,True,3.0,1,,3,6,34,,False,1,1,39,1.45887049278,3.0,3.0,1.0,1.0,1,True,2,2
13770,1,2,True,1.0,,False,False,True,3.0,1,,2,5,78,,False,1,2,22,0.9978493485,1.0,1.0,1.0,3.0,1,False,2,3
13785,2,2,False,,,False,False,False,,3,2.0,1,7,32,,True,2,1,12,0.849047431100002,,,3.0,1.0,4,True,2,3
13820,2,3,True,1.0,,True,False,True,1.0,3,1.0,2,3,44,,False,1,1,13,1.0426776167,1.0,1.0,3.0,2.0,1,True,1,3
13860,1,3,True,1.0,,True,False,True,1.0,1,,2,7,67,,False,1,1,48,0.65240342502,1.0,1.0,1.0,3.0,1,True,2,3
13902,2,2,True,1.0,1.0,False,False,False,2.0,1,,2,8,59,,False,1,1,24,0.56376920922,8.0,1.0,1.0,3.0,1,True,2,3
13935,2,1,True,1.0,,False,False,True,9.0,4,9.0,4,8,34,,True,4,2,51,0.944653410449999,2.0,2.0,3.0,1.0,4,False,2,3
13971,2,1,True,1.0,,True,False,True,1.0,1,,2,5,21,,False,1,2,37,1.61774291532,1.0,1.0,1.0,1.0,1,False,2,3
14011,2,1,False,,,False,False,False,,3,3.0,3,3,46,,False,2,1,12,1.087376897,,,3.0,2.0,2,True,1,3
14054,2,2,True,1.0,,False,False,True,1.0,2,,3,5,25,,True,1,1,4,2.47987159848001,2.0,2.0,2.0,1.0,4,True,2,4
14072,1,3,True,1.0,,True,False,True,1.0,1,,2,7,54,,True,1,2,39,0.756662986140002,1.0,1.0,1.0,2.0,4,False,2,2
14076,2,2,True,1.0,,False,False,False,3.0,2,,3,6,30,,False,1,1,17,1.51608110034,1.0,1.0,2.0,1.0,1,True,2,2
14082,2,1,False,,,False,False,False,,3,3.0,3,7,30,,False,1,2,41,0.692807210599999,,,3.0,1.0,1,False,2,4
14084,1,3,True,1.0,,False,False,True,3.0,1,,2,7,43,,False,1,2,48,0.675070772820003,1.0,1.0,1.0,2.0,1,False,2,3
14086,1,2,True,1.0,,True,False,True,1.0,3,3.0,3,6,52,,False,1,2,19,0.813749505650003,1.0,1.0,3.0,2.0,1,False,2,2
14097,1,1,True,1.0,,False,True,False,1.0,3,2.0,3,7,61,,False,2,2,29,0.583624444,2.0,2.0,3.0,3.0,2,False,2,2
14098,2,2,True,1.0,,True,False,True,3.0,1,,2,8,52,,False,1,1,35,0.606748569780002,1.0,1.0,1.0,2.0,1,True,2,4
14114,1,2,True,1.0,,True,False,True,1.0,1,,2,6,55,,False,1,2,21,0.9978493485,1.0,1.0,1.0,3.0,1,False,2,3
14125,2,3,True,1.0,,True,False,False,3.0,1,,2,3,30,,True,1,1,37,1.50485798124,1.0,1.0,1.0,1.0,4,True,1,3
14143,2,2,True,1.0,,True,False,True,1.0,3,1.0,3,8,77,,False,1,1,48,0.607630640950002,1.0,1.0,3.0,3.0,1,True,2,3
14148,2,3,True,1.0,1.0,False,False,False,3.0,3,1.0,3,3,32,,False,1,1,41,1.02791890025,6.0,1.0,3.0,1.0,1,True,1,4
14183,2,3,False,,,False,False,False,,4,1.0,2,3,30,,False,1,1,30,1.2546238612,,,1.0,1.0,1,True,1,4
14203,2,2,True,1.0,9.0,False,False,False,3.0,4,3.0,3,7,56,,False,2,2,45,0.581682093950002,9.0,3.0,3.0,3.0,2,False,2,3
14238,2,2,False,,,False,False,False,,1,,2,5,53,,False,1,1,18,0.785284019879998,,,1.0,2.0,1,True,2,2
14275,2,2,True,1.0,,False,True,True,1.0,3,2.0,3,3,74,,False,1,2,46,1.28874194175,2.0,2.0,3.0,3.0,1,False,1,2
14305,2,2,True,1.0,,False,False,False,3.0,2,,1,3,34,,False,1,1,1,1.15497141762,2.0,2.0,2.0,1.0,1,True,1,3
14326,2,2,True,2.0,2.0,False,False,False,2.0,4,3.0,3,7,32,,False,1,2,27,0.69998752815,8.0,2.0,3.0,1.0,1,False,2,2
14347,2,2,False,,,False,False,False,,3,3.0,3,7,48,,False,1,1,24,0.4883343957,,,3.0,2.0,1,True,2,3
14409,2,2,True,1.0,,False,True,True,1.0,3,2.0,3,7,54,,False,1,2,8,0.628742386449999,2.0,2.0,3.0,2.0,1,False,2,4
14427,2,1,False,,,False,False,False,,2,,3,3,99,2.0,True,4,1,6,1.56434362856,,,2.0,3.0,4,True,1,4
14443,1,2,True,1.0,,False,True,True,1.0,2,,3,5,69,,False,2,1,5,0.971986377859998,2.0,2.0,2.0,3.0,2,True,2,3
14474,2,1,False,,,False,False,False,,9,2.0,1,3,24,,True,4,1,6,1.465093086,,,2.0,1.0,4,True,1,4
14485,2,2,True,1.0,,False,False,True,1.0,2,,3,8,61,,False,1,2,18,0.624432763780002,2.0,2.0,2.0,3.0,1,False,2,2
14488,2,2,True,2.0,9.0,False,False,True,3.0,2,,2,6,68,,False,2,1,22,0.971986377859998,9.0,3.0,2.0,3.0,2,True,2,3
14492,2,2,True,3.0,9.0,False,False,True,2.0,2,,3,6,63,,False,9,1,6,1.02310091664,9.0,3.0,2.0,3.0,9,True,2,4
14504,2,2,True,1.0,,False,False,False,2.0,3,2.0,3,8,72,,False,1,2,6,0.55389254385,2.0,2.0,3.0,3.0,1,False,2,4
14507,2,2,False,,,False,False,False,,4,1.0,1,3,28,,False,1,2,41,1.1436664889,,,1.0,1.0,1,False,1,4
14508,2,3,False,,,False,False,False,,3,2.0,3,6,25,,True,1,1,35,2.22252643259999,,,3.0,1.0,4,True,2,4
14555,2,2,True,1.0,,True,False,True,3.0,1,,2,3,55,,False,1,1,8,1.50237647016,1.0,1.0,1.0,3.0,1,True,1,4
14559,2,2,False,,,False,False,False,,3,1.0,2,2,43,,False,5,1,55,2.37121345295001,,,3.0,2.0,9,True,1,2
14568,2,2,True,1.0,,True,False,True,1.0,1,,2,8,71,,False,1,1,6,0.53451702294,1.0,1.0,1.0,3.0,1,True,2,4
14584,2,2,False,,,False,False,False,,3,1.0,2,3,43,,False,1,2,28,1.1600870926,,,3.0,2.0,1,False,1,3
14599,2,2,True,1.0,,False,False,False,3.0,1,,3,3,99,2.0,False,1,1,26,1.12324474374,1.0,1.0,1.0,3.0,1,True,1,2
14605,2,2,True,1.0,2.0,False,False,True,3.0,3,1.0,2,7,54,,False,1,1,18,0.4677948181,8.0,2.0,3.0,2.0,1,True,2,2
14633,1,2,True,1.0,,False,False,True,3.0,1,,3,3,72,,False,1,2,22,1.37909680176,1.0,1.0,1.0,3.0,1,False,1,3
14647,2,3,True,2.0,2.0,False,False,False,1.0,4,2.0,3,3,24,,False,1,2,30,1.39589929315,8.0,2.0,2.0,1.0,1,False,1,4
14656,2,2,True,1.0,,False,False,True,1.0,3,3.0,3,5,57,,False,1,2,55,0.932472837250001,1.0,1.0,3.0,3.0,1,False,2,2
14658,2,2,False,,,False,False,False,,9,1.0,2,5,30,,False,1,1,48,1.727799551,,,1.0,1.0,1,True,2,3
14712,2,2,True,1.0,,True,False,True,3.0,4,1.0,2,3,53,,False,1,1,53,1.03542804795,1.0,1.0,1.0,2.0,1,True,1,4
14717,2,2,True,1.0,2.0,False,False,False,2.0,3,1.0,3,7,49,,False,1,1,4,0.565108962049998,8.0,2.0,3.0,2.0,1,True,2,4
14745,2,1,True,3.0,9.0,False,False,False,3.0,3,9.0,4,3,23,,False,2,2,24,1.257967029,8.0,3.0,3.0,1.0,2,False,1,3
14759,2,2,True,1.0,,False,False,False,3.0,3,1.0,3,5,49,,True,1,2,6,1.09054303135,1.0,1.0,3.0,2.0,4,False,2,4
14780,2,2,True,2.0,,True,False,False,3.0,1,,2,5,35,,False,1,1,30,0.948644619899998,1.0,1.0,1.0,2.0,1,True,2,4
14813,1,2,False,,,False,False,False,,4,3.0,2,3,53,,False,9,2,6,1.27344133105,,,3.0,2.0,9,False,1,4
14836,2,1,True,2.0,,False,False,True,3.0,3,2.0,3,7,26,,True,4,1,35,1.02909748925,2.0,2.0,3.0,1.0,4,True,2,4
14862,2,3,True,1.0,2.0,False,False,True,3.0,3,3.0,3,8,37,,False,2,2,22,0.54097628115,8.0,2.0,3.0,2.0,2,False,2,3
14877,2,2,True,1.0,,False,False,False,1.0,2,,1,8,51,,False,1,2,30,0.701544136460002,2.0,2.0,2.0,2.0,1,False,2,4
14885,2,2,True,1.0,9.0,False,False,True,3.0,3,3.0,3,3,50,,False,3,2,15,2.61115883940001,8.0,3.0,3.0,2.0,3,False,1,4
14889,2,2,True,1.0,,False,False,True,3.0,4,2.0,1,5,38,,False,1,2,41,0.805402242299999,2.0,2.0,2.0,2.0,1,False,2,4
14961,1,2,True,1.0,,False,False,False,2.0,3,2.0,3,8,37,,False,2,2,48,0.65569638685,2.0,2.0,3.0,2.0,2,False,2,3
14962,2,2,True,1.0,,False,True,False,1.0,4,1.0,2,5,26,,False,2,1,6,1.4024659354,2.0,2.0,1.0,1.0,2,True,2,4
15050,1,2,True,4.0,,False,False,True,3.0,1,,3,7,36,,False,3,2,48,1.53010814652,1.0,1.0,1.0,2.0,3,False,2,3
15056,2,3,True,1.0,,False,False,True,1.0,4,2.0,2,6,24,,True,4,1,6,1.82092577435,2.0,2.0,2.0,1.0,4,True,2,4
15062,1,2,True,1.0,,False,True,True,1.0,2,,3,8,42,,False,1,1,27,0.52196053388,2.0,2.0,2.0,2.0,1,True,2,2
15066,1,2,True,1.0,2.0,False,False,True,3.0,2,,2,6,51,,False,1,2,53,0.898659344040001,3.0,3.0,2.0,2.0,1,False,2,4
15070,2,3,True,1.0,3.0,False,False,False,2.0,3,3.0,1,5,31,,True,4,1,6,1.82092577435,8.0,3.0,3.0,1.0,4,True,2,4
15133,1,2,True,1.0,,False,False,False,3.0,2,,3,8,52,,False,1,1,5,0.52022340588,2.0,2.0,2.0,2.0,1,True,2,3
15160,2,2,True,1.0,,False,True,False,3.0,2,,1,7,32,,True,4,2,29,1.05755395778,2.0,2.0,2.0,1.0,4,False,2,2
15161,1,2,False,,,False,False,False,,2,,1,3,38,,True,4,2,6,1.74049468826,,,2.0,2.0,4,False,1,4
15167,1,2,True,1.0,,False,False,True,1.0,3,2.0,3,8,53,,False,1,1,6,0.46299628165,2.0,2.0,3.0,2.0,1,True,2,4
15179,1,2,True,1.0,,False,False,False,3.0,3,1.0,2,7,18,,False,1,2,41,0.692807210599999,1.0,1.0,3.0,1.0,1,False,2,4
15217,2,1,True,1.0,1.0,False,False,True,1.0,1,,2,5,28,,True,1,1,6,1.95509925246001,3.0,3.0,1.0,1.0,4,True,2,4
15220,1,1,True,1.0,,False,True,False,1.0,3,2.0,2,7,99,2.0,False,2,2,5,0.54097628115,2.0,2.0,3.0,3.0,2,False,2,3
15231,2,3,True,1.0,,True,False,False,1.0,1,,2,3,29,,False,1,2,48,1.49875503054,1.0,1.0,1.0,1.0,1,False,1,3
15244,2,2,False,,,False,False,False,,3,1.0,1,5,37,,True,4,1,6,0.9801719335,,,3.0,2.0,4,True,2,4
15247,2,2,True,1.0,,False,True,True,1.0,2,,3,3,54,,True,4,1,35,1.90935573257999,2.0,2.0,2.0,2.0,4,True,1,4
15264,2,2,True,1.0,,False,True,True,1.0,2,,3,8,47,,False,3,2,6,1.30278613862,2.0,2.0,2.0,2.0,3,False,2,4
15271,1,2,False,,,False,False,False,,3,1.0,2,2,52,,False,1,2,48,1.40609661025,,,3.0,2.0,1,False,1,3
15294,2,3,True,1.0,2.0,False,False,True,1.0,2,,3,7,23,,False,2,2,48,0.983964435100002,9.0,2.0,2.0,1.0,2,False,2,3
15309,1,3,True,1.0,,True,False,True,1.0,4,1.0,2,7,44,,False,1,1,48,0.565108962049998,1.0,1.0,1.0,2.0,1,True,2,3
15314,2,3,True,1.0,1.0,False,False,False,2.0,4,1.0,3,7,26,,False,1,1,4,0.760022668899998,3.0,3.0,1.0,1.0,1,True,2,4
15320,1,2,True,4.0,3.0,False,False,False,3.0,4,2.0,1,8,43,,False,3,2,6,1.16759135065,4.0,4.0,2.0,2.0,3,False,2,4
15336,1,3,True,1.0,,False,False,True,3.0,2,,1,8,35,,False,2,1,29,0.54433682754,2.0,2.0,2.0,2.0,2,True,2,2
15340,2,2,True,1.0,,True,False,False,3.0,1,,2,7,52,,False,1,1,16,0.606748569780002,1.0,1.0,1.0,2.0,1,True,2,4
15354,1,2,True,1.0,,False,True,False,3.0,3,3.0,1,7,54,,False,1,2,48,0.628742386449999,2.0,2.0,3.0,2.0,1,False,2,3
15358,1,1,True,1.0,,False,False,False,2.0,1,,4,6,50,,False,1,2,22,0.870802217279999,1.0,1.0,1.0,2.0,1,False,2,3
15369,2,3,True,1.0,,False,False,True,3.0,4,1.0,3,7,33,,False,1,1,8,0.760022668899998,1.0,1.0,1.0,1.0,1,True,2,4
15370,1,3,True,1.0,,True,False,True,3.0,1,,2,3,36,,False,1,1,29,1.12324474374,1.0,1.0,1.0,2.0,1,True,1,2
15371,1,2,True,1.0,,False,False,False,3.0,3,1.0,3,7,41,,True,1,1,53,0.626913288749999,2.0,2.0,3.0,2.0,4,True,2,4
15380,1,1,False,,,False,False,False,,4,2.0,3,3,40,,False,2,2,40,1.4663755552,,,2.0,2.0,2,False,1,3
15383,2,2,True,2.0,,False,False,False,2.0,2,,3,7,32,,True,4,2,6,1.04670580224,2.0,2.0,2.0,1.0,4,False,2,4
15418,1,2,True,2.0,1.0,False,False,False,2.0,1,,3,7,54,,False,1,2,6,0.55308848118,6.0,1.0,1.0,2.0,1,False,2,4
15429,1,2,True,1.0,,True,False,True,1.0,3,1.0,2,6,50,,False,1,1,2,0.723889520550001,1.0,1.0,3.0,2.0,1,True,2,4
15451,2,1,False,,,False,False,False,,4,2.0,1,5,39,,False,1,2,16,0.983031707100002,,,2.0,2.0,1,False,2,4
15455,1,1,True,1.0,,False,True,True,1.0,2,,2,7,44,,True,4,2,4,0.949915494579999,2.0,2.0,2.0,2.0,4,False,2,4
15467,1,2,True,1.0,,False,False,True,1.0,3,2.0,1,7,52,,False,1,1,6,0.46299628165,2.0,2.0,3.0,2.0,1,True,2,4
15547,2,2,True,3.0,,False,False,True,3.0,2,,3,6,27,,True,4,2,4,2.75911459906,2.0,2.0,2.0,1.0,4,False,2,4
15582,1,3,False,,,False,False,False,,1,,2,3,20,,False,1,1,49,1.34706982992,,,1.0,1.0,1,True,1,4
15585,2,1,True,1.0,,False,False,False,3.0,3,2.0,3,3,50,,False,2,1,6,1.07981654145,2.0,2.0,3.0,2.0,2,True,1,4
15590,1,2,True,1.0,,False,False,False,2.0,1,,3,7,54,,True,4,2,16,0.914069626859998,1.0,1.0,1.0,2.0,4,False,2,4
15593,1,2,True,1.0,,False,False,False,1.0,1,,2,6,50,,False,1,2,53,0.86474767068,1.0,1.0,1.0,2.0,1,False,2,4
15601,1,3,True,1.0,,False,False,False,3.0,9,1.0,3,8,42,,True,4,1,6,0.659908725,1.0,1.0,1.0,2.0,4,True,2,4
15609,2,1,True,2.0,,False,False,False,3.0,4,1.0,3,5,46,,True,4,2,6,1.09054303135,1.0,1.0,1.0,2.0,4,False,2,4
15655,2,1,True,1.0,,False,False,True,1.0,2,,1,7,50,,False,1,2,8,0.701544136460002,2.0,2.0,2.0,2.0,1,False,2,4
15692,1,2,True,1.0,,False,False,False,3.0,2,,3,8,99,1.0,True,1,2,6,1.04670580224,2.0,2.0,2.0,3.0,4,False,2,4
15748,1,1,True,2.0,2.0,False,False,False,2.0,3,3.0,1,6,47,,False,1,2,53,0.805402242299999,6.0,2.0,3.0,2.0,1,False,2,4
15761,2,2,True,2.0,,False,False,False,2.0,3,1.0,3,7,35,,False,1,1,8,0.565108962049998,1.0,1.0,3.0,2.0,1,True,2,4
15768,2,2,False,,,False,False,False,,4,3.0,4,6,42,,True,4,2,4,1.33105958915,,,3.0,2.0,4,False,2,4
15774,1,1,True,1.0,,False,False,True,3.0,4,3.0,1,5,21,,True,4,2,6,2.02596896165,2.0,2.0,3.0,1.0,4,False,2,4
15993,1,1,True,1.0,,False,False,True,3.0,2,,1,7,37,,False,3,2,15,1.30278613862,2.0,2.0,2.0,2.0,3,False,2,4
16056,1,1,True,1.0,,False,False,True,1.0,2,,1,7,23,,True,4,2,6,1.04670580224,2.0,2.0,2.0,1.0,4,False,2,4
16085,1,2,True,1.0,,False,False,True,3.0,3,1.0,2,6,49,,False,1,1,53,0.723889520550001,1.0,1.0,3.0,2.0,1,True,2,4
16096,1,2,True,1.0,,False,False,True,3.0,2,,3,8,53,,False,1,2,6,0.574778225539998,2.0,2.0,2.0,2.0,1,False,2,4
16173,2,2,True,2.0,2.0,False,False,False,3.0,3,3.0,3,5,54,,False,1,2,41,0.805402242299999,8.0,2.0,3.0,2.0,1,False,2,4
16207,1,2,False,,,False,False,False,,2,,3,1,70,,False,1,2,41,1.42321436784,,,2.0,3.0,1,False,1,4
16342,2,1,True,1.0,,False,False,False,3.0,3,9.0,3,8,65,,False,2,1,42,0.54758915325,2.0,2.0,3.0,3.0,2,True,2,1
16395,2,1,True,1.0,,False,False,False,1.0,3,2.0,3,3,18,,False,2,2,51,1.20104580965,2.0,2.0,3.0,1.0,2,False,1,3
16481,2,2,True,1.0,,True,False,True,1.0,1,,2,5,63,,False,1,1,37,0.896859544259999,1.0,1.0,1.0,3.0,1,True,2,3
16618,2,2,True,1.0,,False,False,True,3.0,2,,3,7,60,,False,1,2,51,0.622354600919999,2.0,2.0,2.0,3.0,1,False,2,3
16668,2,1,True,1.0,,True,False,True,3.0,1,,2,3,36,,False,1,2,10,1.30459841814,1.0,1.0,1.0,2.0,1,False,1,3
16742,2,2,False,,,False,False,False,,1,,3,6,41,,False,1,2,36,0.912072187380001,,,1.0,2.0,1,False,2,1
17007,2,3,True,1.0,,False,True,False,3.0,2,,1,7,58,,False,1,1,51,0.55936766782,2.0,2.0,2.0,3.0,1,True,2,3
17032,2,2,True,1.0,,True,False,True,1.0,1,,2,3,72,,False,1,2,13,1.37909680176,1.0,1.0,1.0,3.0,1,False,1,3
17150,1,2,True,2.0,,True,False,False,3.0,1,,2,8,99,3.0,False,1,2,12,0.59886952164,1.0,1.0,1.0,3.0,1,False,2,3
17284,1,2,True,1.0,,True,False,True,1.0,1,,2,5,55,,False,1,2,36,1.04514046938,1.0,1.0,1.0,3.0,1,False,2,1
17315,2,2,True,1.0,,False,False,False,3.0,2,,3,8,51,,False,1,2,45,0.578802546279999,2.0,2.0,2.0,2.0,1,False,2,3
17330,2,2,True,1.0,,False,True,True,3.0,1,,3,8,38,,False,1,2,12,0.55696094076,2.0,2.0,1.0,2.0,1,False,2,3
17384,2,1,False,,,False,False,False,,3,2.0,3,2,61,,False,1,2,12,1.2844529036,,,3.0,3.0,1,False,1,3
17398,2,1,True,1.0,,False,False,True,1.0,3,2.0,3,8,67,,False,1,1,13,0.50132007965,2.0,2.0,3.0,3.0,1,True,2,3
17456,2,2,True,1.0,2.0,False,False,False,3.0,3,3.0,3,3,22,,False,1,2,51,1.1516738907,8.0,2.0,3.0,1.0,1,False,1,3
17483,2,2,False,,,False,False,False,,2,,2,2,85,,True,4,2,6,1.92708243163999,,,2.0,3.0,4,False,1,4
17494,1,2,True,1.0,,False,False,True,9.0,2,,1,7,60,,False,1,1,51,0.55936766782,2.0,2.0,2.0,3.0,1,True,2,3
17545,2,2,True,1.0,,False,True,True,1.0,2,,1,7,43,,False,1,2,42,0.606233761579999,2.0,2.0,2.0,2.0,1,False,2,1
17547,1,3,True,1.0,,True,False,True,3.0,1,,2,4,54,,False,1,1,36,1.17256331658,1.0,1.0,1.0,2.0,1,True,2,1
17603,1,2,False,,,False,False,False,,2,,3,8,45,,False,2,2,36,0.632222823559998,,,2.0,2.0,2,False,2,1
17620,2,2,False,,,False,False,False,,9,9.0,1,3,45,,True,5,2,12,1.653472447,,,3.0,2.0,4,False,1,3
17626,2,1,True,1.0,9.0,False,False,True,1.0,3,3.0,2,3,51,,True,4,2,6,1.55987731495,8.0,3.0,3.0,2.0,4,False,1,4
17689,2,2,True,1.0,,True,False,False,3.0,1,,4,2,44,,False,1,1,12,1.11950649372,1.0,1.0,1.0,2.0,1,True,1,3
17710,1,2,True,2.0,,False,False,True,3.0,1,,1,8,74,,False,3,1,34,1.27783322034,2.0,2.0,1.0,3.0,3,True,2,1
17714,2,1,True,1.0,,False,False,False,1.0,3,3.0,3,8,34,,False,2,1,13,0.653931158599999,2.0,2.0,3.0,1.0,2,True,2,3
17765,2,1,True,1.0,,False,True,False,1.0,2,,3,8,56,,True,1,1,12,0.757403543700001,2.0,2.0,2.0,3.0,4,True,2,3
17844,2,1,False,,,False,False,False,,9,2.0,1,7,33,,True,5,2,6,0.987458304,,,2.0,1.0,4,False,2,4
17887,2,2,True,1.0,,False,False,True,1.0,2,,1,8,25,,False,3,2,12,1.76440226216,2.0,2.0,2.0,1.0,3,False,2,3
17925,1,2,True,1.0,,False,True,True,1.0,3,2.0,3,3,61,,False,1,1,36,1.20916989805,2.0,2.0,3.0,3.0,1,True,1,1
17956,2,2,True,1.0,3.0,False,False,True,1.0,3,2.0,1,3,18,,False,1,2,17,1.15551955435,6.0,3.0,3.0,1.0,1,False,1,2
18011,2,2,True,1.0,,False,False,False,3.0,2,,3,7,46,,False,2,1,12,0.5425252303,2.0,2.0,2.0,2.0,2,True,2,3
18090,2,3,True,1.0,,False,False,True,1.0,3,1.0,2,8,31,,False,1,1,25,0.6567675185,1.0,1.0,3.0,1.0,1,True,2,1
18097,2,2,True,1.0,,False,False,True,3.0,2,,2,7,63,,False,2,2,6,0.644522124400001,2.0,2.0,2.0,3.0,2,False,2,4
18105,2,2,False,,,False,False,False,,4,9.0,1,6,61,,False,9,2,12,1.0273226983,,,3.0,3.0,9,False,2,3
18117,2,2,True,1.0,,False,False,True,1.0,3,3.0,1,7,54,,False,1,2,8,0.628742386449999,2.0,2.0,3.0,2.0,1,False,2,4
18135,2,2,True,1.0,,False,False,True,2.0,1,,3,7,63,,False,1,1,36,0.56376920922,2.0,2.0,1.0,3.0,1,True,2,1
18148,2,2,True,1.0,9.0,False,False,False,9.0,9,9.0,4,8,38,,False,1,2,51,0.546040138,9.0,3.0,3.0,2.0,1,False,2,3
18153,2,2,True,1.0,,True,False,True,3.0,3,1.0,2,7,46,,False,1,2,51,0.5187381311,1.0,1.0,3.0,2.0,1,False,2,3
18173,2,1,False,,,False,False,False,,1,,2,3,58,,True,4,2,12,1.86734569242001,,,1.0,3.0,4,False,1,3
18176,1,2,True,2.0,,False,False,False,2.0,2,,3,3,61,,False,1,2,24,1.50110174956,1.0,1.0,2.0,3.0,1,False,1,3
18177,2,1,True,1.0,,False,False,False,3.0,3,2.0,1,5,20,,False,3,1,50,3.21495504,2.0,2.0,3.0,1.0,3,True,2,1
18185,1,2,True,1.0,,False,False,True,1.0,2,,1,7,66,,False,1,2,42,0.651849881080001,2.0,2.0,2.0,3.0,1,False,2,1
18221,2,1,True,1.0,,False,False,True,3.0,1,,1,6,23,,False,3,1,17,3.30666015359999,2.0,2.0,1.0,1.0,3,True,2,2
18229,2,2,True,1.0,,False,False,False,2.0,3,2.0,3,5,67,,False,1,2,17,0.932472837250001,2.0,2.0,3.0,3.0,1,False,2,2
18235,2,2,True,2.0,3.0,False,False,False,3.0,4,3.0,4,7,30,,False,2,2,36,0.762047884599999,6.0,3.0,3.0,1.0,2,False,2,1
18258,1,2,True,1.0,,True,False,True,3.0,1,,2,8,87,,False,1,2,42,0.62725177236,1.0,1.0,1.0,3.0,1,False,2,1
18268,2,1,True,1.0,,False,True,True,1.0,3,2.0,1,7,51,,False,9,2,47,0.573411825250001,2.0,2.0,3.0,2.0,9,False,2,3
18291,1,2,True,1.0,,False,False,False,1.0,3,2.0,3,2,78,,False,1,2,23,1.3453270397,2.0,2.0,3.0,3.0,1,False,1,1
18337,2,2,True,1.0,,False,False,True,3.0,2,,1,7,31,,False,1,1,8,0.848025293720001,2.0,2.0,2.0,1.0,1,True,2,4
18339,2,3,True,1.0,,False,False,True,1.0,4,1.0,3,8,37,,False,1,2,29,0.5204702984,1.0,1.0,1.0,2.0,1,False,2,2
18350,2,2,True,1.0,,False,False,True,3.0,9,1.0,2,6,40,,False,1,1,17,0.769886294,1.0,1.0,1.0,2.0,1,True,2,2
18355,2,2,True,1.0,,False,True,True,3.0,2,,1,8,75,,False,1,1,6,0.55547847482,2.0,2.0,2.0,3.0,1,True,2,4
18364,2,3,True,1.0,,True,False,True,1.0,1,,2,5,65,,False,1,1,24,0.939364449780002,1.0,1.0,1.0,3.0,1,True,2,3
18366,2,2,True,1.0,,False,False,False,1.0,2,,3,9,42,,False,9,1,6,0.959756957519998,2.0,2.0,2.0,2.0,9,True,3,4
18390,2,2,False,,,False,False,False,,9,9.0,4,3,50,,False,9,1,48,1.470515083,,,3.0,2.0,9,True,1,3
18438,2,3,True,1.0,,True,False,True,3.0,3,2.0,3,8,34,,True,4,1,42,0.889286375899998,1.0,1.0,3.0,1.0,4,True,2,1
18447,2,1,True,1.0,2.0,False,False,False,1.0,4,9.0,1,7,22,,False,1,1,6,0.622689946899998,6.0,2.0,3.0,1.0,1,True,2,4
18467,2,2,True,1.0,,False,True,True,1.0,2,,1,2,58,,False,1,1,8,1.56129319448,2.0,2.0,2.0,3.0,1,True,1,4
18468,2,1,True,1.0,,False,False,False,2.0,2,,1,7,28,,False,1,2,6,0.773026992879998,2.0,2.0,2.0,1.0,1,False,2,4
18482,2,1,False,,,False,False,False,,4,3.0,3,8,38,,False,3,2,17,1.1796923756,,,3.0,2.0,3,False,2,2
18494,2,2,True,1.0,,True,False,True,3.0,3,1.0,2,6,33,,False,1,1,30,1.64140957345,1.0,1.0,3.0,1.0,1,True,2,4
18509,2,1,True,1.0,,False,False,True,1.0,2,,1,5,21,,False,1,1,34,1.58264803186,2.0,2.0,2.0,1.0,1,True,2,1
18513,2,1,True,1.0,,False,False,True,3.0,4,1.0,2,8,55,,False,1,1,6,0.49783448215,1.0,1.0,1.0,3.0,1,True,2,4
18526,2,3,True,1.0,,False,False,True,1.0,3,3.0,3,8,33,,False,1,1,55,0.62914356385,1.0,1.0,3.0,1.0,1,True,2,2
18549,2,2,True,1.0,,False,False,True,2.0,3,2.0,3,7,50,,True,1,1,6,0.626913288749999,2.0,2.0,3.0,2.0,4,True,2,4
18566,2,2,False,,,False,False,False,,2,,2,2,50,,False,1,2,19,1.29873526382,,,2.0,2.0,1,False,1,2
18575,2,2,True,3.0,,False,False,True,3.0,4,2.0,2,7,27,,False,1,1,17,0.62914356385,1.0,1.0,2.0,1.0,1,True,2,2
18590,2,3,True,1.0,,False,False,False,1.0,4,1.0,2,8,43,,True,3,2,9,0.735678106650003,1.0,1.0,1.0,2.0,4,False,2,1
18600,2,3,True,1.0,,False,True,True,3.0,2,,2,3,48,,False,2,2,28,1.34990406718,2.0,2.0,2.0,2.0,2,False,1,3
18608,2,1,True,1.0,,False,True,True,1.0,2,,3,3,55,,False,2,1,21,1.34335238738,2.0,2.0,2.0,3.0,2,True,1,3
18612,2,2,True,1.0,,False,False,False,3.0,3,1.0,2,5,44,,False,1,1,48,0.883541557749999,1.0,1.0,3.0,2.0,1,True,2,3
18614,2,2,True,1.0,,False,False,True,3.0,3,2.0,1,7,71,,False,1,1,15,0.49783448215,2.0,2.0,3.0,3.0,1,True,2,4
18636,2,3,True,1.0,,False,False,True,3.0,3,1.0,2,6,25,,True,4,1,6,1.82092577435,1.0,1.0,3.0,1.0,4,True,2,4
18645,1,2,True,1.0,,False,False,True,3.0,2,,2,3,62,,False,1,2,36,1.50110174956,2.0,2.0,2.0,3.0,1,False,1,1
18652,2,1,True,1.0,,False,False,False,1.0,3,2.0,1,7,50,,False,1,1,15,0.46299628165,2.0,2.0,3.0,2.0,1,True,2,4
18653,2,2,False,,,False,False,False,,1,,3,8,65,,False,1,1,47,0.53825945394,,,1.0,3.0,1,True,2,3
18657,2,2,False,,,False,False,False,,1,,2,2,54,,False,1,2,21,1.24556719416,,,1.0,2.0,1,False,1,3
18670,2,3,True,1.0,,False,False,True,3.0,3,2.0,3,7,50,,False,2,1,39,0.48784904355,2.0,2.0,3.0,2.0,2,True,2,2
18671,2,2,True,1.0,,False,False,False,3.0,3,1.0,2,6,38,,False,1,1,25,0.763505380299999,1.0,1.0,3.0,2.0,1,True,2,1
18680,2,3,True,1.0,,True,False,True,3.0,1,,2,4,33,,False,1,1,26,1.11509872998,1.0,1.0,1.0,1.0,1,True,2,2
18692,2,1,True,2.0,,False,True,True,1.0,2,,1,7,42,,False,2,1,17,0.54433682754,2.0,2.0,2.0,2.0,2,True,2,2
18707,2,2,True,1.0,,False,False,True,3.0,2,,1,8,71,,False,1,1,9,0.58587780566,2.0,2.0,2.0,3.0,1,True,2,1
18713,2,2,True,1.0,,True,False,True,1.0,1,,2,5,61,,False,1,1,17,0.8998543326,1.0,1.0,1.0,3.0,1,True,2,2
18715,2,2,True,1.0,,False,False,False,2.0,2,,3,7,99,2.0,False,2,2,42,0.632222823559998,2.0,2.0,2.0,3.0,2,False,2,1
18718,2,1,True,1.0,2.0,False,False,True,3.0,3,3.0,3,5,43,,False,2,1,9,0.796236629,6.0,2.0,3.0,2.0,2,True,2,1
18763,2,2,True,1.0,,False,False,True,1.0,3,3.0,3,7,45,,False,9,1,6,0.511794925,2.0,2.0,3.0,2.0,9,True,2,4
18765,1,1,False,,,False,False,False,,1,,2,6,77,,False,1,2,25,1.04514046938,,,1.0,3.0,1,False,2,1
18773,2,2,True,1.0,,False,True,True,3.0,2,,3,8,74,,False,1,2,36,0.651849881080001,2.0,2.0,2.0,3.0,1,False,2,1
18782,2,2,True,9.0,,False,True,True,1.0,2,,3,4,87,,False,1,2,17,1.4379646929,,,2.0,3.0,1,False,2,2
18799,2,3,True,1.0,,False,False,True,1.0,3,1.0,2,7,31,,False,1,1,26,0.62914356385,1.0,1.0,3.0,1.0,1,True,2,2
18848,2,2,True,1.0,,False,True,True,1.0,2,,2,7,64,,True,1,2,48,1.02139197934,2.0,2.0,2.0,3.0,4,False,2,3
18868,2,2,True,1.0,,False,True,True,1.0,2,,3,7,50,,False,1,2,25,0.606233761579999,2.0,2.0,2.0,2.0,1,False,2,1
18878,2,2,False,,,False,False,False,,2,,1,3,18,,False,1,2,9,1.34592688252,,,2.0,1.0,1,False,1,1
18889,2,2,True,1.0,,False,False,False,2.0,3,2.0,1,8,28,,False,1,1,26,0.62914356385,2.0,2.0,3.0,1.0,1,True,2,2
18895,2,2,True,1.0,,False,False,True,3.0,2,,1,8,35,,False,1,2,36,0.606233761579999,2.0,2.0,2.0,2.0,1,False,2,1
18897,2,2,True,1.0,,False,False,True,3.0,3,1.0,2,7,49,,False,1,1,17,0.4677948181,1.0,1.0,3.0,2.0,1,True,2,2
18912,1,9,True,1.0,,False,False,False,2.0,1,,2,7,55,,False,1,2,36,0.62725177236,1.0,1.0,1.0,3.0,1,False,2,1
18959,2,1,True,1.0,,False,False,False,3.0,2,,1,8,72,,False,1,2,6,0.61802746998,2.0,2.0,2.0,3.0,1,False,2,4
18961,2,2,True,1.0,,False,True,False,1.0,2,,1,3,55,,False,2,1,45,1.34335238738,2.0,2.0,2.0,3.0,2,True,1,3
18969,2,1,True,1.0,2.0,False,False,False,2.0,4,2.0,1,7,23,,False,1,2,42,0.730722046899998,6.0,2.0,2.0,1.0,1,False,2,1
18996,2,1,True,2.0,,False,False,True,3.0,3,2.0,3,3,25,,True,1,1,19,1.4062635737,2.0,2.0,3.0,1.0,4,True,1,2
19000,2,3,False,,,False,False,False,,9,9.0,4,2,18,,False,2,1,17,1.140100669,,,3.0,1.0,2,True,1,2
19013,2,2,True,1.0,,False,True,True,1.0,2,,3,7,60,,False,2,2,6,0.644522124400001,2.0,2.0,2.0,3.0,2,False,2,4
19026,2,1,True,1.0,,False,True,True,1.0,2,,3,3,59,,False,1,2,21,1.43317902928,2.0,2.0,2.0,3.0,1,False,1,3
19105,2,2,True,1.0,,False,False,False,3.0,2,,1,8,36,,False,3,1,6,1.1709344537,2.0,2.0,2.0,2.0,3,True,2,4
19112,1,2,True,1.0,,False,False,True,1.0,1,,2,8,54,,False,1,2,34,0.583357015859998,1.0,1.0,1.0,2.0,1,False,2,1
19125,2,2,True,1.0,,False,False,False,1.0,2,,3,8,40,,False,1,2,17,0.58073528032,2.0,2.0,2.0,2.0,1,False,2,2
19131,2,3,True,1.0,,True,False,True,3.0,1,,2,5,51,,False,1,2,19,0.873709995539998,1.0,1.0,1.0,2.0,1,False,2,2
19155,2,2,True,1.0,,False,False,True,1.0,1,,2,5,25,,False,1,1,6,1.44390571986,1.0,1.0,1.0,1.0,1,True,2,4
19173,1,2,True,1.0,,False,False,True,1.0,2,,1,7,68,,False,1,1,27,0.56123550548,2.0,2.0,2.0,3.0,1,True,2,2
19180,1,3,True,1.0,2.0,False,False,False,3.0,2,,2,3,80,,False,1,2,20,1.4379646929,8.0,2.0,2.0,3.0,1,False,1,2
19184,2,2,True,2.0,,False,False,False,3.0,1,,1,5,29,,True,3,2,6,2.17525088514,1.0,1.0,1.0,1.0,4,False,2,4
19187,2,1,False,,,False,False,False,,4,3.0,2,3,18,,True,4,2,6,1.54856474725,,,3.0,1.0,4,False,1,4
19188,2,2,True,1.0,,False,False,False,1.0,4,3.0,3,6,36,,False,2,2,6,0.839929598049998,2.0,2.0,3.0,2.0,2,False,2,4
19191,2,3,True,2.0,,True,False,True,3.0,1,,2,2,33,,False,2,1,22,1.15903244742,1.0,1.0,1.0,1.0,2,True,1,3
19204,2,3,True,1.0,,False,False,True,3.0,4,2.0,1,7,37,,False,1,1,42,0.4883343957,2.0,2.0,2.0,2.0,1,True,2,1
19218,1,3,True,1.0,,False,False,True,3.0,1,,3,7,68,,False,1,2,19,0.600869263259999,1.0,1.0,1.0,3.0,1,False,2,2
19231,2,1,True,1.0,,False,False,False,3.0,4,2.0,1,8,34,,False,1,1,47,0.627049722049998,2.0,2.0,2.0,1.0,1,True,2,3
19238,2,2,False,,,False,False,False,,4,3.0,2,6,60,,False,1,1,6,0.829502581400001,,,3.0,3.0,1,True,2,4
19247,2,2,True,2.0,2.0,False,False,False,3.0,3,2.0,3,7,45,,False,1,2,16,0.628742386449999,6.0,2.0,3.0,2.0,1,False,2,4
19283,1,2,True,2.0,,False,False,False,2.0,1,,3,7,59,,False,1,2,29,0.600869263259999,1.0,1.0,1.0,3.0,1,False,2,2
19372,1,1,False,,,False,False,False,,3,3.0,3,3,59,,False,1,2,39,1.28874194175,,,3.0,3.0,1,False,1,2
19397,2,2,True,1.0,,True,False,True,1.0,1,,2,3,86,,False,1,2,21,1.37909680176,1.0,1.0,1.0,3.0,1,False,1,3
19402,2,1,True,1.0,,False,False,False,1.0,3,1.0,1,7,99,2.0,False,3,1,15,1.04942238775,1.0,1.0,3.0,3.0,3,True,2,4
19410,1,3,True,1.0,,False,False,True,3.0,2,,1,7,23,,False,1,1,39,0.70199176598,2.0,2.0,2.0,1.0,1,True,2,2
19412,1,2,True,1.0,,False,False,True,1.0,1,,2,5,62,,False,1,1,39,0.8998543326,1.0,1.0,1.0,3.0,1,True,2,2
19428,2,1,False,,,False,False,False,,4,9.0,4,3,31,,False,2,2,6,1.192695132,,,3.0,1.0,2,False,1,4
19447,1,2,True,1.0,,False,False,True,1.0,3,2.0,1,8,67,,False,1,2,55,0.55963313735,2.0,2.0,3.0,3.0,1,False,2,2
19458,1,2,True,1.0,,True,False,True,1.0,1,,3,7,83,,False,1,2,18,0.600869263259999,1.0,1.0,1.0,3.0,1,False,2,2
19460,2,2,True,1.0,3.0,False,False,False,3.0,1,,3,8,35,,False,1,2,20,0.55882074144,6.0,3.0,1.0,2.0,1,False,2,2
19469,2,3,True,1.0,,True,False,True,1.0,1,,2,4,50,,False,1,1,18,1.12324474374,1.0,1.0,1.0,2.0,1,True,2,2
19474,1,1,True,1.0,,False,False,True,1.0,3,3.0,3,5,75,,False,1,1,29,0.8380996235,2.0,2.0,3.0,3.0,1,True,2,2
19493,2,1,False,,,False,False,False,,4,9.0,4,2,42,,False,1,1,18,1.04615932015,,,3.0,2.0,1,True,1,2
19495,1,2,True,1.0,,True,False,False,3.0,1,,2,6,89,,False,1,2,55,1.0011813621,1.0,1.0,1.0,3.0,1,False,2,2
19506,1,2,True,1.0,,False,True,True,3.0,2,,3,8,68,,False,1,2,26,0.624432763780002,2.0,2.0,2.0,3.0,1,False,2,2
19623,2,2,True,1.0,,False,False,False,2.0,4,2.0,1,5,35,,False,2,1,17,0.762746536449999,2.0,2.0,2.0,2.0,2,True,2,2
19627,2,2,True,2.0,,False,False,False,2.0,3,2.0,1,8,35,,False,1,2,48,0.628742386449999,2.0,2.0,3.0,2.0,1,False,2,3
19665,2,1,True,1.0,3.0,False,False,False,3.0,3,3.0,3,6,26,,False,1,1,28,1.3542298925,6.0,3.0,3.0,1.0,1,True,2,3
19710,1,2,True,1.0,,False,False,True,3.0,2,,2,7,49,,False,1,2,31,0.58073528032,1.0,1.0,2.0,2.0,1,False,2,2
19732,2,2,True,1.0,,False,False,False,1.0,2,,1,3,47,,False,1,2,19,1.29873526382,2.0,2.0,2.0,2.0,1,False,1,2
19743,2,2,True,1.0,,True,False,True,1.0,1,,2,5,39,,False,1,1,48,0.948644619899998,1.0,1.0,1.0,2.0,1,True,2,3
19769,2,2,True,1.0,1.0,False,False,False,3.0,1,,4,8,29,,False,9,2,8,1.00360341126,8.0,1.0,1.0,1.0,9,False,2,4
19834,2,2,True,1.0,,True,False,True,1.0,1,,2,3,42,,False,1,1,28,1.11950649372,1.0,1.0,1.0,2.0,1,True,1,3
19840,1,2,True,1.0,2.0,False,False,False,3.0,4,2.0,2,5,41,,False,1,2,29,0.813749505650003,6.0,2.0,2.0,2.0,1,False,2,2
19877,1,3,True,1.0,,False,False,True,3.0,1,,3,5,51,,False,1,1,55,0.785284019879998,1.0,1.0,1.0,2.0,1,True,2,2
19927,1,2,True,1.0,1.0,False,False,False,2.0,2,,2,8,37,,False,1,2,31,0.58073528032,3.0,3.0,2.0,2.0,1,False,2,2
19948,2,2,True,1.0,,False,False,False,2.0,4,2.0,1,5,25,,False,1,1,1,1.3542298925,2.0,2.0,2.0,1.0,1,True,2,3
19988,2,2,False,,,False,False,False,,1,,2,3,39,,False,1,1,28,1.11950649372,,,1.0,2.0,1,True,1,3
20039,2,2,True,1.0,,False,True,True,1.0,2,,1,6,53,,False,1,2,17,0.907973132619999,2.0,2.0,2.0,2.0,1,False,2,2
20049,2,1,False,,,False,False,False,,4,2.0,3,5,53,,True,1,2,8,1.33105958915,,,2.0,2.0,4,False,2,4
20060,1,2,True,1.0,,False,True,False,3.0,2,,3,7,35,,False,1,1,27,0.52196053388,2.0,2.0,2.0,2.0,1,True,2,2
20127,2,2,True,1.0,,False,False,True,3.0,2,,3,7,24,,False,2,1,28,0.729649503279999,2.0,2.0,2.0,1.0,2,True,2,3
20148,1,1,True,1.0,,False,True,True,1.0,2,,3,6,50,,False,2,2,17,0.9468976714,2.0,2.0,2.0,2.0,2,False,2,2
20250,2,2,True,1.0,,True,False,True,3.0,3,1.0,2,4,49,,False,1,1,19,1.04615932015,1.0,1.0,3.0,2.0,1,True,2,2
20310,2,3,False,,,False,False,False,,4,1.0,3,7,30,,False,1,1,6,0.622689946899998,,,1.0,1.0,1,True,2,4
20334,2,2,False,,,False,False,False,,1,,3,5,42,,False,9,1,20,0.868050979440002,,,1.0,2.0,9,True,2,2
20373,2,2,True,1.0,,False,False,True,3.0,2,,1,7,49,,False,1,1,48,0.63054263134,2.0,2.0,2.0,2.0,1,True,2,3
20374,2,3,True,1.0,,True,False,True,1.0,1,,2,7,52,,False,1,1,1,0.50059233396,1.0,1.0,1.0,2.0,1,True,2,3
20396,2,3,True,1.0,,False,False,False,1.0,3,1.0,3,3,29,,False,1,1,22,1.03511589315,1.0,1.0,3.0,1.0,1,True,1,3
20441,2,2,False,,,False,False,False,,4,2.0,3,3,23,,False,3,1,15,2.32986991369999,,,2.0,1.0,3,True,1,4
20480,1,2,True,1.0,,False,False,False,1.0,1,,2,7,52,,False,1,2,1,0.55696094076,1.0,1.0,1.0,2.0,1,False,2,3
20481,1,2,False,,,False,False,False,,2,,3,3,52,,True,4,1,40,1.90935573257999,,,2.0,2.0,4,True,1,3
20514,2,3,True,1.0,,False,False,False,2.0,3,1.0,2,3,43,,False,1,1,46,1.04615932015,1.0,1.0,3.0,2.0,1,True,1,2
20516,2,3,True,1.0,,False,False,True,3.0,1,,2,3,20,,True,9,1,48,1.82398004357999,1.0,1.0,1.0,1.0,4,True,1,3
20573,1,2,True,1.0,,False,False,True,3.0,2,,4,5,61,,False,2,2,47,1.08143575142,2.0,2.0,2.0,3.0,2,False,2,3
20602,2,1,True,1.0,,False,True,True,1.0,3,2.0,1,8,53,,False,1,2,35,0.628742386449999,2.0,2.0,3.0,2.0,1,False,2,4
20610,2,1,True,1.0,,False,False,False,3.0,2,,1,7,30,,True,9,2,36,1.1039882298,2.0,2.0,2.0,1.0,4,False,2,1
20611,1,2,True,1.0,1.0,False,False,False,2.0,1,,3,8,58,,False,1,2,1,0.59886952164,7.0,1.0,1.0,3.0,1,False,2,3
20621,1,1,True,1.0,1.0,False,True,False,2.0,3,2.0,3,5,49,,False,1,1,48,0.883541557749999,8.0,1.0,3.0,2.0,1,True,2,3
20631,2,3,True,1.0,,True,False,True,1.0,3,1.0,3,5,70,,False,1,1,6,0.829502581400001,1.0,1.0,3.0,3.0,1,True,2,4
20641,2,2,True,1.0,2.0,False,False,True,1.0,3,2.0,2,7,46,,True,2,2,32,0.851339358349997,8.0,2.0,3.0,2.0,4,False,2,4
20646,2,3,False,,,False,False,False,,1,,2,3,56,,False,1,1,32,1.50237647016,,,1.0,3.0,1,True,1,4
20668,2,2,True,1.0,2.0,False,False,False,2.0,3,2.0,1,7,99,2.0,False,1,1,16,0.565108962049998,3.0,3.0,3.0,3.0,1,True,2,4
20669,1,1,True,1.0,2.0,False,False,False,2.0,3,3.0,3,3,63,,False,1,2,53,1.2755223108,6.0,2.0,3.0,3.0,1,False,1,4
20671,2,2,True,1.0,,False,False,True,3.0,4,2.0,1,7,32,,False,2,2,47,0.7275663008,2.0,2.0,2.0,1.0,2,False,2,3
20683,2,3,True,1.0,,True,False,True,1.0,1,,2,7,57,,False,1,2,48,0.725866539239998,1.0,1.0,1.0,3.0,1,False,2,3
20688,1,1,True,2.0,2.0,False,False,True,3.0,2,,2,6,58,,True,1,1,35,1.52962392004,6.0,2.0,2.0,3.0,4,True,2,4
20707,2,1,True,1.0,9.0,False,False,True,3.0,4,3.0,1,7,27,,False,3,1,6,1.41138233045,8.0,3.0,3.0,1.0,3,True,2,4
20713,1,2,True,1.0,,False,False,False,3.0,3,1.0,3,5,78,,False,1,2,32,1.12645274635,1.0,1.0,3.0,3.0,1,False,2,4
20718,1,2,True,1.0,,False,True,False,9.0,3,2.0,3,8,74,,False,1,1,6,0.49783448215,2.0,2.0,3.0,3.0,1,True,2,4
20720,1,2,True,1.0,,True,False,True,1.0,1,,2,4,73,,False,1,1,6,1.23090371292,1.0,1.0,1.0,3.0,1,True,2,4
20724,2,3,False,,,False,False,False,,3,2.0,2,3,40,,True,4,1,8,1.71121504335,,,3.0,2.0,4,True,1,4
20727,2,2,False,,,False,False,False,,3,3.0,3,2,71,,False,1,2,5,1.2844529036,,,3.0,3.0,1,False,1,3
20728,1,3,True,1.0,2.0,False,False,True,3.0,1,,2,3,61,,False,1,2,53,1.36950816528,8.0,2.0,1.0,3.0,1,False,1,4
20733,2,2,True,1.0,,True,False,True,1.0,1,,2,6,99,9.0,False,1,1,53,0.835482012239998,1.0,1.0,1.0,3.0,1,True,2,4
20742,2,3,True,1.0,1.0,False,False,False,1.0,4,9.0,3,6,36,,False,1,1,53,0.723889520550001,8.0,1.0,3.0,2.0,1,True,2,4
20744,1,1,True,1.0,,False,False,True,3.0,2,,1,3,72,,False,1,1,6,1.27917444676,2.0,2.0,2.0,3.0,1,True,1,4
20763,1,3,True,1.0,,True,False,True,1.0,1,,3,3,60,,False,1,2,4,1.6715497911,1.0,1.0,1.0,3.0,1,False,1,4
20766,2,3,True,1.0,,False,False,True,1.0,3,1.0,2,8,76,,False,1,1,48,0.607630640950002,1.0,1.0,3.0,3.0,1,True,2,3
20773,2,2,True,1.0,,False,False,True,1.0,3,1.0,2,7,50,,False,1,2,4,0.628742386449999,1.0,1.0,3.0,2.0,1,False,2,4
20776,1,2,True,1.0,,False,True,True,3.0,2,,3,4,91,,False,1,2,6,1.42321436784,2.0,2.0,2.0,3.0,1,False,2,4
20778,2,2,True,3.0,1.0,False,False,True,3.0,4,3.0,3,3,99,1.0,False,1,1,34,1.0841731892,6.0,1.0,3.0,3.0,1,True,1,1
20786,1,2,True,1.0,,True,False,True,3.0,1,,2,4,51,,False,3,1,53,2.51981880894,1.0,1.0,1.0,2.0,3,True,2,4
20787,1,2,True,1.0,,True,False,True,1.0,1,,2,5,50,,False,1,2,6,0.86474767068,1.0,1.0,1.0,2.0,1,False,2,4
20789,1,2,True,1.0,,False,False,True,1.0,2,,1,5,81,,False,1,2,6,1.02977073768,2.0,2.0,2.0,3.0,1,False,2,4
20791,1,2,True,1.0,,False,True,True,1.0,2,,3,8,64,,False,1,2,6,0.61802746998,2.0,2.0,2.0,3.0,1,False,2,4
